temperature,rainfall,humidity,population,water_level,pH,turbidity,flow_rate,district,month,year,day_of_week,season,is_weekend,is_holiday,income_level,industrial_activity,tourism,pipe_age,leakage_rate,storage_capacity,forecast_rainfall,forecast_temperature,demand_lag_1m,demand_lag_3m,demand_lag_6m,demand
21.5,222.7,57.9,260201,169.4,6.96,1.82,23.9,Ilala,1,2005,5,Hot,1,0,5,22,22,20,14.1,211121,283.8,20.6,819250,735607,891677,777486
25.9,141.0,84.3,163581,93.1,7.26,1.57,11.1,Ilala,2,2005,1,Hot,0,0,5,22,22,20,14.1,211121,204.6,25.7,777486,642007,724596,708776
22.1,279.3,44.5,313392,192.8,7.63,2.6,49.2,Ilala,3,2005,1,Rainy,0,0,5,22,22,20,14.1,211121,276.6,22.7,708776,808871,798609,900911
33.1,91.9,44.8,91356,159.7,6.71,1.35,54.0,Ilala,4,2005,4,Rainy,0,0,5,22,22,20,14.1,211121,54.4,32.4,900911,777486,366710,400645
28.3,240.7,51.4,441204,141.9,8.37,4.71,33.8,Ilala,5,2005,6,Rainy,1,0,5,22,22,20,14.1,211121,272.0,27.6,400645,708776,1600682,1445723
33.8,23.6,66.0,245957,194.8,7.27,2.76,11.0,Ilala,6,2005,2,Dry,0,0,5,22,22,20,14.1,211121,34.5,35.3,1445723,900911,741146,889893
34.9,297.5,59.4,78657,47.2,7.99,4.28,95.7,Ilala,7,2005,4,Dry,0,0,5,22,22,20,14.1,211121,258.8,35.3,889893,400645,777486,333939
26.4,142.3,58.9,316154,31.4,7.35,3.98,30.8,Ilala,8,2005,0,Dry,0,0,5,22,22,20,14.1,211121,186.2,26.7,333939,1445723,708776,971568
29.8,152.9,60.6,466422,31.6,7.7,3.13,11.9,Ilala,9,2005,3,Dry,0,0,5,22,22,20,14.1,211121,145.4,30.1,971568,889893,900911,1813194
29.3,48.7,79.5,302788,123.7,7.06,1.93,26.7,Ilala,10,2005,5,Dry,1,0,5,22,22,20,14.1,211121,44.4,30.0,1813194,333939,400645,1068063
34.8,228.8,90.7,320009,143.9,8.3,1.71,85.7,Ilala,11,2005,1,Rainy,0,1,5,22,22,20,14.1,211121,229.3,33.1,1068063,971568,1445723,1158056
34.1,297.6,43.7,201677,12.6,7.44,1.75,82.9,Ilala,12,2005,3,Short Rains,0,1,5,22,22,20,14.1,211121,352.2,33.3,1158056,1813194,889893,757459
24.8,255.9,85.7,96056,116.3,7.79,3.99,90.9,Ilala,1,2006,6,Hot,1,0,5,22,22,20,14.1,211121,337.5,25.1,757459,1068063,333939,320120
32.0,274.2,51.2,294260,97.2,6.73,2.27,25.1,Ilala,2,2006,2,Hot,0,0,5,22,22,20,14.1,211121,369.8,31.7,320120,1158056,971568,1097028
31.5,126.9,91.6,376486,155.0,8.04,0.98,55.9,Ilala,3,2006,2,Rainy,0,0,5,22,22,20,14.1,211121,116.7,30.8,1097028,757459,1813194,1400735
24.8,177.5,55.7,93291,163.7,7.39,3.04,96.3,Ilala,4,2006,5,Rainy,1,0,5,22,22,20,14.1,211121,164.4,25.9,1400735,320120,1068063,406892
24.2,25.1,54.7,296276,100.9,7.74,0.55,34.7,Ilala,5,2006,0,Rainy,0,0,5,22,22,20,14.1,211121,16.8,24.3,406892,1097028,1158056,1180296
21.7,287.2,67.7,178118,57.6,8.35,3.15,11.5,Ilala,6,2006,3,Dry,0,0,5,22,22,20,14.1,211121,367.7,21.6,1180296,1400735,757459,704749
31.5,183.2,75.6,92166,61.4,8.47,4.14,80.1,Ilala,7,2006,5,Dry,1,0,5,22,22,20,14.1,211121,236.9,31.9,704749,406892,320120,342860
28.1,39.7,53.4,171484,108.7,7.33,3.3,79.2,Ilala,8,2006,1,Dry,0,0,5,22,22,20,14.1,211121,20.8,28.6,342860,1180296,1097028,846535
33.2,248.8,41.5,164101,151.5,8.39,1.16,57.1,Ilala,9,2006,4,Dry,0,0,5,22,22,20,14.1,211121,334.3,32.7,846535,704749,1400735,636948
24.7,132.7,84.2,328154,20.3,6.92,1.17,47.1,Ilala,10,2006,6,Dry,1,0,5,22,22,20,14.1,211121,197.8,24.3,636948,342860,406892,1244688
22.7,131.2,71.7,148707,135.9,8.31,4.99,21.4,Ilala,11,2006,2,Rainy,0,0,5,22,22,20,14.1,211121,124.3,23.8,1244688,846535,1180296,614364
32.4,269.9,58.4,157986,109.0,7.68,1.37,67.9,Ilala,12,2006,4,Short Rains,0,0,5,22,22,20,14.1,211121,393.9,31.1,614364,636948,704749,581365
28.7,106.7,52.8,413626,91.6,7.05,0.83,31.0,Ilala,1,2007,0,Hot,0,0,5,22,22,20,14.1,211121,114.7,29.4,581365,1244688,342860,1350959
23.9,47.9,70.4,390487,179.6,7.22,2.95,88.3,Ilala,2,2007,3,Hot,0,0,5,22,22,20,14.1,211121,50.2,24.5,1350959,614364,846535,1626538
20.3,209.4,86.9,115086,12.3,8.23,3.63,61.3,Ilala,3,2007,3,Rainy,0,0,5,22,22,20,14.1,211121,222.0,21.1,1626538,581365,636948,463630
25.1,222.8,54.6,321246,106.7,6.9,1.66,13.5,Ilala,4,2007,6,Rainy,1,0,5,22,22,20,14.1,211121,176.2,26.3,463630,1350959,1244688,1065310
28.6,19.4,71.1,378564,58.4,8.36,2.35,44.3,Ilala,5,2007,1,Rainy,0,0,5,22,22,20,14.1,211121,12.8,27.7,1065310,1626538,614364,1431312
22.4,257.6,55.4,117463,56.9,6.5,1.43,88.0,Ilala,6,2007,4,Dry,0,0,5,22,22,20,14.1,211121,279.7,22.5,1431312,463630,581365,448017
24.1,20.8,47.2,388723,183.9,7.82,3.55,15.4,Ilala,7,2007,6,Dry,1,0,5,22,22,20,14.1,211121,17.4,25.1,448017,1065310,1350959,1635783
22.0,191.0,48.0,443402,100.5,8.28,4.09,29.4,Ilala,8,2007,2,Dry,0,0,5,22,22,20,14.1,211121,190.9,20.9,1635783,1431312,1626538,1636237
25.9,64.4,79.3,475578,92.7,7.86,2.92,67.3,Ilala,9,2007,5,Dry,1,0,5,22,22,20,14.1,211121,33.0,27.1,1636237,448017,463630,1522366
22.8,4.9,59.2,417684,92.2,8.25,3.91,87.3,Ilala,10,2007,0,Dry,0,0,5,22,22,20,14.1,211121,3.5,21.9,1522366,1635783,1065310,1734277
33.2,182.9,87.2,229572,29.5,6.57,3.68,12.3,Ilala,11,2007,3,Rainy,0,0,5,22,22,20,14.1,211121,251.4,34.6,1734277,1636237,1431312,947975
23.5,293.7,62.1,325176,102.8,7.49,1.09,98.5,Ilala,12,2007,5,Short Rains,1,0,5,22,22,20,14.1,211121,160.6,23.5,947975,1522366,448017,1118225
27.4,36.4,52.6,359035,107.4,8.46,2.49,55.6,Ilala,1,2008,1,Hot,0,0,5,22,22,20,14.1,211121,27.1,27.2,1118225,1734277,1635783,1107832
30.5,285.0,65.8,386012,28.4,7.41,2.21,92.3,Ilala,2,2008,4,Hot,0,0,5,22,22,20,14.1,211121,227.6,29.2,1107832,947975,1636237,1504389
26.5,10.2,71.1,413271,106.4,7.13,2.94,52.8,Ilala,3,2008,5,Rainy,1,0,5,22,22,20,14.1,211121,6.5,27.6,1504389,1118225,1522366,1286118
29.0,256.4,67.1,449133,116.6,7.09,1.05,24.2,Ilala,4,2008,1,Rainy,0,0,5,22,22,20,14.1,211121,244.1,28.4,1286118,1107832,1734277,1756822
23.3,109.5,40.5,370969,37.4,7.82,3.04,95.1,Ilala,5,2008,3,Rainy,0,1,5,22,22,20,14.1,211121,88.9,24.4,1756822,1504389,947975,1310181
27.6,217.4,61.5,268322,70.0,7.83,4.35,63.2,Ilala,6,2008,6,Dry,1,0,5,22,22,20,14.1,211121,135.3,27.9,1310181,1286118,1118225,1069769
32.6,19.5,51.6,267471,196.2,6.79,3.43,47.2,Ilala,7,2008,1,Dry,0,0,5,22,22,20,14.1,211121,22.8,31.2,1069769,1756822,1107832,908457
30.6,282.9,59.3,115580,174.0,6.5,4.17,84.7,Ilala,8,2008,4,Dry,0,0,5,22,22,20,14.1,211121,268.1,30.2,908457,1310181,1504389,508686
27.8,162.4,77.3,91901,59.4,7.67,1.32,58.3,Ilala,9,2008,0,Dry,0,0,5,22,22,20,14.1,211121,237.7,27.8,508686,1069769,1286118,467983
24.4,232.7,78.5,410541,129.0,7.71,4.75,91.7,Ilala,10,2008,2,Dry,0,0,5,22,22,20,14.1,211121,181.7,25.5,467983,908457,1756822,1476882
30.5,267.7,72.8,266748,56.9,7.99,4.02,90.1,Ilala,11,2008,5,Rainy,1,0,5,22,22,20,14.1,211121,296.7,29.2,1476882,508686,1310181,1098499
34.1,247.5,67.2,56739,109.1,6.53,0.72,19.3,Ilala,12,2008,0,Short Rains,0,0,5,22,22,20,14.1,211121,290.7,32.4,1098499,467983,1069769,230056
22.9,54.8,59.3,440304,122.9,6.63,0.91,24.4,Ilala,1,2009,3,Hot,0,0,5,22,22,20,14.1,211121,55.0,21.9,230056,1476882,908457,1395625
24.2,201.0,68.0,240817,92.9,7.41,1.38,14.8,Ilala,2,2009,6,Hot,1,1,5,22,22,20,14.1,211121,109.5,23.3,1395625,1098499,508686,1027518
34.5,185.1,53.2,286292,194.1,7.45,3.11,21.9,Ilala,3,2009,6,Rainy,1,0,5,22,22,20,14.1,211121,105.4,35.5,1027518,230056,467983,838044
21.1,239.8,85.5,446848,97.0,7.07,1.81,21.4,Ilala,4,2009,2,Rainy,0,0,5,22,22,20,14.1,211121,230.4,20.2,838044,1395625,1476882,1568941
28.1,158.2,43.6,102589,172.2,7.95,3.35,27.4,Ilala,5,2009,4,Rainy,0,0,5,22,22,20,14.1,211121,163.1,27.5,1568941,1027518,1098499,379331
22.0,297.0,83.6,132468,22.5,6.91,3.25,29.6,Ilala,6,2009,0,Dry,0,0,5,22,22,20,14.1,211121,201.7,22.3,379331,838044,230056,383720
20.1,185.5,43.3,502349,58.0,6.99,3.77,31.8,Ilala,7,2009,2,Dry,0,0,5,22,22,20,14.1,211121,231.3,20.8,383720,1568941,1395625,2032366
28.3,263.0,54.2,353195,199.6,8.04,3.35,29.8,Ilala,8,2009,5,Dry,1,0,5,22,22,20,14.1,211121,183.0,28.0,2032366,379331,1027518,1425683
29.1,225.1,93.0,317368,130.9,7.92,4.9,41.7,Ilala,9,2009,1,Dry,0,0,5,22,22,20,14.1,211121,236.4,30.0,1425683,383720,838044,958596
25.0,106.2,76.0,344699,16.6,7.1,2.56,17.1,Ilala,10,2009,3,Dry,0,0,5,22,22,20,14.1,211121,155.2,26.2,958596,2032366,1568941,1172677
30.4,265.0,63.1,160870,40.7,6.69,4.62,81.0,Ilala,11,2009,6,Rainy,1,0,5,22,22,20,14.1,211121,230.8,29.3,1172677,1425683,379331,582268
22.2,25.3,45.2,154805,35.6,7.21,2.63,20.5,Ilala,12,2009,1,Short Rains,0,0,5,22,22,20,14.1,211121,34.5,22.3,582268,958596,383720,618720
29.0,192.5,69.8,216034,84.5,7.24,3.85,88.7,Ilala,1,2010,4,Hot,0,0,5,22,22,20,14.1,211121,276.0,29.4,618720,1172677,2032366,816823
21.1,236.8,87.3,143952,69.2,6.96,3.62,34.6,Ilala,2,2010,0,Hot,0,0,5,22,22,20,14.1,211121,296.1,21.9,816823,582268,1425683,504288
33.4,221.2,46.5,150453,178.4,6.51,3.65,44.8,Ilala,3,2010,0,Rainy,0,0,5,22,22,20,14.1,211121,297.6,32.3,504288,618720,958596,679804
25.1,211.4,61.4,90956,173.1,7.04,2.42,10.7,Ilala,4,2010,3,Rainy,0,0,5,22,22,20,14.1,211121,136.0,24.2,679804,816823,1172677,389961
26.7,93.5,74.3,341409,85.2,7.97,3.93,37.4,Ilala,5,2010,5,Rainy,1,0,5,22,22,20,14.1,211121,115.3,25.8,389961,504288,582268,1085042
26.1,150.7,87.9,453806,171.5,7.43,1.49,33.7,Ilala,6,2010,1,Dry,0,0,5,22,22,20,14.1,211121,137.8,24.9,1085042,679804,618720,1794133
28.2,52.2,79.6,167834,197.9,7.72,3.27,69.3,Ilala,7,2010,3,Dry,0,0,5,22,22,20,14.1,211121,57.6,28.4,1794133,389961,816823,627610
26.3,250.5,64.7,60654,47.5,7.46,2.57,70.1,Ilala,8,2010,6,Dry,1,0,5,22,22,20,14.1,211121,370.5,26.5,627610,1085042,504288,303221
29.1,115.2,77.7,439618,115.7,7.62,0.67,87.2,Ilala,9,2010,2,Dry,0,0,5,22,22,20,14.1,211121,78.2,27.9,303221,1794133,679804,1377957
32.4,59.7,58.2,404302,132.5,7.56,1.67,80.9,Ilala,10,2010,4,Dry,0,1,5,22,22,20,14.1,211121,67.3,32.7,1377957,627610,389961,1212528
22.8,156.3,87.4,198440,133.9,8.16,3.85,27.6,Ilala,11,2010,0,Rainy,0,0,5,22,22,20,14.1,211121,127.6,23.1,1212528,303221,1085042,656962
30.2,214.1,53.3,225710,65.4,6.73,4.83,91.1,Ilala,12,2010,2,Short Rains,0,0,5,22,22,20,14.1,211121,151.7,31.3,656962,1377957,1794133,892936
31.4,251.9,92.4,383675,85.2,7.06,2.16,46.3,Ilala,1,2011,5,Hot,1,0,5,22,22,20,14.1,211121,213.0,31.5,892936,1212528,627610,1152932
28.7,99.8,47.1,258621,74.7,6.88,4.39,58.0,Ilala,2,2011,1,Hot,0,0,5,22,22,20,14.1,211121,60.0,28.5,1152932,656962,303221,1177221
25.9,230.5,60.4,435852,53.6,7.39,4.06,13.9,Ilala,3,2011,1,Rainy,0,0,5,22,22,20,14.1,211121,146.3,25.9,1177221,892936,1377957,1707949
31.6,268.3,93.6,101285,140.9,7.75,4.53,27.7,Ilala,4,2011,4,Rainy,0,0,5,22,22,20,14.1,211121,182.4,30.6,1707949,1152932,1212528,463129
31.6,192.0,77.7,471056,154.0,8.09,0.76,22.3,Ilala,5,2011,6,Rainy,1,0,5,22,22,20,14.1,211121,273.5,32.9,463129,1177221,656962,1499260
25.4,71.4,94.0,243399,175.6,7.31,4.79,84.4,Ilala,6,2011,2,Dry,0,0,5,22,22,20,14.1,211121,57.6,24.6,1499260,1707949,892936,920144
31.7,2.8,69.6,206355,117.5,7.15,4.05,93.8,Ilala,7,2011,4,Dry,0,0,5,22,22,20,14.1,211121,3.1,32.7,920144,463129,1152932,1019786
31.2,91.9,45.7,64573,189.5,8.36,4.38,61.2,Ilala,8,2011,0,Dry,0,0,5,22,22,20,14.1,211121,103.4,30.8,1019786,1499260,1177221,330469
31.7,251.8,77.3,383851,119.0,6.86,3.11,71.4,Ilala,9,2011,3,Dry,0,0,5,22,22,20,14.1,211121,205.6,31.0,330469,920144,1707949,1394024
32.3,63.7,77.2,457990,171.6,6.82,3.76,80.5,Ilala,10,2011,5,Dry,1,0,5,22,22,20,14.1,211121,50.4,31.7,1394024,1019786,463129,1746840
31.7,74.9,55.9,332139,94.1,8.03,0.66,91.3,Ilala,11,2011,1,Rainy,0,1,5,22,22,20,14.1,211121,73.2,30.3,1746840,330469,1499260,1389667
23.5,187.0,65.7,158768,140.8,6.8,4.94,70.6,Ilala,12,2011,3,Short Rains,0,0,5,22,22,20,14.1,211121,181.8,24.6,1389667,1394024,920144,499994
24.5,82.2,93.7,431802,124.0,8.35,1.48,71.0,Ilala,1,2012,6,Hot,1,1,5,22,22,20,14.1,211121,77.6,24.0,499994,1746840,1019786,1653166
20.3,281.7,82.1,461050,158.5,7.86,1.39,26.7,Ilala,2,2012,2,Hot,0,0,5,22,22,20,14.1,211121,412.9,21.0,1653166,1389667,330469,1616809
26.9,140.4,46.7,458450,170.6,6.76,3.76,22.9,Ilala,3,2012,3,Rainy,0,0,5,22,22,20,14.1,211121,110.5,25.6,1616809,499994,1394024,1684272
29.8,155.3,75.5,129753,178.1,8.0,2.66,70.8,Ilala,4,2012,6,Rainy,1,0,5,22,22,20,14.1,211121,111.0,29.1,1684272,1653166,1746840,623897
33.1,158.4,52.4,509720,23.5,7.29,2.22,18.8,Ilala,5,2012,1,Rainy,0,0,5,22,22,20,14.1,211121,105.7,33.5,623897,1616809,1389667,1763186
24.7,17.5,43.2,211003,17.1,7.97,3.68,37.9,Ilala,6,2012,4,Dry,0,0,5,22,22,20,14.1,211121,24.1,25.3,1763186,1684272,499994,725800
29.3,266.1,90.9,448297,26.0,6.71,4.46,30.2,Ilala,7,2012,6,Dry,1,0,5,22,22,20,14.1,211121,352.6,28.8,725800,623897,1653166,1354704
22.6,123.2,58.7,149695,83.2,6.91,1.73,96.5,Ilala,8,2012,2,Dry,0,0,5,22,22,20,14.1,211121,138.2,23.6,1354704,1763186,1616809,648784
31.4,90.5,64.4,144734,92.5,6.79,0.59,95.6,Ilala,9,2012,5,Dry,1,0,5,22,22,20,14.1,211121,113.1,31.8,648784,725800,1684272,705166
20.8,45.8,77.5,393257,17.5,6.51,3.85,15.1,Ilala,10,2012,0,Dry,0,0,5,22,22,20,14.1,211121,43.2,21.6,705166,1354704,623897,1473289
25.6,238.6,41.0,170292,181.5,7.23,4.57,78.9,Ilala,11,2012,3,Rainy,0,0,5,22,22,20,14.1,211121,335.0,24.8,1473289,648784,1763186,693945
23.1,118.0,72.3,478879,94.7,8.33,2.64,42.5,Ilala,12,2012,5,Short Rains,1,0,5,22,22,20,14.1,211121,90.7,23.1,693945,705166,725800,1731519
31.6,253.9,61.7,353433,159.9,7.95,2.22,83.4,Ilala,1,2013,1,Hot,0,0,5,22,22,20,14.1,211121,342.9,30.1,1731519,1473289,1354704,1055105
33.2,71.8,78.9,401715,140.5,6.9,1.53,28.7,Ilala,2,2013,4,Hot,0,0,5,22,22,20,14.1,211121,82.2,33.3,1055105,693945,648784,1482665
34.8,12.1,45.6,415736,187.1,7.38,2.72,30.7,Ilala,3,2013,4,Rainy,0,0,5,22,22,20,14.1,211121,8.4,33.6,1482665,1731519,705166,1722713
32.9,234.6,88.1,215969,168.3,6.54,3.79,28.6,Ilala,4,2013,0,Rainy,0,0,5,22,22,20,14.1,211121,266.8,33.2,1722713,1055105,1473289,778311
31.4,213.8,50.6,89228,30.1,6.68,3.13,25.0,Ilala,5,2013,2,Rainy,0,0,5,22,22,20,14.1,211121,306.1,31.0,778311,1482665,693945,403259
24.6,285.0,63.3,418076,22.2,6.96,0.83,31.1,Ilala,6,2013,5,Dry,1,0,5,22,22,20,14.1,211121,385.9,25.7,403259,1722713,1731519,1445371
34.9,287.7,73.4,170181,170.9,7.59,2.8,84.1,Ilala,7,2013,0,Dry,0,1,5,22,22,20,14.1,211121,156.7,33.7,1445371,778311,1055105,551774
33.0,143.6,80.3,286630,51.8,6.7,3.37,30.4,Ilala,8,2013,3,Dry,0,1,5,22,22,20,14.1,211121,161.9,34.3,551774,403259,1482665,987042
27.9,183.1,45.9,502472,164.5,7.72,2.69,75.6,Ilala,9,2013,6,Dry,1,1,5,22,22,20,14.1,211121,151.6,27.9,987042,1445371,1722713,1657204
21.0,71.2,57.9,301484,180.5,7.29,1.25,75.5,Ilala,10,2013,1,Dry,0,0,5,22,22,20,14.1,211121,85.4,21.8,1657204,551774,778311,1299567
27.6,70.7,41.6,436660,124.5,8.15,2.07,22.2,Ilala,11,2013,4,Rainy,0,0,5,22,22,20,14.1,211121,73.6,28.1,1299567,987042,403259,1807911
29.8,181.1,44.7,292696,159.2,8.47,3.41,94.0,Ilala,12,2013,6,Short Rains,1,0,5,22,22,20,14.1,211121,94.6,31.1,1807911,1657204,1445371,972494
21.8,49.2,52.6,219765,102.9,7.11,4.38,42.8,Ilala,1,2014,2,Hot,0,0,5,22,22,20,14.1,211121,27.8,20.8,972494,1299567,551774,871377
23.2,156.9,94.2,201918,10.4,8.24,4.27,84.8,Ilala,2,2014,5,Hot,1,0,5,22,22,20,14.1,211121,213.0,22.9,871377,1807911,987042,895695
30.9,145.0,70.7,433953,32.1,6.83,3.13,12.5,Ilala,3,2014,5,Rainy,1,0,5,22,22,20,14.1,211121,208.0,31.8,895695,972494,1657204,1526820
25.1,13.8,81.3,114664,52.2,8.33,4.11,71.6,Ilala,4,2014,1,Rainy,0,0,5,22,22,20,14.1,211121,14.2,24.8,1526820,871377,1299567,508489
26.0,192.3,87.7,343375,16.9,8.12,0.77,15.9,Ilala,5,2014,3,Rainy,0,0,5,22,22,20,14.1,211121,107.9,26.9,508489,895695,1807911,1365345
22.6,125.1,80.1,395610,62.5,7.59,3.0,41.8,Ilala,6,2014,6,Dry,1,0,5,22,22,20,14.1,211121,124.1,21.6,1365345,1526820,972494,1280528
30.5,84.1,93.4,215600,28.4,6.76,0.55,58.2,Ilala,7,2014,1,Dry,0,0,5,22,22,20,14.1,211121,102.4,31.3,1280528,508489,871377,715783
28.6,21.3,50.6,230346,75.5,7.35,0.67,69.8,Ilala,8,2014,4,Dry,0,0,5,22,22,20,14.1,211121,31.6,29.0,715783,1365345,895695,851907
30.9,141.5,50.4,120728,65.4,7.34,2.09,83.0,Ilala,9,2014,0,Dry,0,0,5,22,22,20,14.1,211121,134.2,32.1,851907,1280528,1526820,455709
30.3,27.6,94.5,419881,84.7,6.8,2.49,100.0,Ilala,10,2014,2,Dry,0,0,5,22,22,20,14.1,211121,31.7,29.5,455709,715783,508489,1537430
23.1,217.8,70.0,357107,125.7,8.47,1.3,17.8,Ilala,11,2014,5,Rainy,1,0,5,22,22,20,14.1,211121,309.2,23.9,1537430,851907,1365345,1166832
25.0,50.3,71.2,295178,128.9,6.86,1.04,44.4,Ilala,12,2014,0,Short Rains,0,0,5,22,22,20,14.1,211121,59.9,24.6,1166832,455709,1280528,1256200
34.0,38.1,53.3,167799,142.4,7.76,2.81,29.7,Ilala,1,2015,3,Hot,0,0,5,22,22,20,14.1,211121,33.7,33.2,1256200,1537430,715783,824953
22.5,20.6,50.9,507766,184.0,6.73,4.13,12.4,Ilala,2,2015,6,Hot,1,0,5,22,22,20,14.1,211121,17.0,23.3,824953,1166832,851907,2191409
31.0,120.2,90.4,139155,61.3,7.67,4.59,83.9,Ilala,3,2015,6,Rainy,1,0,5,22,22,20,14.1,211121,131.6,30.2,2191409,1256200,455709,619275
31.1,220.9,68.0,253646,64.2,8.0,1.42,54.7,Ilala,4,2015,2,Rainy,0,0,5,22,22,20,14.1,211121,213.5,32.5,619275,824953,1537430,759585
34.8,191.8,59.7,382752,84.3,7.45,0.5,15.6,Ilala,5,2015,4,Rainy,0,0,5,22,22,20,14.1,211121,235.9,35.3,759585,2191409,1166832,1198616
31.8,82.8,76.7,380132,144.0,8.27,2.14,80.7,Ilala,6,2015,0,Dry,0,0,5,22,22,20,14.1,211121,97.0,31.6,1198616,619275,1256200,1611829
22.4,48.5,88.6,347434,75.9,7.5,2.33,29.3,Ilala,7,2015,2,Dry,0,0,5,22,22,20,14.1,211121,43.4,21.4,1611829,759585,824953,1137238
24.0,73.9,84.4,397403,128.7,6.87,4.85,73.6,Ilala,8,2015,5,Dry,1,0,5,22,22,20,14.1,211121,63.4,23.1,1137238,1198616,2191409,1581281
23.9,119.6,53.1,86152,81.6,6.79,1.52,23.4,Ilala,9,2015,1,Dry,0,0,5,22,22,20,14.1,211121,149.3,23.3,1581281,1611829,619275,411727
26.2,65.2,86.3,493065,198.3,7.26,1.05,84.2,Ilala,10,2015,3,Dry,0,0,5,22,22,20,14.1,211121,66.7,27.3,411727,1137238,759585,1989624
27.2,143.7,94.4,365299,121.0,6.99,1.4,99.5,Ilala,11,2015,6,Rainy,1,0,5,22,22,20,14.1,211121,200.1,26.3,1989624,1581281,1198616,1303720
21.9,179.1,91.8,170227,139.7,7.69,1.36,37.0,Ilala,12,2015,1,Short Rains,0,0,5,22,22,20,14.1,211121,96.9,21.6,1303720,411727,1611829,533236
29.1,188.7,68.8,137468,116.6,6.9,4.59,37.3,Ilala,1,2016,4,Hot,0,0,5,22,22,20,14.1,211121,152.0,29.1,533236,1989624,1137238,469217
33.4,136.9,48.5,448662,153.9,6.52,1.06,86.0,Ilala,2,2016,0,Hot,0,1,5,22,22,20,14.1,211121,109.6,32.3,469217,1303720,1581281,1755708
29.4,262.2,65.0,336051,197.6,8.04,0.55,72.3,Ilala,3,2016,1,Rainy,0,0,5,22,22,20,14.1,211121,375.7,28.9,1755708,533236,411727,1307690
20.3,154.1,82.4,116448,32.7,8.27,4.26,65.9,Ilala,4,2016,4,Rainy,0,0,5,22,22,20,14.1,211121,104.4,19.9,1307690,469217,1989624,473930
22.6,33.0,71.0,277169,184.1,6.55,3.05,81.5,Ilala,5,2016,6,Rainy,1,0,5,22,22,20,14.1,211121,17.6,23.7,473930,1755708,1303720,1222533
20.4,141.3,73.5,232248,74.2,8.0,0.7,42.4,Ilala,6,2016,2,Dry,0,0,5,22,22,20,14.1,211121,159.5,20.7,1222533,1307690,533236,849341
30.8,222.5,81.5,358272,197.8,7.76,4.38,38.2,Ilala,7,2016,4,Dry,0,0,5,22,22,20,14.1,211121,174.2,30.7,849341,473930,469217,1324594
27.6,98.4,55.8,107472,128.6,6.51,3.98,45.6,Ilala,8,2016,0,Dry,0,0,5,22,22,20,14.1,211121,137.3,27.4,1324594,1222533,1755708,483713
26.7,66.6,74.5,499093,158.1,7.76,1.41,21.9,Ilala,9,2016,3,Dry,0,0,5,22,22,20,14.1,211121,92.4,26.3,483713,849341,1307690,1613674
23.9,70.3,79.5,206177,188.4,7.87,4.01,76.2,Ilala,10,2016,5,Dry,1,0,5,22,22,20,14.1,211121,102.1,24.9,1613674,1324594,473930,921191
29.3,288.4,77.9,103663,89.6,7.86,0.81,54.5,Ilala,11,2016,1,Rainy,0,0,5,22,22,20,14.1,211121,158.3,28.8,921191,483713,1222533,331692
28.5,293.0,83.2,316126,69.1,8.42,2.14,28.7,Ilala,12,2016,3,Short Rains,0,0,5,22,22,20,14.1,211121,337.4,28.3,331692,1613674,849341,1266334
31.7,179.9,59.8,415611,79.1,8.09,1.84,74.9,Ilala,1,2017,6,Hot,1,0,5,22,22,20,14.1,211121,172.0,31.0,1266334,921191,1324594,1748669
20.5,280.3,74.2,285864,39.5,7.66,3.62,55.2,Ilala,2,2017,2,Hot,0,0,5,22,22,20,14.1,211121,176.0,19.8,1748669,331692,483713,1009857
28.2,180.9,80.2,370269,164.7,7.69,4.83,94.4,Ilala,3,2017,2,Rainy,0,0,5,22,22,20,14.1,211121,175.1,28.9,1009857,1266334,1613674,1192896
33.0,98.8,89.9,198049,18.9,6.5,1.43,80.6,Ilala,4,2017,5,Rainy,1,0,5,22,22,20,14.1,211121,55.9,31.5,1192896,1748669,921191,796874
23.9,7.9,81.6,444144,71.8,7.71,3.04,94.1,Ilala,5,2017,0,Rainy,0,1,5,22,22,20,14.1,211121,9.4,22.8,796874,1009857,331692,1931239
31.3,169.7,85.5,261203,117.5,7.59,2.58,92.0,Ilala,6,2017,3,Dry,0,0,5,22,22,20,14.1,211121,121.3,31.9,1931239,1192896,1266334,867075
24.8,257.7,61.9,63909,50.0,7.85,2.06,59.1,Ilala,7,2017,5,Dry,1,0,5,22,22,20,14.1,211121,149.1,25.1,867075,796874,1748669,301420
31.1,144.6,60.1,210992,84.4,7.23,2.09,66.8,Ilala,8,2017,1,Dry,0,0,5,22,22,20,14.1,211121,92.9,32.4,301420,1931239,1009857,725348
32.9,64.6,61.2,140366,145.0,7.94,4.11,28.5,Ilala,9,2017,4,Dry,0,0,5,22,22,20,14.1,211121,62.3,32.2,725348,867075,1192896,631832
26.9,27.3,89.3,513300,10.9,8.37,4.26,63.2,Ilala,10,2017,6,Dry,1,0,5,22,22,20,14.1,211121,31.2,27.0,631832,301420,796874,2050543
30.1,206.7,68.7,515918,179.0,7.27,1.0,65.6,Ilala,11,2017,2,Rainy,0,0,5,22,22,20,14.1,211121,148.4,30.5,2050543,725348,1931239,1727856
33.7,228.4,61.4,498265,128.8,6.55,1.33,19.1,Ilala,12,2017,4,Short Rains,0,0,5,22,22,20,14.1,211121,134.4,35.4,1727856,631832,867075,1620440
34.8,87.3,55.0,446158,163.9,7.82,1.93,36.4,Ilala,1,2018,0,Hot,0,0,5,22,22,20,14.1,211121,58.1,34.8,1620440,2050543,301420,1901866
27.5,288.4,68.0,193814,32.2,7.23,0.7,26.9,Ilala,2,2018,3,Hot,0,1,5,22,22,20,14.1,211121,215.2,27.7,1901866,1727856,725348,551564
22.3,216.1,46.4,159914,59.7,7.26,2.42,49.3,Ilala,3,2018,3,Rainy,0,0,5,22,22,20,14.1,211121,162.5,22.3,551564,1620440,631832,492231
24.9,128.9,65.4,517421,70.2,6.79,3.97,98.8,Ilala,4,2018,6,Rainy,1,0,5,22,22,20,14.1,211121,89.7,23.7,492231,1901866,2050543,2100055
24.0,36.2,75.1,500793,72.8,8.41,3.88,53.9,Ilala,5,2018,1,Rainy,0,0,5,22,22,20,14.1,211121,43.4,23.1,2100055,551564,1727856,1656497
26.1,74.7,46.5,130719,133.7,6.62,3.08,75.7,Ilala,6,2018,4,Dry,0,0,5,22,22,20,14.1,211121,43.0,25.7,1656497,492231,1620440,595627
28.6,266.3,91.9,499298,136.2,7.73,3.19,67.6,Ilala,7,2018,6,Dry,1,0,5,22,22,20,14.1,211121,305.3,28.1,595627,2100055,1901866,2053486
29.9,276.0,83.7,312992,108.6,6.88,0.83,93.2,Ilala,8,2018,2,Dry,0,0,5,22,22,20,14.1,211121,253.9,29.8,2053486,1656497,551564,904188
23.5,142.6,52.5,131484,36.2,7.12,4.63,38.7,Ilala,9,2018,5,Dry,1,0,5,22,22,20,14.1,211121,120.0,23.8,904188,595627,492231,591343
20.1,290.1,63.0,383161,168.4,7.74,4.64,92.9,Ilala,10,2018,0,Dry,0,0,5,22,22,20,14.1,211121,218.3,20.2,591343,2053486,2100055,1323862
25.7,296.1,88.1,231569,175.0,8.13,0.53,51.9,Ilala,11,2018,3,Rainy,0,0,5,22,22,20,14.1,211121,354.3,25.8,1323862,904188,1656497,969207
20.5,161.7,67.6,399083,183.9,7.26,0.71,61.5,Ilala,12,2018,5,Short Rains,1,0,5,22,22,20,14.1,211121,115.9,19.8,969207,591343,595627,1257241
20.2,28.5,94.0,242527,40.9,7.76,1.23,40.2,Ilala,1,2019,1,Hot,0,0,5,22,22,20,14.1,211121,29.8,19.2,1257241,1323862,2053486,1073593
28.1,186.4,51.2,320064,41.0,7.27,2.57,89.5,Ilala,2,2019,4,Hot,0,0,5,22,22,20,14.1,211121,119.7,28.3,1073593,969207,904188,1160731
25.2,159.2,71.3,354685,11.1,7.21,0.53,86.4,Ilala,3,2019,4,Rainy,0,0,5,22,22,20,14.1,211121,152.7,25.5,1160731,1257241,591343,1517489
24.8,114.0,78.5,302163,153.0,7.58,4.56,60.6,Ilala,4,2019,0,Rainy,0,0,5,22,22,20,14.1,211121,73.7,23.9,1517489,1073593,1323862,890911
28.2,295.2,86.3,176372,183.1,7.0,3.26,59.0,Ilala,5,2019,2,Rainy,0,0,5,22,22,20,14.1,211121,184.9,27.5,890911,1160731,969207,602975
30.9,45.0,89.7,278417,129.6,6.84,2.29,49.9,Ilala,6,2019,5,Dry,1,0,5,22,22,20,14.1,211121,55.8,30.3,602975,1517489,1257241,1189587
29.5,276.3,89.8,364617,121.0,7.23,4.09,48.9,Ilala,7,2019,0,Dry,0,0,5,22,22,20,14.1,211121,412.3,30.3,1189587,890911,1073593,1080044
21.2,108.9,84.4,299213,102.1,8.07,4.52,35.0,Ilala,8,2019,3,Dry,0,1,5,22,22,20,14.1,211121,160.6,21.8,1080044,602975,1160731,1043997
33.5,237.2,51.0,239930,99.0,7.71,0.76,59.6,Ilala,9,2019,6,Dry,1,0,5,22,22,20,14.1,211121,211.2,33.6,1043997,1189587,1517489,882971
22.1,285.1,88.4,409437,145.1,7.63,0.56,25.1,Ilala,10,2019,1,Dry,0,0,5,22,22,20,14.1,211121,242.5,22.2,882971,1080044,890911,1423299
28.9,80.9,85.1,480245,141.5,8.4,2.86,95.9,Ilala,11,2019,4,Rainy,0,0,5,22,22,20,14.1,211121,112.5,28.1,1423299,1043997,602975,1564550
29.6,97.5,81.5,407716,28.6,8.37,3.92,74.8,Ilala,12,2019,6,Short Rains,1,0,5,22,22,20,14.1,211121,108.0,28.4,1564550,882971,1189587,1469883
26.2,56.6,94.0,458050,60.1,7.56,4.13,55.2,Ilala,1,2020,2,Hot,0,0,5,22,22,20,14.1,211121,44.3,26.8,1469883,1423299,1080044,1692594
23.2,19.3,57.0,339671,188.3,6.59,1.28,74.9,Ilala,2,2020,5,Hot,1,0,5,22,22,20,14.1,211121,12.9,22.1,1692594,1564550,1043997,1485908
28.7,251.7,42.1,398589,112.5,8.32,4.64,76.4,Ilala,3,2020,6,Rainy,1,0,5,22,22,20,14.1,211121,325.0,28.2,1485908,1469883,882971,1294824
20.1,186.3,64.3,204352,35.8,7.23,3.81,20.2,Ilala,4,2020,2,Rainy,0,0,5,22,22,20,14.1,211121,178.3,21.0,1294824,1692594,1423299,649026
21.1,229.8,81.7,455048,168.0,8.4,3.22,95.7,Ilala,5,2020,4,Rainy,0,0,5,22,22,20,14.1,211121,250.8,21.0,649026,1485908,1564550,1665334
34.0,18.3,56.3,83151,67.2,7.88,4.83,12.7,Ilala,6,2020,0,Dry,0,0,5,22,22,20,14.1,211121,23.2,34.8,1665334,1294824,1469883,466025
26.7,53.1,74.1,311941,141.1,7.9,4.79,43.6,Ilala,7,2020,2,Dry,0,0,5,22,22,20,14.1,211121,76.9,27.4,466025,649026,1692594,1025502
22.2,100.4,83.3,210832,199.2,8.18,1.45,56.9,Ilala,8,2020,5,Dry,1,0,5,22,22,20,14.1,211121,81.4,23.3,1025502,1665334,1485908,830660
26.4,165.5,56.5,321599,16.9,7.6,0.92,62.5,Ilala,9,2020,1,Dry,0,0,5,22,22,20,14.1,211121,131.3,25.2,830660,466025,1294824,1148240
25.2,193.0,82.4,439871,123.0,7.84,3.04,10.1,Ilala,10,2020,3,Dry,0,0,5,22,22,20,14.1,211121,113.1,23.9,1148240,1025502,649026,1516082
28.0,44.0,82.6,439435,43.1,6.97,4.2,85.5,Ilala,11,2020,6,Rainy,1,0,5,22,22,20,14.1,211121,54.0,29.0,1516082,830660,1665334,1725643
26.8,181.7,84.2,465562,138.2,8.27,3.55,21.5,Ilala,12,2020,1,Short Rains,0,0,5,22,22,20,14.1,211121,226.2,27.2,1725643,1148240,466025,1894737
21.1,248.5,60.1,185303,74.6,8.33,2.98,18.5,Ilala,1,2021,4,Hot,0,0,5,22,22,20,14.1,211121,200.1,20.8,1894737,1516082,1025502,609570
34.2,251.4,88.8,185081,90.2,7.29,2.44,44.3,Ilala,2,2021,0,Hot,0,0,5,22,22,20,14.1,211121,244.8,34.3,609570,1725643,830660,659035
31.7,176.5,85.7,232654,146.3,6.74,3.07,55.6,Ilala,3,2021,0,Rainy,0,0,5,22,22,20,14.1,211121,109.9,32.5,659035,1894737,1148240,850881
22.9,189.4,93.3,397766,137.6,7.48,3.71,27.4,Ilala,4,2021,3,Rainy,0,0,5,22,22,20,14.1,211121,133.4,23.2,850881,609570,1516082,1193317
33.7,298.1,90.0,344338,66.6,7.23,0.9,64.2,Ilala,5,2021,5,Rainy,1,0,5,22,22,20,14.1,211121,276.9,32.3,1193317,659035,1725643,1319321
25.6,106.1,42.5,228277,136.5,8.17,1.01,83.0,Ilala,6,2021,1,Dry,0,0,5,22,22,20,14.1,211121,128.0,25.7,1319321,850881,1894737,1018771
33.2,163.4,94.3,485059,60.8,7.85,1.26,70.5,Ilala,7,2021,3,Dry,0,0,5,22,22,20,14.1,211121,150.7,32.1,1018771,1193317,609570,2056556
28.9,257.0,83.7,234925,167.4,7.42,1.63,34.1,Ilala,8,2021,6,Dry,1,0,5,22,22,20,14.1,211121,346.3,27.9,2056556,1319321,659035,829956
30.3,44.6,60.9,422899,162.6,7.95,2.9,34.3,Ilala,9,2021,2,Dry,0,0,5,22,22,20,14.1,211121,27.5,29.5,829956,1018771,850881,1293876
28.8,61.0,80.0,392951,135.3,8.35,4.27,59.0,Ilala,10,2021,4,Dry,0,0,5,22,22,20,14.1,211121,81.1,30.0,1293876,2056556,1193317,1470923
30.3,61.9,72.1,156904,20.6,8.22,2.67,87.6,Ilala,11,2021,0,Rainy,0,0,5,22,22,20,14.1,211121,67.1,29.1,1470923,829956,1319321,730883
25.3,175.8,44.0,312728,174.3,7.68,3.67,47.6,Ilala,12,2021,2,Short Rains,0,0,5,22,22,20,14.1,211121,101.9,24.4,730883,1293876,1018771,1169419
25.3,131.1,68.0,287037,122.1,6.78,4.9,74.7,Ilala,1,2022,5,Hot,1,0,5,22,22,20,14.1,211121,102.3,25.6,1169419,1470923,2056556,927340
21.5,237.9,51.8,341310,164.6,8.38,2.76,60.4,Ilala,2,2022,1,Hot,0,0,5,22,22,20,14.1,211121,343.4,20.5,927340,730883,829956,1025884
28.2,173.4,93.3,150527,127.7,7.82,1.09,72.6,Ilala,3,2022,1,Rainy,0,0,5,22,22,20,14.1,211121,108.2,29.0,1025884,1169419,1293876,599848
24.1,112.1,45.2,145624,57.0,8.45,3.4,43.1,Ilala,4,2022,4,Rainy,0,0,5,22,22,20,14.1,211121,140.3,23.4,599848,927340,1470923,645574
31.5,241.8,86.1,353298,192.9,7.09,3.42,77.7,Ilala,5,2022,6,Rainy,1,0,5,22,22,20,14.1,211121,353.7,31.3,645574,1025884,730883,1280902
32.7,180.1,61.2,432419,13.5,7.62,0.98,58.6,Ilala,6,2022,2,Dry,0,0,5,22,22,20,14.1,211121,209.2,32.6,1280902,599848,1169419,1420044
29.9,287.6,90.8,114743,114.6,8.03,4.51,34.1,Ilala,7,2022,4,Dry,0,0,5,22,22,20,14.1,211121,352.9,31.2,1420044,645574,927340,489203
26.9,233.2,88.0,317891,67.8,8.33,4.28,25.2,Ilala,8,2022,0,Dry,0,0,5,22,22,20,14.1,211121,183.9,25.6,489203,1280902,1025884,1200870
31.4,105.9,67.2,276783,167.8,7.76,1.37,45.4,Ilala,9,2022,3,Dry,0,0,5,22,22,20,14.1,211121,96.2,31.4,1200870,1420044,599848,1155384
22.7,276.9,77.0,127367,36.5,6.78,0.8,18.6,Ilala,10,2022,5,Dry,1,0,5,22,22,20,14.1,211121,147.7,23.8,1155384,489203,645574,424705
27.0,225.0,60.7,496830,178.5,6.78,1.13,90.8,Ilala,11,2022,1,Rainy,0,0,5,22,22,20,14.1,211121,153.8,28.1,424705,1200870,1280902,1581285
31.4,28.9,47.5,379067,198.6,6.66,2.38,17.8,Ilala,12,2022,3,Short Rains,0,0,5,22,22,20,14.1,211121,41.3,31.5,1581285,1155384,1420044,1305430
28.2,152.3,75.7,95799,146.8,7.84,3.74,67.7,Ilala,1,2023,6,Hot,1,0,5,22,22,20,14.1,211121,154.9,29.5,1305430,424705,489203,418757
34.0,287.7,91.9,127123,12.0,7.27,2.31,30.9,Ilala,2,2023,2,Hot,0,0,5,22,22,20,14.1,211121,149.7,33.6,418757,1581285,1200870,421294
23.3,101.1,48.4,236689,73.1,8.07,1.86,47.7,Ilala,3,2023,2,Rainy,0,0,5,22,22,20,14.1,211121,64.3,23.6,421294,1305430,1155384,850529
28.4,120.4,58.8,424085,117.3,7.46,2.42,90.4,Ilala,4,2023,5,Rainy,1,1,5,22,22,20,14.1,211121,81.7,29.3,850529,418757,424705,1744431
27.6,205.5,91.0,289521,102.9,7.89,3.32,88.1,Ilala,5,2023,0,Rainy,0,0,5,22,22,20,14.1,211121,286.7,28.9,1744431,421294,1581285,1054641
31.2,108.2,53.5,167795,163.4,8.24,2.66,62.5,Ilala,6,2023,3,Dry,0,0,5,22,22,20,14.1,211121,84.5,32.2,1054641,850529,1305430,606178
33.7,95.5,53.2,373906,80.8,8.0,3.91,36.6,Ilala,7,2023,5,Dry,1,0,5,22,22,20,14.1,211121,53.5,33.2,606178,1744431,418757,1498190
34.2,284.0,62.8,438260,86.0,8.37,4.36,75.4,Ilala,8,2023,1,Dry,0,0,5,22,22,20,14.1,211121,403.7,34.0,1498190,1054641,421294,1318822
33.6,77.8,47.5,291031,180.0,7.15,4.22,83.8,Ilala,9,2023,4,Dry,0,0,5,22,22,20,14.1,211121,111.5,34.8,1318822,606178,850529,1287256
30.5,115.9,70.2,152652,163.3,7.64,2.12,53.7,Ilala,10,2023,6,Dry,1,0,5,22,22,20,14.1,211121,95.2,29.9,1287256,1498190,1744431,628114
33.4,48.9,48.8,402741,144.9,8.38,2.45,67.4,Ilala,11,2023,2,Rainy,0,0,5,22,22,20,14.1,211121,72.5,32.8,628114,1318822,1054641,1454735
32.0,276.4,87.3,201858,73.3,8.09,4.7,20.7,Ilala,12,2023,4,Short Rains,0,0,5,22,22,20,14.1,211121,326.0,33.2,1454735,1287256,606178,826495
26.0,31.9,88.1,426395,98.7,7.6,3.24,95.5,Ilala,1,2024,0,Hot,0,0,5,22,22,20,14.1,211121,46.6,25.5,826495,628114,1498190,1323877
20.1,123.2,92.8,261928,135.1,6.57,4.57,70.2,Ilala,2,2024,3,Hot,0,0,5,22,22,20,14.1,211121,143.8,19.2,1323877,1454735,1318822,1158036
20.1,164.3,47.2,496927,168.7,6.52,1.86,77.2,Ilala,3,2024,4,Rainy,0,0,5,22,22,20,14.1,211121,148.3,19.6,1158036,826495,1287256,1620336
30.0,282.9,61.5,312662,191.8,6.71,1.21,74.4,Ilala,4,2024,0,Rainy,0,0,5,22,22,20,14.1,211121,298.6,28.7,1620336,1323877,628114,958393
24.6,78.8,47.3,121995,139.4,7.82,3.51,76.2,Ilala,5,2024,2,Rainy,0,1,5,22,22,20,14.1,211121,107.3,25.2,958393,1158036,1454735,607955
24.9,237.0,56.0,418990,102.2,7.48,2.68,53.2,Ilala,6,2024,5,Dry,1,0,5,22,22,20,14.1,211121,140.7,25.0,607955,1620336,826495,1437447
27.6,95.2,82.4,378032,109.2,7.74,2.66,80.0,Ilala,7,2024,0,Dry,0,0,5,22,22,20,14.1,211121,100.2,27.2,1437447,958393,1323877,1597140
25.4,3.7,91.7,176648,144.4,7.55,3.19,70.5,Ilala,8,2024,3,Dry,0,0,5,22,22,20,14.1,211121,5.4,25.8,1597140,607955,1158036,889517
29.8,20.1,78.1,350397,199.0,8.42,1.96,33.3,Ilala,9,2024,6,Dry,1,0,5,22,22,20,14.1,211121,13.6,31.0,889517,1437447,1620336,1362619
28.6,166.5,75.8,234329,88.9,6.53,4.51,62.2,Ilala,10,2024,1,Dry,0,0,5,22,22,20,14.1,211121,150.9,27.3,1362619,1597140,958393,756286
26.8,259.9,89.5,321208,72.7,7.06,1.52,51.9,Ilala,11,2024,4,Rainy,0,0,5,22,22,20,14.1,211121,211.7,28.0,756286,889517,607955,1178360
34.2,85.1,42.0,187758,134.4,6.53,2.54,72.9,Ilala,12,2024,6,Short Rains,1,0,5,22,22,20,14.1,211121,114.7,32.8,1178360,1362619,1437447,784984
21.3,287.0,60.1,232749,31.7,8.2,4.13,18.0,Kinondoni,1,2005,5,Hot,1,0,5,72,64,15,35.0,187622,147.2,22.2,643381,637286,597033,680116
23.7,1.3,59.0,73299,171.0,7.58,3.79,64.1,Kinondoni,2,2005,1,Hot,0,0,5,72,64,15,35.0,187622,1.1,23.2,680116,375196,461394,402335
20.1,85.8,70.6,205582,178.6,8.22,0.82,96.0,Kinondoni,3,2005,1,Rainy,0,0,5,72,64,15,35.0,187622,44.5,19.7,402335,679501,763966,706201
23.7,216.5,88.7,144516,195.4,7.23,2.6,74.5,Kinondoni,4,2005,4,Rainy,0,0,5,72,64,15,35.0,187622,319.8,23.7,706201,680116,425271,416070
22.1,192.4,77.1,332806,151.2,7.38,2.46,93.5,Kinondoni,5,2005,6,Rainy,1,1,5,72,64,15,35.0,187622,254.2,22.6,416070,402335,1442366,1289756
33.7,122.2,53.4,389636,84.9,7.47,3.34,33.5,Kinondoni,6,2005,2,Dry,0,0,5,72,64,15,35.0,187622,103.9,34.0,1289756,706201,1401261,1249050
23.6,25.5,50.1,59699,84.3,7.5,2.83,26.1,Kinondoni,7,2005,4,Dry,0,0,5,72,64,15,35.0,187622,37.4,23.6,1249050,416070,680116,313245
25.5,272.5,89.4,120953,57.1,8.18,3.89,45.0,Kinondoni,8,2005,0,Dry,0,0,5,72,64,15,35.0,187622,199.4,25.7,313245,1289756,402335,435338
28.6,268.8,88.2,213815,53.8,7.68,2.0,53.5,Kinondoni,9,2005,3,Dry,0,0,5,72,64,15,35.0,187622,144.0,28.5,435338,1249050,706201,668827
22.5,56.1,85.2,499535,96.8,7.62,4.83,54.0,Kinondoni,10,2005,5,Dry,1,0,5,72,64,15,35.0,187622,76.3,23.2,668827,313245,416070,2123567
34.4,240.2,70.0,174400,158.5,7.74,4.4,82.4,Kinondoni,11,2005,1,Rainy,0,0,5,72,64,15,35.0,187622,266.8,36.1,2123567,435338,1289756,588564
24.0,137.9,52.3,393399,113.2,7.06,1.02,66.6,Kinondoni,12,2005,3,Short Rains,0,0,5,72,64,15,35.0,187622,182.4,24.8,588564,668827,1249050,1368685
24.7,296.3,50.6,133932,10.1,8.31,2.28,60.7,Kinondoni,1,2006,6,Hot,1,0,5,72,64,15,35.0,187622,344.3,24.2,1368685,2123567,313245,419595
34.8,46.6,82.4,307961,144.5,7.84,2.24,30.5,Kinondoni,2,2006,2,Hot,0,0,5,72,64,15,35.0,187622,61.8,35.9,419595,588564,435338,1155454
24.5,110.0,61.3,273007,54.9,6.62,0.62,70.5,Kinondoni,3,2006,2,Rainy,0,0,5,72,64,15,35.0,187622,63.8,25.4,1155454,1368685,668827,793249
31.2,155.5,41.4,359732,96.6,7.17,4.4,18.0,Kinondoni,4,2006,5,Rainy,1,0,5,72,64,15,35.0,187622,136.3,31.8,793249,419595,2123567,1391274
24.2,62.1,55.9,242709,160.1,8.5,2.78,63.6,Kinondoni,5,2006,0,Rainy,0,0,5,72,64,15,35.0,187622,31.3,23.7,1391274,1155454,588564,768699
21.2,12.8,70.9,410030,170.2,7.25,1.44,92.6,Kinondoni,6,2006,3,Dry,0,0,5,72,64,15,35.0,187622,11.0,20.7,768699,793249,1368685,1626449
29.6,175.5,68.4,404517,176.0,6.52,4.18,81.0,Kinondoni,7,2006,5,Dry,1,0,5,72,64,15,35.0,187622,260.7,30.5,1626449,1391274,419595,1323455
34.3,80.0,48.7,318711,31.0,6.52,1.36,88.1,Kinondoni,8,2006,1,Dry,0,0,5,72,64,15,35.0,187622,105.9,33.2,1323455,768699,1155454,1156196
26.0,200.5,82.2,322553,163.9,7.32,1.21,63.6,Kinondoni,9,2006,4,Dry,0,0,5,72,64,15,35.0,187622,294.4,25.4,1156196,1626449,793249,1083518
24.0,73.1,60.8,220733,177.1,7.35,4.7,12.3,Kinondoni,10,2006,6,Dry,1,0,5,72,64,15,35.0,187622,92.6,24.0,1083518,1323455,1391274,796309
32.9,104.1,81.1,463210,135.2,8.4,2.09,92.6,Kinondoni,11,2006,2,Rainy,0,1,5,72,64,15,35.0,187622,57.7,32.3,796309,1156196,768699,1719548
20.1,61.4,53.2,461700,21.9,8.01,2.84,69.3,Kinondoni,12,2006,4,Short Rains,0,0,5,72,64,15,35.0,187622,69.9,20.3,1719548,1083518,1626449,1395613
32.5,206.8,50.0,312585,87.2,6.65,4.73,62.3,Kinondoni,1,2007,0,Hot,0,0,5,72,64,15,35.0,187622,201.5,33.8,1395613,796309,1323455,975855
27.2,105.7,51.8,181676,51.3,7.88,4.06,33.5,Kinondoni,2,2007,3,Hot,0,1,5,72,64,15,35.0,187622,146.7,27.4,975855,1719548,1156196,671707
20.6,5.0,94.3,160488,156.7,8.39,3.11,38.1,Kinondoni,3,2007,3,Rainy,0,0,5,72,64,15,35.0,187622,3.3,20.0,671707,1395613,1083518,690714
26.6,80.1,59.5,447384,121.2,6.81,1.05,16.4,Kinondoni,4,2007,6,Rainy,1,0,5,72,64,15,35.0,187622,46.7,25.6,690714,975855,796309,1622862
21.2,254.1,70.0,353067,19.4,8.29,1.77,34.3,Kinondoni,5,2007,1,Rainy,0,0,5,72,64,15,35.0,187622,263.2,21.2,1622862,671707,1719548,1323661
23.7,119.8,83.3,330459,56.4,8.06,2.48,52.1,Kinondoni,6,2007,4,Dry,0,0,5,72,64,15,35.0,187622,69.9,23.7,1323661,690714,1395613,986564
21.9,170.5,57.7,274900,196.9,6.66,3.2,32.5,Kinondoni,7,2007,6,Dry,1,0,5,72,64,15,35.0,187622,125.6,21.8,986564,1622862,975855,943878
30.0,110.7,66.0,125810,66.3,6.76,1.21,16.1,Kinondoni,8,2007,2,Dry,0,0,5,72,64,15,35.0,187622,118.0,30.2,943878,1323661,671707,506940
34.1,234.2,87.8,68707,160.8,7.57,1.02,78.4,Kinondoni,9,2007,5,Dry,1,0,5,72,64,15,35.0,187622,304.7,34.4,506940,986564,690714,265968
30.3,287.0,48.0,457603,166.0,7.36,1.43,98.0,Kinondoni,10,2007,0,Dry,0,0,5,72,64,15,35.0,187622,177.0,28.9,265968,943878,1622862,1299373
29.2,217.4,57.2,159133,74.3,8.1,1.86,49.8,Kinondoni,11,2007,3,Rainy,0,0,5,72,64,15,35.0,187622,170.8,27.8,1299373,506940,1323661,630606
21.5,12.2,77.4,286763,35.6,7.06,4.29,50.0,Kinondoni,12,2007,5,Short Rains,1,0,5,72,64,15,35.0,187622,12.5,22.1,630606,265968,986564,1174083
23.3,157.8,87.3,358070,193.1,8.33,3.48,54.9,Kinondoni,1,2008,1,Hot,0,0,5,72,64,15,35.0,187622,194.3,23.3,1174083,1299373,943878,1328072
24.4,3.3,61.6,142906,20.1,7.39,4.47,30.6,Kinondoni,2,2008,4,Hot,0,0,5,72,64,15,35.0,187622,1.8,24.2,1328072,630606,506940,623078
26.4,76.5,89.8,415688,28.5,6.7,1.32,42.2,Kinondoni,3,2008,5,Rainy,1,0,5,72,64,15,35.0,187622,76.5,25.2,623078,1174083,265968,1614309
28.1,92.4,54.9,148205,69.1,7.89,1.17,47.3,Kinondoni,4,2008,1,Rainy,0,0,5,72,64,15,35.0,187622,89.2,27.4,1614309,1328072,1299373,629266
28.1,268.9,92.5,407730,70.3,6.82,2.37,78.4,Kinondoni,5,2008,3,Rainy,0,0,5,72,64,15,35.0,187622,195.5,26.9,629266,623078,630606,1470917
23.7,188.3,58.4,387787,184.0,8.02,1.96,21.6,Kinondoni,6,2008,6,Dry,1,0,5,72,64,15,35.0,187622,204.6,23.9,1470917,1614309,1174083,1222878
23.4,46.6,57.1,494775,15.3,7.52,3.77,52.8,Kinondoni,7,2008,1,Dry,0,0,5,72,64,15,35.0,187622,30.1,23.2,1222878,629266,1328072,1705906
29.5,4.9,46.3,257754,187.6,7.48,2.22,78.1,Kinondoni,8,2008,4,Dry,0,0,5,72,64,15,35.0,187622,6.1,29.9,1705906,1470917,623078,1176321
23.1,259.0,80.8,301169,33.8,7.52,4.46,76.7,Kinondoni,9,2008,0,Dry,0,0,5,72,64,15,35.0,187622,364.9,24.1,1176321,1222878,1614309,935348
28.3,24.9,57.8,430660,37.8,7.3,2.2,55.8,Kinondoni,10,2008,2,Dry,0,0,5,72,64,15,35.0,187622,15.5,27.1,935348,1705906,629266,1540864
34.3,197.9,72.0,434368,102.6,8.3,4.19,65.6,Kinondoni,11,2008,5,Rainy,1,0,5,72,64,15,35.0,187622,254.9,32.9,1540864,1176321,1470917,1420911
33.9,123.0,77.4,329065,30.7,7.18,1.35,77.3,Kinondoni,12,2008,0,Short Rains,0,0,5,72,64,15,35.0,187622,129.9,34.5,1420911,935348,1222878,1053278
28.6,43.4,72.8,462927,139.3,7.05,2.83,80.5,Kinondoni,1,2009,3,Hot,0,0,5,72,64,15,35.0,187622,44.5,30.0,1053278,1540864,1705906,1675148
26.0,178.2,65.4,321856,166.4,8.32,1.03,67.1,Kinondoni,2,2009,6,Hot,1,0,5,72,64,15,35.0,187622,131.1,25.7,1675148,1420911,1176321,1188778
26.9,173.9,59.0,57008,76.2,7.65,1.64,63.3,Kinondoni,3,2009,6,Rainy,1,0,5,72,64,15,35.0,187622,206.7,26.6,1188778,1053278,935348,229201
20.8,54.0,89.2,203201,155.4,6.54,3.83,40.6,Kinondoni,4,2009,2,Rainy,0,0,5,72,64,15,35.0,187622,65.1,20.8,229201,1675148,1540864,728740
21.6,206.5,44.1,263838,48.7,8.18,1.89,37.1,Kinondoni,5,2009,4,Rainy,0,0,5,72,64,15,35.0,187622,169.0,21.2,728740,1188778,1420911,820658
33.4,113.2,58.4,233060,78.1,8.21,3.22,95.5,Kinondoni,6,2009,0,Dry,0,0,5,72,64,15,35.0,187622,128.8,32.7,820658,229201,1053278,769790
21.9,235.3,47.3,299648,64.7,7.14,4.73,82.8,Kinondoni,7,2009,2,Dry,0,1,5,72,64,15,35.0,187622,148.9,21.7,769790,728740,1675148,1110378
28.6,237.4,81.5,281593,28.0,8.4,4.94,80.3,Kinondoni,8,2009,5,Dry,1,0,5,72,64,15,35.0,187622,193.2,29.9,1110378,820658,1188778,1094936
26.5,6.1,40.5,332465,145.2,7.68,1.61,76.5,Kinondoni,9,2009,1,Dry,0,0,5,72,64,15,35.0,187622,5.2,27.5,1094936,769790,229201,1326556
34.8,29.5,83.6,493441,151.4,7.69,4.69,18.9,Kinondoni,10,2009,3,Dry,0,0,5,72,64,15,35.0,187622,32.5,33.8,1326556,1110378,728740,2085340
23.2,103.2,74.7,289277,26.7,6.68,4.47,64.8,Kinondoni,11,2009,6,Rainy,1,0,5,72,64,15,35.0,187622,128.6,23.1,2085340,1094936,820658,957744
33.3,150.5,71.1,364356,115.7,7.76,2.48,44.3,Kinondoni,12,2009,1,Short Rains,0,0,5,72,64,15,35.0,187622,78.4,33.3,957744,1326556,769790,1464615
24.3,206.4,57.5,106228,165.4,7.11,3.24,58.7,Kinondoni,1,2010,4,Hot,0,0,5,72,64,15,35.0,187622,300.3,24.0,1464615,2085340,1110378,327834
27.9,40.9,50.1,164126,60.2,8.18,1.9,38.8,Kinondoni,2,2010,0,Hot,0,0,5,72,64,15,35.0,187622,56.7,29.1,327834,957744,1094936,744369
27.5,26.4,73.8,296495,52.0,6.72,0.79,99.6,Kinondoni,3,2010,0,Rainy,0,0,5,72,64,15,35.0,187622,29.0,28.2,744369,1464615,1326556,1302083
27.4,272.7,70.2,233978,64.7,7.62,2.36,40.3,Kinondoni,4,2010,3,Rainy,0,0,5,72,64,15,35.0,187622,331.4,26.8,1302083,327834,2085340,636115
30.0,246.2,51.4,104274,106.2,7.98,4.15,38.7,Kinondoni,5,2010,5,Rainy,1,0,5,72,64,15,35.0,187622,291.7,30.0,636115,744369,957744,331921
27.7,226.2,70.0,207795,111.7,7.14,0.57,65.8,Kinondoni,6,2010,1,Dry,0,0,5,72,64,15,35.0,187622,137.1,28.8,331921,1302083,1464615,796585
23.7,241.6,81.8,89427,73.3,6.91,3.61,39.4,Kinondoni,7,2010,3,Dry,0,0,5,72,64,15,35.0,187622,257.9,24.7,796585,636115,327834,381779
26.6,245.7,41.1,192110,155.7,6.62,4.87,48.4,Kinondoni,8,2010,6,Dry,1,0,5,72,64,15,35.0,187622,263.0,26.6,381779,331921,744369,752186
31.3,294.8,67.3,280666,77.7,8.33,3.36,20.8,Kinondoni,9,2010,2,Dry,0,0,5,72,64,15,35.0,187622,388.6,31.8,752186,796585,1302083,867845
33.2,163.0,75.5,60301,71.9,6.58,2.12,49.0,Kinondoni,10,2010,4,Dry,0,0,5,72,64,15,35.0,187622,128.4,32.9,867845,381779,636115,306644
28.2,207.9,79.1,331162,64.6,8.2,4.96,32.0,Kinondoni,11,2010,0,Rainy,0,0,5,72,64,15,35.0,187622,272.6,27.9,306644,752186,331921,934313
22.0,9.4,46.1,112148,145.4,7.09,1.08,45.6,Kinondoni,12,2010,2,Short Rains,0,0,5,72,64,15,35.0,187622,12.7,23.0,934313,867845,796585,517102
27.0,239.1,45.8,492043,164.9,6.66,4.31,18.2,Kinondoni,1,2011,5,Hot,1,0,5,72,64,15,35.0,187622,275.6,26.5,517102,306644,381779,1847423
23.7,124.9,47.5,96111,128.0,6.63,0.85,87.6,Kinondoni,2,2011,1,Hot,0,0,5,72,64,15,35.0,187622,109.3,24.7,1847423,934313,752186,348309
30.5,35.7,59.3,292018,31.2,6.81,4.41,21.4,Kinondoni,3,2011,1,Rainy,0,0,5,72,64,15,35.0,187622,39.2,30.3,348309,517102,867845,1139176
26.9,234.7,73.8,73259,122.1,7.83,3.2,74.9,Kinondoni,4,2011,4,Rainy,0,0,5,72,64,15,35.0,187622,251.2,28.2,1139176,1847423,306644,331832
21.9,198.1,75.7,173536,54.9,7.23,3.49,35.2,Kinondoni,5,2011,6,Rainy,1,0,5,72,64,15,35.0,187622,213.5,21.3,331832,348309,934313,584405
27.9,64.8,66.3,315662,72.1,7.48,1.29,80.7,Kinondoni,6,2011,2,Dry,0,0,5,72,64,15,35.0,187622,88.5,27.3,584405,1139176,517102,1299294
27.0,187.2,47.1,292279,127.2,6.92,1.09,24.6,Kinondoni,7,2011,4,Dry,0,0,5,72,64,15,35.0,187622,149.6,26.2,1299294,331832,1847423,826019
32.7,149.8,84.1,67312,174.1,6.85,3.9,40.5,Kinondoni,8,2011,0,Dry,0,0,5,72,64,15,35.0,187622,189.7,33.7,826019,584405,348309,287085
27.2,292.1,76.4,144507,137.1,6.6,1.86,73.1,Kinondoni,9,2011,3,Dry,0,0,5,72,64,15,35.0,187622,400.7,28.1,287085,1299294,1139176,453169
23.7,56.7,92.9,307139,150.8,7.72,2.22,43.1,Kinondoni,10,2011,5,Dry,1,0,5,72,64,15,35.0,187622,50.7,24.8,453169,826019,331832,910342
20.1,253.1,56.6,269065,103.5,7.29,0.57,54.6,Kinondoni,11,2011,1,Rainy,0,0,5,72,64,15,35.0,187622,275.4,20.7,910342,287085,584405,1067856
31.8,117.1,90.8,197918,25.7,8.15,1.63,78.3,Kinondoni,12,2011,3,Short Rains,0,0,5,72,64,15,35.0,187622,149.6,31.2,1067856,453169,1299294,869094
29.4,121.3,46.8,489821,39.1,6.86,1.51,72.0,Kinondoni,1,2012,6,Hot,1,0,5,72,64,15,35.0,187622,151.5,28.5,869094,910342,826019,1756158
27.1,258.8,78.4,368257,110.9,6.51,4.53,36.8,Kinondoni,2,2012,2,Hot,0,0,5,72,64,15,35.0,187622,330.4,27.2,1756158,1067856,287085,1441913
28.3,271.8,88.3,503519,31.1,7.87,2.11,22.1,Kinondoni,3,2012,3,Rainy,0,0,5,72,64,15,35.0,187622,357.2,27.3,1441913,869094,453169,1646642
32.8,105.7,70.5,505739,100.8,7.68,3.41,50.1,Kinondoni,4,2012,6,Rainy,1,0,5,72,64,15,35.0,187622,90.8,32.4,1646642,1756158,910342,1548219
29.7,253.5,41.3,239663,99.4,7.57,2.02,82.8,Kinondoni,5,2012,1,Rainy,0,0,5,72,64,15,35.0,187622,195.6,28.7,1548219,1441913,1067856,766743
29.8,268.7,87.4,186885,39.7,7.89,1.85,22.3,Kinondoni,6,2012,4,Dry,0,0,5,72,64,15,35.0,187622,248.1,30.5,766743,1646642,869094,753439
28.2,297.5,67.7,465169,79.1,8.42,1.45,10.5,Kinondoni,7,2012,6,Dry,1,0,5,72,64,15,35.0,187622,271.7,28.8,753439,1548219,1756158,1213907
23.2,218.9,47.1,117292,27.2,6.91,3.65,46.6,Kinondoni,8,2012,2,Dry,0,0,5,72,64,15,35.0,187622,289.0,24.2,1213907,766743,1441913,408405
33.6,250.5,67.6,434584,75.5,6.65,0.66,82.8,Kinondoni,9,2012,5,Dry,1,0,5,72,64,15,35.0,187622,311.8,35.0,408405,753439,1646642,1587052
20.8,57.8,57.8,188496,163.9,8.46,3.91,57.3,Kinondoni,10,2012,0,Dry,0,0,5,72,64,15,35.0,187622,79.7,19.8,1587052,1213907,1548219,807392
25.8,61.2,55.1,504951,190.6,7.61,1.41,19.1,Kinondoni,11,2012,3,Rainy,0,0,5,72,64,15,35.0,187622,49.5,25.4,807392,408405,766743,1517099
26.5,88.2,66.3,510553,97.6,8.11,3.98,32.8,Kinondoni,12,2012,5,Short Rains,1,0,5,72,64,15,35.0,187622,116.5,25.6,1517099,1587052,753439,2046619
23.1,102.1,61.3,158872,101.7,7.84,3.32,59.4,Kinondoni,1,2013,1,Hot,0,0,5,72,64,15,35.0,187622,86.5,23.7,2046619,807392,1213907,541309
24.0,138.7,83.3,420766,167.3,6.65,0.91,48.8,Kinondoni,2,2013,4,Hot,0,0,5,72,64,15,35.0,187622,115.3,22.9,541309,1517099,408405,1180312
32.6,128.7,77.3,96834,180.1,7.51,4.22,87.2,Kinondoni,3,2013,4,Rainy,0,0,5,72,64,15,35.0,187622,122.6,32.8,1180312,2046619,1587052,358880
21.0,170.2,91.9,255029,82.0,7.67,1.6,97.0,Kinondoni,4,2013,0,Rainy,0,0,5,72,64,15,35.0,187622,114.7,20.7,358880,541309,807392,1000296
34.8,266.0,51.1,392374,154.9,7.98,2.86,77.8,Kinondoni,5,2013,2,Rainy,0,0,5,72,64,15,35.0,187622,247.4,35.3,1000296,1180312,1517099,1491710
27.3,276.2,85.9,172719,166.0,6.79,3.17,11.0,Kinondoni,6,2013,5,Dry,1,0,5,72,64,15,35.0,187622,220.2,26.1,1491710,358880,2046619,630139
32.1,71.6,61.2,431603,49.1,8.49,4.69,56.9,Kinondoni,7,2013,0,Dry,0,0,5,72,64,15,35.0,187622,99.6,31.7,630139,1000296,541309,1648278
20.3,156.0,65.2,140242,184.1,6.75,4.32,36.9,Kinondoni,8,2013,3,Dry,0,0,5,72,64,15,35.0,187622,142.7,19.8,1648278,1491710,1180312,479218
26.8,10.1,45.6,373716,118.7,7.69,0.71,74.5,Kinondoni,9,2013,6,Dry,1,0,5,72,64,15,35.0,187622,5.3,28.1,479218,630139,358880,1230685
23.4,92.6,63.4,201922,123.7,8.46,1.95,88.4,Kinondoni,10,2013,1,Dry,0,0,5,72,64,15,35.0,187622,68.8,23.2,1230685,1648278,1000296,768077
27.5,285.7,51.9,495447,55.9,8.02,0.73,83.7,Kinondoni,11,2013,4,Rainy,0,1,5,72,64,15,35.0,187622,302.5,28.3,768077,479218,1491710,1816985
28.5,48.4,93.9,501760,118.3,8.12,3.53,95.7,Kinondoni,12,2013,6,Short Rains,1,0,5,72,64,15,35.0,187622,64.3,27.6,1816985,1230685,630139,2065784
28.4,148.4,86.6,409711,158.0,7.2,3.92,25.6,Kinondoni,1,2014,2,Hot,0,0,5,72,64,15,35.0,187622,156.7,27.9,2065784,768077,1648278,1417006
32.4,270.5,48.3,73102,127.1,7.64,1.67,13.6,Kinondoni,2,2014,5,Hot,1,0,5,72,64,15,35.0,187622,355.3,33.0,1417006,1816985,479218,322563
24.1,236.8,93.3,327003,60.9,7.99,2.69,38.6,Kinondoni,3,2014,5,Rainy,1,1,5,72,64,15,35.0,187622,176.0,24.4,322563,2065784,1230685,961532
22.0,45.0,78.5,164747,178.9,8.0,3.41,87.6,Kinondoni,4,2014,1,Rainy,0,0,5,72,64,15,35.0,187622,32.4,22.0,961532,1417006,768077,654656
32.5,278.7,43.9,435285,122.4,7.78,0.76,83.8,Kinondoni,5,2014,3,Rainy,0,0,5,72,64,15,35.0,187622,237.6,32.1,654656,322563,1816985,1577106
20.3,274.8,53.0,473222,140.9,7.52,3.87,79.0,Kinondoni,6,2014,6,Dry,1,0,5,72,64,15,35.0,187622,318.5,20.1,1577106,961532,2065784,1637254
33.2,246.6,74.5,259446,52.6,7.21,3.56,69.2,Kinondoni,7,2014,1,Dry,0,0,5,72,64,15,35.0,187622,196.7,31.6,1637254,654656,1417006,741577
26.1,32.6,78.5,416295,59.1,8.42,1.61,10.8,Kinondoni,8,2014,4,Dry,0,0,5,72,64,15,35.0,187622,33.5,25.2,741577,1577106,322563,1641724
33.5,107.2,92.3,499595,60.3,7.75,1.52,96.6,Kinondoni,9,2014,0,Dry,0,0,5,72,64,15,35.0,187622,62.2,32.9,1641724,1637254,961532,1803736
33.4,43.1,59.4,410522,68.2,7.82,3.9,82.6,Kinondoni,10,2014,2,Dry,0,0,5,72,64,15,35.0,187622,52.5,34.2,1803736,741577,654656,1412748
22.9,66.2,44.7,477383,100.7,8.26,2.86,30.8,Kinondoni,11,2014,5,Rainy,1,0,5,72,64,15,35.0,187622,96.4,22.2,1412748,1641724,1577106,1873212
28.3,253.4,55.8,290923,141.2,6.71,0.52,48.0,Kinondoni,12,2014,0,Short Rains,0,0,5,72,64,15,35.0,187622,192.4,29.1,1873212,1803736,1637254,1032233
29.1,32.1,83.5,405745,39.6,7.17,1.22,75.9,Kinondoni,1,2015,3,Hot,0,0,5,72,64,15,35.0,187622,40.0,29.8,1032233,1412748,741577,1510621
29.6,86.7,86.7,245335,121.0,7.53,0.67,35.3,Kinondoni,2,2015,6,Hot,1,0,5,72,64,15,35.0,187622,90.3,30.6,1510621,1873212,1641724,988380
28.7,299.8,40.6,463729,28.6,7.67,4.04,38.9,Kinondoni,3,2015,6,Rainy,1,0,5,72,64,15,35.0,187622,379.0,27.6,988380,1032233,1803736,1635232
24.8,141.5,45.5,272472,42.4,6.7,4.38,83.1,Kinondoni,4,2015,2,Rainy,0,0,5,72,64,15,35.0,187622,97.8,23.7,1635232,1510621,1412748,1042982
30.7,10.0,55.5,297399,75.6,6.78,2.04,12.1,Kinondoni,5,2015,4,Rainy,0,0,5,72,64,15,35.0,187622,11.2,30.7,1042982,988380,1873212,1279300
22.3,83.7,60.5,300022,127.3,6.99,0.57,54.7,Kinondoni,6,2015,0,Dry,0,0,5,72,64,15,35.0,187622,64.5,22.4,1279300,1635232,1032233,906102
30.0,203.3,67.8,240204,194.4,7.3,1.63,57.2,Kinondoni,7,2015,2,Dry,0,0,5,72,64,15,35.0,187622,286.3,29.8,906102,1042982,1510621,688737
34.6,297.5,82.5,129709,138.7,7.21,0.79,77.8,Kinondoni,8,2015,5,Dry,1,0,5,72,64,15,35.0,187622,178.9,33.3,688737,1279300,988380,413812
26.0,191.3,78.2,458114,179.5,6.75,3.97,33.5,Kinondoni,9,2015,1,Dry,0,0,5,72,64,15,35.0,187622,230.0,26.0,413812,906102,1635232,1238844
22.8,193.6,45.6,366282,63.1,8.46,3.59,46.6,Kinondoni,10,2015,3,Dry,0,0,5,72,64,15,35.0,187622,235.9,21.8,1238844,688737,1042982,1033395
32.1,181.1,86.2,173272,64.3,7.62,4.83,20.1,Kinondoni,11,2015,6,Rainy,1,0,5,72,64,15,35.0,187622,211.6,32.8,1033395,413812,1279300,763362
21.9,263.8,40.1,191897,125.0,8.42,1.97,32.8,Kinondoni,12,2015,1,Short Rains,0,0,5,72,64,15,35.0,187622,173.0,21.5,763362,1238844,906102,534516
32.8,57.8,42.5,407271,153.5,7.58,1.09,31.2,Kinondoni,1,2016,4,Hot,0,0,5,72,64,15,35.0,187622,47.3,31.4,534516,1033395,688737,1771794
20.8,219.2,75.4,384233,61.2,6.55,2.06,11.8,Kinondoni,2,2016,0,Hot,0,0,5,72,64,15,35.0,187622,208.8,19.9,1771794,763362,413812,1072438
33.5,218.8,82.3,133587,129.7,6.56,1.86,31.1,Kinondoni,3,2016,1,Rainy,0,0,5,72,64,15,35.0,187622,177.4,34.1,1072438,534516,1238844,506506
20.2,177.1,41.6,369612,143.5,7.56,2.21,58.2,Kinondoni,4,2016,4,Rainy,0,0,5,72,64,15,35.0,187622,209.0,20.2,506506,1771794,1033395,1081604
28.6,294.1,87.6,220528,34.1,8.49,2.79,13.3,Kinondoni,5,2016,6,Rainy,1,0,5,72,64,15,35.0,187622,231.0,29.2,1081604,1072438,763362,852701
20.5,296.3,70.9,119718,80.7,8.33,4.99,28.7,Kinondoni,6,2016,2,Dry,0,0,5,72,64,15,35.0,187622,285.5,21.2,852701,506506,534516,316946
23.6,249.4,68.4,434383,133.9,8.28,4.9,61.6,Kinondoni,7,2016,4,Dry,0,0,5,72,64,15,35.0,187622,168.2,23.4,316946,1081604,1771794,1772393
24.9,203.5,67.3,85548,188.6,8.41,4.01,31.9,Kinondoni,8,2016,0,Dry,0,0,5,72,64,15,35.0,187622,119.3,24.6,1772393,852701,1072438,373410
24.1,219.0,81.9,160367,78.9,7.72,3.63,79.8,Kinondoni,9,2016,3,Dry,0,0,5,72,64,15,35.0,187622,312.1,24.0,373410,316946,506506,465511
22.7,103.3,44.8,87536,151.4,7.82,1.32,17.8,Kinondoni,10,2016,5,Dry,1,0,5,72,64,15,35.0,187622,87.0,22.4,465511,1772393,1081604,362071
25.6,152.4,85.7,73639,22.2,7.93,2.33,50.1,Kinondoni,11,2016,1,Rainy,0,0,5,72,64,15,35.0,187622,203.4,24.7,362071,373410,852701,311698
34.0,103.0,71.1,200395,14.8,6.61,2.7,60.9,Kinondoni,12,2016,3,Short Rains,0,0,5,72,64,15,35.0,187622,59.5,34.6,311698,465511,316946,796189
33.8,264.0,51.8,125740,49.8,7.09,3.56,67.6,Kinondoni,1,2017,6,Hot,1,0,5,72,64,15,35.0,187622,282.6,35.4,796189,362071,1772393,450865
22.1,146.9,76.2,331004,49.9,7.02,0.67,95.7,Kinondoni,2,2017,2,Hot,0,0,5,72,64,15,35.0,187622,177.4,22.7,450865,311698,373410,943364
20.4,84.7,58.4,498206,167.6,6.78,3.13,33.5,Kinondoni,3,2017,2,Rainy,0,0,5,72,64,15,35.0,187622,100.9,21.1,943364,796189,465511,1965975
23.3,123.4,68.0,179847,140.0,8.33,3.28,68.2,Kinondoni,4,2017,5,Rainy,1,0,5,72,64,15,35.0,187622,103.2,22.4,1965975,450865,362071,799149
23.5,226.2,78.2,219377,66.9,7.94,1.19,31.4,Kinondoni,5,2017,0,Rainy,0,0,5,72,64,15,35.0,187622,256.1,22.7,799149,943364,311698,601055
32.9,152.7,62.5,481079,74.4,7.06,3.4,16.9,Kinondoni,6,2017,3,Dry,0,0,5,72,64,15,35.0,187622,142.6,33.3,601055,1965975,796189,1720977
29.4,153.9,48.6,514113,116.5,7.17,0.95,55.9,Kinondoni,7,2017,5,Dry,1,0,5,72,64,15,35.0,187622,191.3,30.6,1720977,799149,450865,1528950
26.1,33.1,90.6,343609,58.6,6.54,2.33,23.3,Kinondoni,8,2017,1,Dry,0,0,5,72,64,15,35.0,187622,21.4,27.1,1528950,601055,943364,1178763
21.3,211.5,81.1,321448,140.2,8.23,0.95,49.3,Kinondoni,9,2017,4,Dry,0,0,5,72,64,15,35.0,187622,162.4,22.0,1178763,1720977,1965975,860644
35.0,249.8,73.9,452248,167.2,6.66,1.01,80.5,Kinondoni,10,2017,6,Dry,1,0,5,72,64,15,35.0,187622,241.0,34.0,860644,1528950,799149,1434093
23.4,191.3,51.0,130757,26.2,7.95,2.79,23.9,Kinondoni,11,2017,2,Rainy,0,0,5,72,64,15,35.0,187622,155.9,22.7,1434093,1178763,601055,447895
30.5,257.3,43.1,502409,139.6,7.5,4.07,77.7,Kinondoni,12,2017,4,Short Rains,0,0,5,72,64,15,35.0,187622,136.5,31.3,447895,860644,1720977,1791865
23.7,233.5,69.6,290070,13.5,8.23,4.78,48.3,Kinondoni,1,2018,0,Hot,0,0,5,72,64,15,35.0,187622,230.9,24.8,1791865,1434093,1528950,914414
28.7,121.3,82.9,260329,133.7,7.28,1.2,18.4,Kinondoni,2,2018,3,Hot,0,1,5,72,64,15,35.0,187622,78.9,29.3,914414,447895,1178763,950136
20.7,289.5,61.7,98925,146.5,6.91,4.21,32.3,Kinondoni,3,2018,3,Rainy,0,0,5,72,64,15,35.0,187622,258.6,21.5,950136,1791865,860644,294229
22.6,218.6,83.8,175335,190.0,6.79,2.6,70.9,Kinondoni,4,2018,6,Rainy,1,0,5,72,64,15,35.0,187622,143.7,23.4,294229,914414,1434093,643680
30.8,232.3,71.0,330161,194.5,7.69,1.39,14.4,Kinondoni,5,2018,1,Rainy,0,0,5,72,64,15,35.0,187622,240.6,32.0,643680,950136,447895,894991
28.9,216.9,40.2,211876,128.4,8.12,1.19,95.1,Kinondoni,6,2018,4,Dry,0,0,5,72,64,15,35.0,187622,288.7,29.1,894991,294229,1791865,744623
25.8,6.6,91.4,405164,97.4,6.73,2.88,27.0,Kinondoni,7,2018,6,Dry,1,0,5,72,64,15,35.0,187622,4.7,26.7,744623,643680,914414,1692566
21.0,49.5,82.4,179053,100.9,7.08,3.13,78.8,Kinondoni,8,2018,2,Dry,0,0,5,72,64,15,35.0,187622,65.5,21.5,1692566,894991,950136,801890
21.7,43.7,91.1,277295,19.2,8.38,3.55,55.5,Kinondoni,9,2018,5,Dry,1,1,5,72,64,15,35.0,187622,35.7,22.4,801890,744623,294229,1083521
30.9,218.7,51.0,155309,44.1,6.52,2.63,69.4,Kinondoni,10,2018,0,Dry,0,0,5,72,64,15,35.0,187622,156.4,30.8,1083521,1692566,643680,518026
33.1,215.4,72.5,416100,102.4,7.52,3.81,33.9,Kinondoni,11,2018,3,Rainy,0,0,5,72,64,15,35.0,187622,314.3,32.7,518026,801890,894991,1160285
21.0,209.7,60.9,426629,103.1,7.7,2.45,16.3,Kinondoni,12,2018,5,Short Rains,1,0,5,72,64,15,35.0,187622,201.3,22.0,1160285,1083521,744623,1173982
31.0,146.9,71.8,211878,193.3,7.8,4.07,42.0,Kinondoni,1,2019,1,Hot,0,0,5,72,64,15,35.0,187622,152.4,30.1,1173982,518026,1692566,734185
23.3,134.6,91.2,258219,48.8,7.38,3.38,17.3,Kinondoni,2,2019,4,Hot,0,1,5,72,64,15,35.0,187622,121.2,23.5,734185,1160285,801890,820646
31.9,62.4,75.5,288246,184.5,7.54,1.21,83.8,Kinondoni,3,2019,4,Rainy,0,0,5,72,64,15,35.0,187622,89.4,31.9,820646,1173982,1083521,1185794
25.3,117.0,55.6,415035,39.0,7.28,3.0,22.7,Kinondoni,4,2019,0,Rainy,0,0,5,72,64,15,35.0,187622,94.5,25.0,1185794,734185,518026,1371475
34.9,75.0,91.8,482661,95.0,8.27,2.51,96.5,Kinondoni,5,2019,2,Rainy,0,0,5,72,64,15,35.0,187622,103.2,33.8,1371475,820646,1160285,1442334
31.0,72.0,65.7,225871,120.4,8.21,2.08,29.3,Kinondoni,6,2019,5,Dry,1,0,5,72,64,15,35.0,187622,83.2,31.7,1442334,1185794,1173982,983896
22.9,260.0,88.4,455748,168.6,7.82,1.89,87.6,Kinondoni,7,2019,0,Dry,0,0,5,72,64,15,35.0,187622,291.3,22.2,983896,1371475,734185,1273693
21.3,273.4,91.5,134258,39.5,7.55,0.68,96.7,Kinondoni,8,2019,3,Dry,0,0,5,72,64,15,35.0,187622,209.3,21.6,1273693,1442334,820646,367749
32.0,287.5,94.2,113088,177.2,6.88,2.33,22.8,Kinondoni,9,2019,6,Dry,1,0,5,72,64,15,35.0,187622,170.8,32.1,367749,983896,1185794,360483
33.8,262.6,52.2,225855,60.6,8.29,4.27,86.7,Kinondoni,10,2019,1,Dry,0,0,5,72,64,15,35.0,187622,158.3,32.4,360483,1273693,1371475,785668
22.1,68.2,64.2,99788,134.5,8.1,4.77,57.3,Kinondoni,11,2019,4,Rainy,0,0,5,72,64,15,35.0,187622,50.8,21.6,785668,367749,1442334,437259
30.3,89.2,77.6,123276,126.8,7.36,1.16,93.2,Kinondoni,12,2019,6,Short Rains,1,0,5,72,64,15,35.0,187622,88.9,29.7,437259,360483,983896,584634
29.4,110.3,72.0,158055,66.8,7.19,2.81,29.2,Kinondoni,1,2020,2,Hot,0,0,5,72,64,15,35.0,187622,145.2,30.1,584634,785668,1273693,704238
34.6,141.1,76.3,251080,30.7,7.05,4.68,25.2,Kinondoni,2,2020,5,Hot,1,0,5,72,64,15,35.0,187622,108.0,36.1,704238,437259,367749,742623
30.0,193.4,74.5,315165,183.3,8.43,1.16,42.3,Kinondoni,3,2020,6,Rainy,1,0,5,72,64,15,35.0,187622,163.3,29.3,742623,584634,360483,916110
23.1,284.2,80.1,479840,73.0,8.19,2.3,58.9,Kinondoni,4,2020,2,Rainy,0,0,5,72,64,15,35.0,187622,279.0,23.2,916110,704238,785668,1535865
24.3,101.1,92.9,245776,161.7,6.98,1.14,56.5,Kinondoni,5,2020,4,Rainy,0,0,5,72,64,15,35.0,187622,79.1,23.8,1535865,742623,437259,1057615
21.5,183.0,68.5,525343,131.5,7.57,2.09,98.3,Kinondoni,6,2020,0,Dry,0,0,5,72,64,15,35.0,187622,106.3,20.4,1057615,916110,584634,1459398
22.4,250.2,59.6,410234,99.7,8.01,2.31,20.6,Kinondoni,7,2020,2,Dry,0,0,5,72,64,15,35.0,187622,323.8,21.5,1459398,1535865,704238,1536028
23.5,160.1,93.5,120569,119.9,7.76,2.2,99.0,Kinondoni,8,2020,5,Dry,1,0,5,72,64,15,35.0,187622,126.7,24.6,1536028,1057615,742623,456863
24.3,296.6,55.8,481168,34.8,7.51,4.25,55.5,Kinondoni,9,2020,1,Dry,0,0,5,72,64,15,35.0,187622,435.1,24.1,456863,1459398,916110,1666455
21.4,19.7,90.8,295045,103.7,7.93,0.96,80.9,Kinondoni,10,2020,3,Dry,0,0,5,72,64,15,35.0,187622,12.0,20.5,1666455,1536028,1535865,1324748
22.6,256.0,56.7,277361,26.8,7.01,3.06,61.1,Kinondoni,11,2020,6,Rainy,1,0,5,72,64,15,35.0,187622,307.7,22.5,1324748,456863,1057615,794220
20.1,69.0,43.2,232352,165.7,7.12,4.4,30.9,Kinondoni,12,2020,1,Short Rains,0,0,5,72,64,15,35.0,187622,54.1,19.5,794220,1666455,1459398,841437
33.2,155.8,45.2,246524,178.8,8.37,3.58,50.3,Kinondoni,1,2021,4,Hot,0,0,5,72,64,15,35.0,187622,115.5,32.4,841437,1324748,1536028,934402
25.0,146.9,41.9,137479,135.2,8.17,3.39,76.4,Kinondoni,2,2021,0,Hot,0,0,5,72,64,15,35.0,187622,167.5,26.0,934402,794220,456863,457498
26.8,242.2,59.2,174866,136.6,6.67,3.57,32.1,Kinondoni,3,2021,0,Rainy,0,0,5,72,64,15,35.0,187622,187.4,27.3,457498,841437,1666455,490015
28.9,156.6,62.4,451185,66.7,7.71,2.65,32.5,Kinondoni,4,2021,3,Rainy,0,0,5,72,64,15,35.0,187622,172.9,28.1,490015,934402,1324748,1630988
28.0,140.3,54.4,162964,142.1,7.74,3.56,62.9,Kinondoni,5,2021,5,Rainy,1,0,5,72,64,15,35.0,187622,99.4,28.3,1630988,457498,794220,582107
27.5,286.3,80.8,99753,148.7,6.99,3.5,71.9,Kinondoni,6,2021,1,Dry,0,0,5,72,64,15,35.0,187622,246.9,28.8,582107,490015,841437,328651
29.1,114.4,59.7,398161,38.2,8.35,4.41,32.6,Kinondoni,7,2021,3,Dry,0,0,5,72,64,15,35.0,187622,98.8,28.4,328651,1630988,934402,1607223
34.3,207.0,57.4,154794,80.6,7.83,1.52,27.1,Kinondoni,8,2021,6,Dry,1,0,5,72,64,15,35.0,187622,242.7,32.8,1607223,582107,457498,519056
31.4,230.2,68.2,405275,122.1,6.75,2.89,20.7,Kinondoni,9,2021,2,Dry,0,0,5,72,64,15,35.0,187622,224.5,31.9,519056,328651,490015,1442227
23.1,220.5,58.8,195166,96.9,6.99,4.74,57.3,Kinondoni,10,2021,4,Dry,0,0,5,72,64,15,35.0,187622,172.2,23.0,1442227,1607223,1630988,559916
22.0,249.1,58.0,265681,18.9,7.39,2.26,51.2,Kinondoni,11,2021,0,Rainy,0,0,5,72,64,15,35.0,187622,132.8,21.7,559916,519056,582107,861379
32.1,175.5,49.0,131885,109.5,7.65,2.22,54.1,Kinondoni,12,2021,2,Short Rains,0,0,5,72,64,15,35.0,187622,251.6,32.7,861379,1442227,328651,541182
22.3,259.6,64.3,343256,91.7,7.09,2.43,90.3,Kinondoni,1,2022,5,Hot,1,0,5,72,64,15,35.0,187622,359.2,22.3,541182,559916,1607223,1204776
32.0,51.0,88.0,509453,137.5,8.35,2.98,65.2,Kinondoni,2,2022,1,Hot,0,0,5,72,64,15,35.0,187622,64.3,31.7,1204776,861379,519056,2036154
26.1,90.6,80.5,431768,98.4,8.37,1.37,56.5,Kinondoni,3,2022,1,Rainy,0,0,5,72,64,15,35.0,187622,98.8,26.0,2036154,541182,1442227,1603337
22.2,170.8,56.3,142148,198.8,8.34,2.5,22.6,Kinondoni,4,2022,4,Rainy,0,0,5,72,64,15,35.0,187622,136.5,22.9,1603337,1204776,559916,595571
29.7,167.9,94.2,87104,153.1,7.52,3.92,26.8,Kinondoni,5,2022,6,Rainy,1,0,5,72,64,15,35.0,187622,119.4,30.4,595571,2036154,861379,385614
20.7,180.5,90.4,152730,92.4,7.46,1.75,76.9,Kinondoni,6,2022,2,Dry,0,0,5,72,64,15,35.0,187622,227.0,20.8,385614,1603337,541182,678988
31.9,19.4,53.8,258537,116.4,6.96,1.08,97.4,Kinondoni,7,2022,4,Dry,0,0,5,72,64,15,35.0,187622,17.9,31.1,678988,595571,1204776,925253
25.8,294.4,87.1,401245,137.8,7.7,1.53,49.9,Kinondoni,8,2022,0,Dry,0,0,5,72,64,15,35.0,187622,232.9,25.5,925253,385614,2036154,1620610
31.7,273.1,73.0,347600,146.2,6.87,3.71,33.7,Kinondoni,9,2022,3,Dry,0,0,5,72,64,15,35.0,187622,219.6,31.1,1620610,678988,1603337,918220
21.2,74.3,55.4,500523,75.2,7.67,2.99,18.7,Kinondoni,10,2022,5,Dry,1,0,5,72,64,15,35.0,187622,91.9,20.3,918220,925253,595571,2061846
25.9,139.5,65.9,486259,134.1,7.22,3.8,67.1,Kinondoni,11,2022,1,Rainy,0,0,5,72,64,15,35.0,187622,113.0,24.8,2061846,1620610,385614,1753080
33.0,141.2,86.0,441767,76.0,6.76,1.61,29.0,Kinondoni,12,2022,3,Short Rains,0,0,5,72,64,15,35.0,187622,131.3,33.6,1753080,918220,678988,1484204
31.7,253.8,90.7,355140,18.2,7.55,2.92,71.8,Kinondoni,1,2023,6,Hot,1,0,5,72,64,15,35.0,187622,351.8,31.4,1484204,2061846,925253,1452175
20.5,138.8,50.1,102312,150.1,7.53,1.11,21.2,Kinondoni,2,2023,2,Hot,0,0,5,72,64,15,35.0,187622,93.0,19.8,1452175,1753080,1620610,466527
31.5,171.8,40.1,74735,105.1,7.11,1.75,36.4,Kinondoni,3,2023,2,Rainy,0,0,5,72,64,15,35.0,187622,203.1,31.3,466527,1484204,918220,344498
20.7,229.1,63.2,174938,198.0,7.83,0.54,73.5,Kinondoni,4,2023,5,Rainy,1,0,5,72,64,15,35.0,187622,323.5,20.6,344498,1452175,2061846,725270
20.5,250.6,61.5,246377,19.4,7.5,3.99,13.2,Kinondoni,5,2023,0,Rainy,0,0,5,72,64,15,35.0,187622,333.7,21.3,725270,466527,1753080,990955
20.6,61.6,90.3,330045,168.2,6.89,4.69,18.3,Kinondoni,6,2023,3,Dry,0,0,5,72,64,15,35.0,187622,45.0,20.3,990955,344498,1484204,1121748
23.8,123.1,42.6,115579,139.0,7.97,1.52,37.2,Kinondoni,7,2023,5,Dry,1,1,5,72,64,15,35.0,187622,69.7,23.7,1121748,725270,1452175,535433
34.3,122.2,40.9,491712,136.6,8.24,4.45,97.1,Kinondoni,8,2023,1,Dry,0,0,5,72,64,15,35.0,187622,142.9,35.1,535433,990955,466527,1346955
24.5,244.9,88.2,513061,84.1,8.39,2.5,21.2,Kinondoni,9,2023,4,Dry,0,0,5,72,64,15,35.0,187622,193.3,24.8,1346955,1121748,344498,1837355
26.6,136.4,93.4,307533,189.8,8.24,3.9,50.5,Kinondoni,10,2023,6,Dry,1,0,5,72,64,15,35.0,187622,119.4,26.7,1837355,535433,725270,894411
23.0,221.7,47.5,141980,170.0,6.69,3.45,31.4,Kinondoni,11,2023,2,Rainy,0,0,5,72,64,15,35.0,187622,267.9,24.0,894411,1346955,990955,580568
31.5,261.0,76.3,142547,141.9,7.27,4.48,86.6,Kinondoni,12,2023,4,Short Rains,0,0,5,72,64,15,35.0,187622,187.5,32.2,580568,1837355,1121748,491969
21.6,202.0,54.5,481220,47.1,6.71,1.01,47.7,Kinondoni,1,2024,0,Hot,0,0,5,72,64,15,35.0,187622,277.8,22.1,491969,894411,535433,1818891
22.6,24.2,68.6,369782,42.7,6.85,4.24,96.7,Kinondoni,2,2024,3,Hot,0,1,5,72,64,15,35.0,187622,30.6,22.3,1818891,580568,1346955,1364203
21.3,289.0,52.6,464231,137.9,6.66,0.64,98.9,Kinondoni,3,2024,4,Rainy,0,0,5,72,64,15,35.0,187622,412.6,21.9,1364203,491969,1837355,1586816
29.9,186.1,51.9,104954,21.9,6.62,1.72,97.2,Kinondoni,4,2024,0,Rainy,0,0,5,72,64,15,35.0,187622,102.0,30.0,1586816,1818891,894411,351134
28.6,220.1,42.1,206524,34.1,7.99,1.09,39.8,Kinondoni,5,2024,2,Rainy,0,0,5,72,64,15,35.0,187622,298.4,28.7,351134,1364203,580568,753664
25.7,66.7,49.6,456416,65.8,7.42,4.62,45.4,Kinondoni,6,2024,5,Dry,1,0,5,72,64,15,35.0,187622,73.5,26.7,753664,1586816,491969,1724012
20.8,192.2,66.6,211268,119.1,7.89,4.54,47.2,Kinondoni,7,2024,0,Dry,0,0,5,72,64,15,35.0,187622,255.0,19.9,1724012,351134,1818891,802988
29.5,287.0,85.3,320826,95.6,7.33,4.08,96.1,Kinondoni,8,2024,3,Dry,0,0,5,72,64,15,35.0,187622,145.9,29.1,802988,753664,1364203,919223
27.6,289.6,73.5,251369,21.7,6.76,1.41,11.8,Kinondoni,9,2024,6,Dry,1,0,5,72,64,15,35.0,187622,236.8,27.8,919223,1724012,1586816,1020760
22.1,132.3,61.1,76462,27.0,7.14,2.84,86.8,Kinondoni,10,2024,1,Dry,0,0,5,72,64,15,35.0,187622,192.8,21.3,1020760,802988,351134,378213
32.5,170.3,51.3,285839,22.7,7.24,3.54,78.1,Kinondoni,11,2024,4,Rainy,0,0,5,72,64,15,35.0,187622,192.5,32.2,378213,919223,753664,1195799
21.7,224.6,74.5,108950,153.3,7.8,1.89,85.8,Kinondoni,12,2024,6,Short Rains,1,0,5,72,64,15,35.0,187622,226.3,22.4,1195799,1020760,1724012,424206
29.1,258.4,64.1,256578,90.5,8.24,4.6,12.9,Temeke,1,2005,5,Hot,1,0,4,5,35,36,28.8,367146,173.0,29.5,736371,691825,968441,809384
33.0,128.2,66.0,405171,176.9,7.76,0.91,42.9,Temeke,2,2005,1,Hot,0,0,4,5,35,36,28.8,367146,141.2,32.8,809384,1739511,1349329,1559682
24.1,58.4,84.2,111229,124.5,7.91,2.28,77.1,Temeke,3,2005,1,Rainy,0,0,4,5,35,36,28.8,367146,77.3,23.2,1559682,363985,479310,423162
21.0,176.4,53.0,442395,155.6,8.42,2.26,45.6,Temeke,4,2005,4,Rainy,0,0,4,5,35,36,28.8,367146,170.3,21.4,423162,809384,1333043,1491464
25.8,60.0,87.1,425264,55.4,7.76,3.0,14.5,Temeke,5,2005,6,Rainy,1,0,4,5,35,36,28.8,367146,44.7,25.4,1491464,1559682,1389993,1506904
27.5,113.7,65.8,117407,187.3,8.28,0.72,71.2,Temeke,6,2005,2,Dry,0,0,4,5,35,36,28.8,367146,143.3,27.9,1506904,423162,274856,322488
25.4,135.0,53.0,188124,179.0,8.46,1.55,89.3,Temeke,7,2005,4,Dry,0,0,4,5,35,36,28.8,367146,166.4,25.6,322488,1491464,809384,582017
20.1,74.8,78.9,209873,20.6,7.69,1.51,70.3,Temeke,8,2005,0,Dry,0,0,4,5,35,36,28.8,367146,58.8,20.6,582017,1506904,1559682,711397
23.5,146.6,88.6,58490,119.5,7.84,2.72,15.4,Temeke,9,2005,3,Dry,0,0,4,5,35,36,28.8,367146,164.9,23.3,711397,322488,423162,157038
32.9,175.7,81.1,87575,127.2,7.2,0.65,92.3,Temeke,10,2005,5,Dry,1,0,4,5,35,36,28.8,367146,103.0,31.8,157038,582017,1491464,229688
23.5,271.1,93.4,298826,77.3,7.55,3.45,47.8,Temeke,11,2005,1,Rainy,0,0,4,5,35,36,28.8,367146,305.9,24.4,229688,711397,1506904,925960
29.1,138.7,52.1,412514,104.7,7.18,4.29,38.2,Temeke,12,2005,3,Short Rains,0,0,4,5,35,36,28.8,367146,139.0,28.7,925960,157038,322488,1205226
25.5,204.2,66.8,115990,129.0,7.86,4.36,68.5,Temeke,1,2006,6,Hot,1,0,4,5,35,36,28.8,367146,123.7,25.5,1205226,229688,582017,284173
30.8,90.9,83.8,283012,163.3,6.57,4.6,36.3,Temeke,2,2006,2,Hot,0,0,4,5,35,36,28.8,367146,59.8,29.9,284173,925960,711397,732499
31.3,227.3,47.5,292604,110.4,7.5,0.89,66.9,Temeke,3,2006,2,Rainy,0,0,4,5,35,36,28.8,367146,155.5,30.5,732499,1205226,157038,782599
34.9,61.3,51.2,125538,119.5,7.26,4.54,72.5,Temeke,4,2006,5,Rainy,1,0,4,5,35,36,28.8,367146,40.7,34.1,782599,284173,229688,453074
23.7,56.0,53.4,383420,61.0,8.22,3.73,40.5,Temeke,5,2006,0,Rainy,0,0,4,5,35,36,28.8,367146,78.4,24.1,453074,732499,925960,1127700
21.9,150.0,68.5,500550,153.2,6.6,1.7,79.4,Temeke,6,2006,3,Dry,0,0,4,5,35,36,28.8,367146,97.1,22.9,1127700,782599,1205226,1943166
27.8,158.7,49.6,378853,53.9,6.88,0.56,87.8,Temeke,7,2006,5,Dry,1,0,4,5,35,36,28.8,367146,200.9,28.1,1943166,453074,284173,1068241
21.0,47.2,81.6,482884,185.1,7.9,2.61,69.2,Temeke,8,2006,1,Dry,0,0,4,5,35,36,28.8,367146,50.9,21.4,1068241,1127700,732499,1867775
20.5,36.4,94.2,374362,175.9,8.05,2.11,17.7,Temeke,9,2006,4,Dry,0,0,4,5,35,36,28.8,367146,26.9,20.6,1867775,1943166,782599,1379001
30.2,87.6,70.5,491939,114.5,7.91,4.39,49.1,Temeke,10,2006,6,Dry,1,0,4,5,35,36,28.8,367146,44.5,31.7,1379001,1068241,453074,1938828
29.1,216.6,81.7,190780,180.0,7.4,1.04,24.3,Temeke,11,2006,2,Rainy,0,1,4,5,35,36,28.8,367146,188.6,29.3,1938828,1867775,1127700,575406
22.3,267.5,80.7,190122,113.2,7.94,2.31,75.3,Temeke,12,2006,4,Short Rains,0,0,4,5,35,36,28.8,367146,284.8,22.6,575406,1379001,1943166,535996
32.6,226.2,59.7,202105,199.1,6.86,3.05,23.3,Temeke,1,2007,0,Hot,0,0,4,5,35,36,28.8,367146,281.3,32.1,535996,1938828,1068241,553169
22.4,246.6,60.3,320357,187.1,7.36,4.76,68.5,Temeke,2,2007,3,Hot,0,0,4,5,35,36,28.8,367146,155.7,23.4,553169,575406,1867775,773353
29.2,263.4,89.7,60113,159.5,6.85,4.41,36.0,Temeke,3,2007,3,Rainy,0,0,4,5,35,36,28.8,367146,252.4,29.4,773353,535996,1379001,144893
25.0,284.1,60.7,469602,46.4,7.35,4.66,62.2,Temeke,4,2007,6,Rainy,1,0,4,5,35,36,28.8,367146,273.9,24.8,144893,553169,1938828,1664403
32.4,284.5,47.8,408711,106.9,7.72,2.12,62.4,Temeke,5,2007,1,Rainy,0,0,4,5,35,36,28.8,367146,309.2,33.4,1664403,773353,575406,1012766
27.5,116.1,60.6,112053,84.2,6.89,4.07,86.1,Temeke,6,2007,4,Dry,0,0,4,5,35,36,28.8,367146,91.6,27.9,1012766,144893,535996,276470
20.3,29.2,70.4,171933,138.3,8.24,3.51,41.8,Temeke,7,2007,6,Dry,1,0,4,5,35,36,28.8,367146,40.3,20.9,276470,1664403,553169,633606
33.1,298.0,85.6,469014,119.2,6.58,0.69,41.1,Temeke,8,2007,2,Dry,0,0,4,5,35,36,28.8,367146,230.9,33.0,633606,1012766,773353,1706553
23.2,197.1,70.9,390085,134.1,6.95,3.85,61.6,Temeke,9,2007,5,Dry,1,0,4,5,35,36,28.8,367146,166.2,24.1,1706553,276470,144893,956086
26.3,258.0,71.6,66260,160.1,7.28,2.61,10.2,Temeke,10,2007,0,Dry,0,0,4,5,35,36,28.8,367146,223.5,25.5,956086,633606,1664403,145756
22.3,35.4,85.2,349879,170.0,8.34,2.17,68.8,Temeke,11,2007,3,Rainy,0,0,4,5,35,36,28.8,367146,42.9,23.2,145756,1706553,1012766,1358432
27.0,182.9,63.8,136607,54.1,7.52,3.26,15.8,Temeke,12,2007,5,Short Rains,1,0,4,5,35,36,28.8,367146,178.0,28.1,1358432,956086,276470,464421
20.8,100.5,87.8,298615,69.8,8.11,3.86,77.2,Temeke,1,2008,1,Hot,0,0,4,5,35,36,28.8,367146,124.1,20.9,464421,145756,633606,1149852
33.4,156.6,92.1,225600,32.5,7.58,1.62,52.4,Temeke,2,2008,4,Hot,0,0,4,5,35,36,28.8,367146,84.7,32.2,1149852,1358432,1706553,579551
22.5,190.7,86.4,137400,54.7,7.37,1.29,34.9,Temeke,3,2008,5,Rainy,1,0,4,5,35,36,28.8,367146,206.4,22.4,579551,464421,956086,484759
25.3,19.4,71.4,57095,80.1,7.12,0.74,30.8,Temeke,4,2008,1,Rainy,0,0,4,5,35,36,28.8,367146,26.6,25.7,484759,1149852,145756,236452
32.6,284.9,89.5,234294,111.5,7.09,1.58,96.8,Temeke,5,2008,3,Rainy,0,0,4,5,35,36,28.8,367146,371.0,33.6,236452,579551,1358432,636460
32.0,298.5,80.0,85002,87.2,8.06,3.79,78.4,Temeke,6,2008,6,Dry,1,0,4,5,35,36,28.8,367146,395.6,31.7,636460,484759,464421,154778
33.4,36.3,50.1,449223,151.8,6.57,1.12,81.4,Temeke,7,2008,1,Dry,0,0,4,5,35,36,28.8,367146,18.7,33.0,154778,236452,1149852,1156222
20.5,63.7,72.2,187108,124.3,7.67,1.57,52.8,Temeke,8,2008,4,Dry,0,0,4,5,35,36,28.8,367146,32.0,21.4,1156222,636460,579551,632695
30.2,22.9,48.8,445049,177.4,7.59,1.8,45.1,Temeke,9,2008,0,Dry,0,0,4,5,35,36,28.8,367146,24.6,29.7,632695,154778,484759,1319464
26.8,203.4,74.0,232214,131.5,7.02,1.66,79.1,Temeke,10,2008,2,Dry,0,0,4,5,35,36,28.8,367146,105.5,27.5,1319464,1156222,236452,625606
34.8,209.4,50.5,86780,163.5,7.07,4.76,27.3,Temeke,11,2008,5,Rainy,1,0,4,5,35,36,28.8,367146,145.3,33.3,625606,632695,636460,224391
29.3,33.3,74.4,347277,54.2,7.71,2.66,37.0,Temeke,12,2008,0,Short Rains,0,0,4,5,35,36,28.8,367146,31.6,28.0,224391,1319464,154778,1025643
29.7,181.9,50.7,342173,108.0,7.22,4.11,14.6,Temeke,1,2009,3,Hot,0,0,4,5,35,36,28.8,367146,172.5,29.1,1025643,625606,1156222,820828
24.2,93.1,45.1,57614,189.6,6.95,2.77,71.9,Temeke,2,2009,6,Hot,1,0,4,5,35,36,28.8,367146,108.3,25.2,820828,224391,632695,151827
22.3,285.9,42.2,200107,115.1,7.02,3.58,85.9,Temeke,3,2009,6,Rainy,1,0,4,5,35,36,28.8,367146,200.3,21.3,151827,1025643,1319464,550035
24.3,108.6,63.7,172553,67.0,8.31,1.82,65.4,Temeke,4,2009,2,Rainy,0,0,4,5,35,36,28.8,367146,114.4,24.6,550035,820828,625606,495226
28.6,272.3,55.7,308288,162.3,8.35,3.05,95.6,Temeke,5,2009,4,Rainy,0,0,4,5,35,36,28.8,367146,199.7,29.1,495226,151827,224391,853397
27.4,205.6,81.8,395080,68.0,7.75,1.58,42.9,Temeke,6,2009,0,Dry,0,0,4,5,35,36,28.8,367146,200.4,26.4,853397,550035,1025643,1326668
25.4,36.0,81.3,181843,140.9,8.22,1.23,87.5,Temeke,7,2009,2,Dry,0,0,4,5,35,36,28.8,367146,41.5,25.3,1326668,495226,820828,550074
31.9,131.7,94.4,450713,86.9,6.75,2.88,52.0,Temeke,8,2009,5,Dry,1,0,4,5,35,36,28.8,367146,98.4,32.2,550074,853397,151827,1275876
20.0,291.9,51.3,158780,124.4,6.67,4.73,79.4,Temeke,9,2009,1,Dry,0,0,4,5,35,36,28.8,367146,344.3,20.0,1275876,1326668,550035,451944
22.8,152.5,58.3,386661,102.0,7.11,4.23,14.6,Temeke,10,2009,3,Dry,0,0,4,5,35,36,28.8,367146,130.0,22.1,451944,550074,495226,961083
21.7,257.1,88.9,324501,189.0,7.64,4.23,36.6,Temeke,11,2009,6,Rainy,1,0,4,5,35,36,28.8,367146,373.7,22.1,961083,1275876,853397,1057690
27.3,39.7,66.6,236403,58.6,7.06,4.7,26.0,Temeke,12,2009,1,Short Rains,0,0,4,5,35,36,28.8,367146,46.4,28.0,1057690,451944,1326668,925151
33.9,186.1,41.5,237209,29.6,8.05,3.29,58.0,Temeke,1,2010,4,Hot,0,0,4,5,35,36,28.8,367146,245.0,33.1,925151,961083,550074,816708
31.9,36.8,78.1,368147,199.3,8.34,4.27,82.9,Temeke,2,2010,0,Hot,0,0,4,5,35,36,28.8,367146,21.4,33.0,816708,1057690,1275876,1339956
32.8,14.6,88.0,309987,170.6,7.3,1.2,43.8,Temeke,3,2010,0,Rainy,0,0,4,5,35,36,28.8,367146,16.6,32.4,1339956,925151,451944,1136839
28.3,126.9,94.0,216843,110.6,7.89,1.14,57.0,Temeke,4,2010,3,Rainy,0,0,4,5,35,36,28.8,367146,136.2,29.4,1136839,816708,961083,616171
25.7,263.3,65.7,100360,106.6,7.53,4.26,40.4,Temeke,5,2010,5,Rainy,1,0,4,5,35,36,28.8,367146,161.2,26.7,616171,1339956,1057690,177540
29.8,135.7,88.9,376820,165.9,8.48,1.57,56.7,Temeke,6,2010,1,Dry,0,0,4,5,35,36,28.8,367146,87.3,29.8,177540,1136839,925151,1169338
20.9,67.6,63.9,433738,31.7,6.53,1.04,75.7,Temeke,7,2010,3,Dry,0,0,4,5,35,36,28.8,367146,48.9,21.6,1169338,616171,816708,1216922
28.5,85.9,49.7,411025,16.7,6.89,0.81,87.9,Temeke,8,2010,6,Dry,1,1,4,5,35,36,28.8,367146,90.6,28.8,1216922,177540,1339956,1239224
34.9,266.1,70.9,86367,30.9,8.13,3.98,51.9,Temeke,9,2010,2,Dry,0,0,4,5,35,36,28.8,367146,265.7,36.6,1239224,1169338,1136839,156594
34.4,134.7,78.6,260263,130.8,6.54,3.46,68.5,Temeke,10,2010,4,Dry,0,0,4,5,35,36,28.8,367146,177.1,36.0,156594,1216922,616171,879317
25.3,212.5,70.8,120206,178.4,7.25,1.7,84.9,Temeke,11,2010,0,Rainy,0,0,4,5,35,36,28.8,367146,141.0,25.9,879317,1239224,177540,371238
29.3,257.3,64.2,355449,81.9,6.71,1.18,12.8,Temeke,12,2010,2,Short Rains,0,0,4,5,35,36,28.8,367146,354.3,30.5,371238,156594,1169338,1117120
31.4,175.0,48.0,459365,14.2,7.18,4.27,23.6,Temeke,1,2011,5,Hot,1,0,4,5,35,36,28.8,367146,147.2,32.1,1117120,879317,1216922,1527602
30.1,175.8,66.9,175841,99.1,6.95,0.51,60.2,Temeke,2,2011,1,Hot,0,0,4,5,35,36,28.8,367146,258.3,31.2,1527602,371238,1239224,522580
23.5,38.5,43.7,75266,74.8,8.25,5.0,58.9,Temeke,3,2011,1,Rainy,0,0,4,5,35,36,28.8,367146,54.0,23.5,522580,1117120,156594,292305
29.0,153.1,51.5,167914,72.3,7.41,1.67,61.2,Temeke,4,2011,4,Rainy,0,0,4,5,35,36,28.8,367146,216.9,29.6,292305,1527602,879317,448327
28.5,7.7,63.3,266769,75.8,7.17,4.71,17.9,Temeke,5,2011,6,Rainy,1,0,4,5,35,36,28.8,367146,5.6,27.9,448327,522580,371238,854310
32.5,277.6,43.1,277390,138.4,7.44,1.91,74.2,Temeke,6,2011,2,Dry,0,0,4,5,35,36,28.8,367146,277.2,33.0,854310,292305,1117120,693292
27.3,105.2,42.5,317918,169.1,7.35,3.67,15.2,Temeke,7,2011,4,Dry,0,0,4,5,35,36,28.8,367146,102.1,28.0,693292,448327,1527602,1011724
22.5,158.9,73.8,283882,84.8,7.23,3.3,69.6,Temeke,8,2011,0,Dry,0,0,4,5,35,36,28.8,367146,186.6,21.8,1011724,854310,522580,1095797
23.5,278.3,77.2,224137,71.9,8.11,4.77,40.8,Temeke,9,2011,3,Dry,0,0,4,5,35,36,28.8,367146,282.5,23.2,1095797,693292,292305,501095
33.5,3.9,64.3,223800,55.4,8.3,2.71,73.5,Temeke,10,2011,5,Dry,1,0,4,5,35,36,28.8,367146,3.2,32.6,501095,1011724,448327,634515
34.1,187.6,74.5,135697,89.7,8.32,3.93,53.3,Temeke,11,2011,1,Rainy,0,0,4,5,35,36,28.8,367146,125.0,33.2,634515,1095797,854310,365722
21.3,268.7,83.4,177896,152.7,6.67,2.19,44.8,Temeke,12,2011,3,Short Rains,0,0,4,5,35,36,28.8,367146,250.9,20.5,365722,501095,693292,567054
30.2,255.3,72.8,441741,157.3,7.87,4.95,21.1,Temeke,1,2012,6,Hot,1,0,4,5,35,36,28.8,367146,215.1,28.8,567054,634515,1011724,1548057
29.0,91.4,78.0,373130,73.3,7.26,2.13,74.7,Temeke,2,2012,2,Hot,0,0,4,5,35,36,28.8,367146,83.6,27.6,1548057,365722,1095797,1192933
21.6,85.5,68.8,166356,54.5,8.07,0.99,67.7,Temeke,3,2012,3,Rainy,0,0,4,5,35,36,28.8,367146,128.0,21.1,1192933,567054,501095,536245
32.6,290.0,87.0,81509,80.7,7.57,2.67,13.9,Temeke,4,2012,6,Rainy,1,0,4,5,35,36,28.8,367146,173.6,32.4,536245,1548057,634515,161902
29.7,222.5,58.7,261284,89.8,7.4,3.74,61.2,Temeke,5,2012,1,Rainy,0,0,4,5,35,36,28.8,367146,262.5,30.7,161902,1192933,365722,919553
23.1,197.8,62.7,173690,179.7,6.98,3.36,59.0,Temeke,6,2012,4,Dry,0,0,4,5,35,36,28.8,367146,273.3,22.5,919553,536245,567054,577328
29.0,237.6,45.1,346340,95.9,7.52,4.33,63.4,Temeke,7,2012,6,Dry,1,1,4,5,35,36,28.8,367146,313.4,30.4,577328,161902,1548057,1048849
27.4,155.8,52.0,469586,28.7,7.66,2.86,37.3,Temeke,8,2012,2,Dry,0,0,4,5,35,36,28.8,367146,94.3,27.2,1048849,919553,1192933,1547486
34.4,0.4,60.3,418553,55.6,6.62,3.77,55.8,Temeke,9,2012,5,Dry,1,0,4,5,35,36,28.8,367146,0.4,34.0,1547486,577328,536245,1161781
24.6,279.8,49.7,464541,182.0,6.57,4.37,56.2,Temeke,10,2012,0,Dry,0,0,4,5,35,36,28.8,367146,251.0,23.8,1161781,1048849,161902,1418883
33.6,32.5,59.7,258850,62.0,7.19,1.02,98.6,Temeke,11,2012,3,Rainy,0,0,4,5,35,36,28.8,367146,37.5,33.3,1418883,1547486,919553,856871
28.6,154.1,64.8,509094,111.2,7.48,4.52,57.0,Temeke,12,2012,5,Short Rains,1,0,4,5,35,36,28.8,367146,194.9,28.6,856871,1161781,577328,1368504
27.5,42.8,93.7,346911,179.0,7.74,4.36,59.2,Temeke,1,2013,1,Hot,0,0,4,5,35,36,28.8,367146,21.5,26.5,1368504,1418883,1048849,1023617
32.4,18.4,89.9,313774,46.1,8.01,3.2,11.0,Temeke,2,2013,4,Hot,0,0,4,5,35,36,28.8,367146,19.4,31.2,1023617,856871,1547486,1019652
28.1,150.7,77.3,273995,156.1,8.3,4.03,63.1,Temeke,3,2013,4,Rainy,0,0,4,5,35,36,28.8,367146,160.6,26.9,1019652,1368504,1161781,851593
23.6,70.8,58.9,215293,81.8,8.15,2.36,16.8,Temeke,4,2013,0,Rainy,0,0,4,5,35,36,28.8,367146,55.9,23.2,851593,1023617,1418883,623849
34.4,158.6,58.7,421614,12.8,7.98,0.98,34.5,Temeke,5,2013,2,Rainy,0,0,4,5,35,36,28.8,367146,212.5,36.1,623849,1019652,856871,1183752
30.8,129.5,61.0,257203,129.5,7.46,2.67,50.6,Temeke,6,2013,5,Dry,1,0,4,5,35,36,28.8,367146,128.0,29.6,1183752,851593,1368504,643314
23.3,195.1,61.9,334666,13.1,7.17,1.59,34.1,Temeke,7,2013,0,Dry,0,0,4,5,35,36,28.8,367146,227.0,23.8,643314,623849,1023617,790778
33.8,157.1,78.8,127671,177.6,8.24,4.2,66.3,Temeke,8,2013,3,Dry,0,0,4,5,35,36,28.8,367146,207.5,33.5,790778,1183752,1019652,356820
34.9,36.2,70.7,128734,137.6,8.45,2.96,46.7,Temeke,9,2013,6,Dry,1,0,4,5,35,36,28.8,367146,49.9,34.0,356820,643314,851593,501290
23.3,16.1,82.4,195815,56.0,7.39,4.88,24.7,Temeke,10,2013,1,Dry,0,0,4,5,35,36,28.8,367146,20.8,24.4,501290,790778,623849,751740
22.0,277.1,51.5,449564,98.1,6.88,1.24,31.9,Temeke,11,2013,4,Rainy,0,0,4,5,35,36,28.8,367146,248.4,22.9,751740,356820,1183752,1339369
32.4,216.4,43.5,111840,121.1,7.77,3.17,51.3,Temeke,12,2013,6,Short Rains,1,0,4,5,35,36,28.8,367146,122.7,31.0,1339369,501290,643314,224168
31.2,251.1,43.7,499931,48.4,8.12,4.85,26.6,Temeke,1,2014,2,Hot,0,0,4,5,35,36,28.8,367146,298.6,32.0,224168,751740,790778,1393990
31.0,131.6,53.9,200461,180.3,7.79,1.36,76.2,Temeke,2,2014,5,Hot,1,0,4,5,35,36,28.8,367146,118.3,30.4,1393990,1339369,356820,512807
27.7,281.9,87.3,204619,159.8,8.07,0.67,90.1,Temeke,3,2014,5,Rainy,1,0,4,5,35,36,28.8,367146,201.5,27.7,512807,224168,501290,640612
24.2,139.1,90.6,453586,51.9,8.42,3.07,45.3,Temeke,4,2014,1,Rainy,0,0,4,5,35,36,28.8,367146,147.3,24.0,640612,1393990,751740,1737204
21.5,243.0,45.3,334675,65.1,7.15,4.81,76.5,Temeke,5,2014,3,Rainy,0,0,4,5,35,36,28.8,367146,321.5,22.5,1737204,512807,1339369,1023245
26.2,116.3,72.0,99990,84.0,7.32,3.61,77.1,Temeke,6,2014,6,Dry,1,0,4,5,35,36,28.8,367146,84.6,26.3,1023245,640612,224168,359190
22.7,202.9,84.2,389809,42.3,8.48,1.81,88.0,Temeke,7,2014,1,Dry,0,0,4,5,35,36,28.8,367146,129.7,23.2,359190,1737204,1393990,1141303
24.2,293.8,92.8,146246,191.2,6.68,3.29,84.6,Temeke,8,2014,4,Dry,0,0,4,5,35,36,28.8,367146,266.9,24.0,1141303,1023245,512807,440124
33.1,261.5,84.7,420054,138.5,6.77,3.4,71.1,Temeke,9,2014,0,Dry,0,0,4,5,35,36,28.8,367146,218.9,32.1,440124,359190,640612,1402437
34.9,235.8,71.5,241649,99.7,7.08,3.03,42.2,Temeke,10,2014,2,Dry,0,1,4,5,35,36,28.8,367146,308.0,36.0,1402437,1141303,1737204,636934
20.5,271.9,64.7,382548,134.1,7.23,4.79,57.6,Temeke,11,2014,5,Rainy,1,0,4,5,35,36,28.8,367146,334.4,21.0,636934,440124,1023245,1077355
20.1,178.9,50.9,404226,160.8,8.24,1.51,79.7,Temeke,12,2014,0,Short Rains,0,0,4,5,35,36,28.8,367146,142.4,19.4,1077355,1402437,359190,1018834
34.0,228.9,61.0,251096,41.2,8.28,3.06,93.8,Temeke,1,2015,3,Hot,0,0,4,5,35,36,28.8,367146,237.5,34.0,1018834,636934,1141303,607348
25.3,50.6,60.6,94566,57.4,6.53,4.7,65.3,Temeke,2,2015,6,Hot,1,0,4,5,35,36,28.8,367146,37.3,24.7,607348,1077355,440124,367331
29.8,40.8,56.6,425977,55.8,8.09,3.47,46.1,Temeke,3,2015,6,Rainy,1,0,4,5,35,36,28.8,367146,56.6,30.5,367331,1018834,1402437,1672209
29.5,244.2,52.1,164843,58.6,8.11,0.78,32.5,Temeke,4,2015,2,Rainy,0,1,4,5,35,36,28.8,367146,324.0,29.1,1672209,607348,636934,576514
31.0,95.9,47.4,202550,192.4,7.43,0.68,42.7,Temeke,5,2015,4,Rainy,0,0,4,5,35,36,28.8,367146,131.4,30.2,576514,367331,1077355,799160
23.9,257.1,45.6,438813,65.1,7.08,2.98,28.8,Temeke,6,2015,0,Dry,0,0,4,5,35,36,28.8,367146,303.8,22.9,799160,1672209,1018834,1545416
32.4,264.5,70.9,448452,80.3,8.16,3.91,34.0,Temeke,7,2015,2,Dry,0,0,4,5,35,36,28.8,367146,170.8,31.8,1545416,576514,607348,1295469
28.2,138.8,74.5,285799,52.5,6.76,0.71,12.2,Temeke,8,2015,5,Dry,1,0,4,5,35,36,28.8,367146,144.2,26.8,1295469,799160,367331,1059400
24.9,223.5,52.9,155395,48.7,6.93,3.82,63.4,Temeke,9,2015,1,Dry,0,0,4,5,35,36,28.8,367146,154.8,25.7,1059400,1545416,1672209,507650
25.3,299.2,70.1,459524,155.8,7.02,3.25,49.3,Temeke,10,2015,3,Dry,0,0,4,5,35,36,28.8,367146,314.2,24.3,507650,1295469,576514,1582124
26.0,189.5,57.9,220675,109.4,8.4,3.98,76.5,Temeke,11,2015,6,Rainy,1,0,4,5,35,36,28.8,367146,190.7,25.2,1582124,1059400,799160,528478
29.3,3.4,40.8,203309,12.9,7.74,3.05,20.7,Temeke,12,2015,1,Short Rains,0,0,4,5,35,36,28.8,367146,2.4,30.7,528478,507650,1545416,633016
31.6,182.3,72.5,423638,199.8,7.23,4.71,17.6,Temeke,1,2016,4,Hot,0,0,4,5,35,36,28.8,367146,203.6,30.3,633016,1582124,1295469,1115403
26.0,111.4,82.0,259459,140.2,7.42,1.14,68.9,Temeke,2,2016,0,Hot,0,0,4,5,35,36,28.8,367146,124.9,24.9,1115403,528478,1059400,689061
22.4,58.4,64.0,506204,55.9,7.53,1.83,63.1,Temeke,3,2016,1,Rainy,0,0,4,5,35,36,28.8,367146,60.2,22.7,689061,633016,507650,1627084
24.0,228.2,84.9,96543,63.5,8.14,2.12,54.2,Temeke,4,2016,4,Rainy,0,0,4,5,35,36,28.8,367146,339.1,23.3,1627084,1115403,1582124,236477
29.4,274.3,79.9,204022,76.7,7.25,3.89,98.0,Temeke,5,2016,6,Rainy,1,0,4,5,35,36,28.8,367146,199.4,29.3,236477,689061,528478,452015
31.1,172.6,49.5,150286,44.4,7.57,4.23,90.4,Temeke,6,2016,2,Dry,0,0,4,5,35,36,28.8,367146,249.7,31.7,452015,1627084,633016,405571
34.8,179.4,68.9,204573,12.5,8.34,0.92,26.3,Temeke,7,2016,4,Dry,0,0,4,5,35,36,28.8,367146,165.4,34.2,405571,236477,1115403,633464
27.1,21.6,82.7,479600,156.8,7.66,1.08,45.2,Temeke,8,2016,0,Dry,0,0,4,5,35,36,28.8,367146,23.4,27.8,633464,452015,689061,1259016
25.3,215.1,81.8,256316,103.6,7.53,1.69,100.0,Temeke,9,2016,3,Dry,0,0,4,5,35,36,28.8,367146,134.1,25.2,1259016,405571,1627084,918512
24.2,107.1,72.7,255885,164.6,7.86,0.84,43.1,Temeke,10,2016,5,Dry,1,0,4,5,35,36,28.8,367146,119.3,23.7,918512,633464,236477,851655
34.4,274.6,88.0,452124,169.6,7.12,4.93,28.2,Temeke,11,2016,1,Rainy,0,0,4,5,35,36,28.8,367146,254.3,34.8,851655,1259016,452015,1680467
27.7,269.3,50.1,123797,98.8,7.77,1.17,22.2,Temeke,12,2016,3,Short Rains,0,1,4,5,35,36,28.8,367146,192.6,28.2,1680467,918512,405571,264364
29.0,120.6,70.8,318938,98.2,7.26,0.7,72.2,Temeke,1,2017,6,Hot,1,0,4,5,35,36,28.8,367146,144.2,29.9,264364,851655,633464,1177020
23.0,80.6,48.4,505730,59.1,8.04,2.52,58.3,Temeke,2,2017,2,Hot,0,0,4,5,35,36,28.8,367146,53.4,24.1,1177020,1680467,1259016,1807726
24.2,114.9,40.5,376569,70.6,6.56,0.72,52.8,Temeke,3,2017,2,Rainy,0,0,4,5,35,36,28.8,367146,68.2,24.7,1807726,264364,918512,1062806
23.0,247.2,86.0,154537,44.0,6.99,3.53,73.7,Temeke,4,2017,5,Rainy,1,1,4,5,35,36,28.8,367146,209.6,22.9,1062806,1177020,851655,384414
33.9,43.4,91.8,485157,63.4,8.08,3.84,21.1,Temeke,5,2017,0,Rainy,0,0,4,5,35,36,28.8,367146,22.2,33.5,384414,1807726,1680467,1267064
31.1,137.9,50.2,458584,165.1,7.1,2.13,84.7,Temeke,6,2017,3,Dry,0,0,4,5,35,36,28.8,367146,150.2,32.1,1267064,1062806,264364,1419330
22.0,99.1,74.5,252097,91.3,6.95,0.56,37.0,Temeke,7,2017,5,Dry,1,0,4,5,35,36,28.8,367146,111.7,22.6,1419330,384414,1177020,706231
23.4,268.5,58.3,317635,176.7,8.32,1.29,59.2,Temeke,8,2017,1,Dry,0,0,4,5,35,36,28.8,367146,215.1,23.3,706231,1267064,1807726,1117229
30.3,212.2,79.1,111805,98.9,6.61,4.97,97.9,Temeke,9,2017,4,Dry,0,0,4,5,35,36,28.8,367146,173.5,31.5,1117229,1419330,1062806,316926
20.5,133.8,64.5,295055,184.8,8.14,2.94,40.2,Temeke,10,2017,6,Dry,1,0,4,5,35,36,28.8,367146,108.0,20.0,316926,706231,384414,959177
22.4,195.8,76.3,370427,57.8,8.29,0.79,72.4,Temeke,11,2017,2,Rainy,0,0,4,5,35,36,28.8,367146,253.6,23.2,959177,1117229,1267064,1082219
27.9,272.1,76.7,453587,52.4,6.51,4.4,22.1,Temeke,12,2017,4,Short Rains,0,0,4,5,35,36,28.8,367146,290.8,27.5,1082219,316926,1419330,1237663
28.8,205.6,65.8,381368,177.3,7.44,2.89,51.7,Temeke,1,2018,0,Hot,0,1,4,5,35,36,28.8,367146,262.7,29.2,1237663,959177,706231,1323971
24.8,86.1,56.1,496608,83.8,7.46,1.25,35.7,Temeke,2,2018,3,Hot,0,0,4,5,35,36,28.8,367146,93.2,23.8,1323971,1082219,1117229,1836676
20.1,70.4,69.3,200245,176.0,7.97,4.57,84.1,Temeke,3,2018,3,Rainy,0,1,4,5,35,36,28.8,367146,81.9,19.3,1836676,1237663,316926,666974
28.3,289.7,66.8,207215,92.9,7.81,1.15,41.6,Temeke,4,2018,6,Rainy,1,0,4,5,35,36,28.8,367146,411.5,27.6,666974,1323971,959177,703510
32.4,77.5,40.9,208205,101.4,6.58,1.09,95.7,Temeke,5,2018,1,Rainy,0,0,4,5,35,36,28.8,367146,47.8,32.0,703510,1836676,1082219,628697
31.4,1.6,65.5,196609,68.9,6.89,1.34,11.2,Temeke,6,2018,4,Dry,0,0,4,5,35,36,28.8,367146,1.4,32.7,628697,666974,1237663,688335
23.9,285.3,44.1,200501,22.7,7.56,2.52,95.9,Temeke,7,2018,6,Dry,1,0,4,5,35,36,28.8,367146,392.0,22.9,688335,703510,1323971,521590
30.7,95.9,42.4,363677,50.7,6.98,0.65,88.7,Temeke,8,2018,2,Dry,0,0,4,5,35,36,28.8,367146,108.2,30.5,521590,628697,1836676,1075036
28.5,223.4,74.6,429687,172.6,6.9,4.83,23.8,Temeke,9,2018,5,Dry,1,0,4,5,35,36,28.8,367146,304.9,27.1,1075036,688335,666974,1456665
30.4,249.5,81.8,448590,138.4,7.56,2.91,59.1,Temeke,10,2018,0,Dry,0,0,4,5,35,36,28.8,367146,290.1,31.1,1456665,521590,703510,1411616
30.7,137.0,49.1,333786,93.8,8.03,4.99,15.2,Temeke,11,2018,3,Rainy,0,0,4,5,35,36,28.8,367146,162.8,32.2,1411616,1075036,628697,957045
32.2,20.9,52.7,342034,161.9,8.25,3.37,16.2,Temeke,12,2018,5,Short Rains,1,0,4,5,35,36,28.8,367146,27.8,33.6,957045,1456665,688335,895683
29.1,237.4,50.9,518093,117.0,7.98,1.45,55.9,Temeke,1,2019,1,Hot,0,0,4,5,35,36,28.8,367146,160.7,30.1,895683,1411616,521590,1506354
33.1,264.8,50.2,174294,61.6,7.11,1.33,64.5,Temeke,2,2019,4,Hot,0,0,4,5,35,36,28.8,367146,363.2,33.7,1506354,957045,1075036,389192
34.5,200.6,73.8,470852,80.7,7.97,4.91,24.1,Temeke,3,2019,4,Rainy,0,0,4,5,35,36,28.8,367146,150.4,32.8,389192,895683,1456665,1363412
22.9,243.5,62.1,84736,64.2,7.9,1.02,55.7,Temeke,4,2019,0,Rainy,0,0,4,5,35,36,28.8,367146,266.2,22.6,1363412,1506354,1411616,218354
33.5,67.0,42.8,408901,38.8,7.64,4.55,41.9,Temeke,5,2019,2,Rainy,0,0,4,5,35,36,28.8,367146,84.9,34.7,218354,389192,957045,1521334
33.2,12.9,79.9,402018,40.8,7.98,4.94,60.7,Temeke,6,2019,5,Dry,1,0,4,5,35,36,28.8,367146,14.9,33.0,1521334,1363412,895683,1405192
21.1,206.3,84.6,519819,82.6,7.67,4.47,87.5,Temeke,7,2019,0,Dry,0,0,4,5,35,36,28.8,367146,205.6,22.0,1405192,218354,1506354,1942341
31.6,62.1,69.0,435978,147.1,6.78,1.7,51.0,Temeke,8,2019,3,Dry,0,0,4,5,35,36,28.8,367146,38.2,30.5,1942341,1521334,389192,1741724
21.8,296.8,56.0,311298,148.3,7.27,4.98,93.4,Temeke,9,2019,6,Dry,1,0,4,5,35,36,28.8,367146,175.1,22.3,1741724,1405192,1363412,912356
24.4,212.6,66.5,403291,161.6,6.81,3.03,14.0,Temeke,10,2019,1,Dry,0,0,4,5,35,36,28.8,367146,265.3,24.4,912356,1942341,218354,1513082
21.7,235.7,81.4,235489,142.5,7.49,1.82,99.4,Temeke,11,2019,4,Rainy,0,0,4,5,35,36,28.8,367146,249.0,21.2,1513082,1741724,1521334,638720
28.2,248.5,74.0,407795,41.4,7.57,3.35,13.9,Temeke,12,2019,6,Short Rains,1,0,4,5,35,36,28.8,367146,344.9,27.7,638720,912356,1405192,1050268
34.0,106.0,82.5,392312,74.7,6.98,0.52,84.6,Temeke,1,2020,2,Hot,0,0,4,5,35,36,28.8,367146,86.6,34.4,1050268,1513082,1942341,1476358
24.8,166.0,84.6,307058,68.4,7.45,2.98,28.8,Temeke,2,2020,5,Hot,1,0,4,5,35,36,28.8,367146,182.6,24.9,1476358,638720,1741724,998486
34.6,276.1,81.3,292512,90.5,8.14,1.25,69.1,Temeke,3,2020,6,Rainy,1,0,4,5,35,36,28.8,367146,254.1,34.8,998486,1050268,912356,1053117
29.2,164.7,72.4,459585,197.8,7.2,1.83,42.7,Temeke,4,2020,2,Rainy,0,0,4,5,35,36,28.8,367146,124.0,28.9,1053117,1476358,1513082,1293523
27.4,285.8,69.0,134902,136.6,7.79,4.39,48.9,Temeke,5,2020,4,Rainy,0,0,4,5,35,36,28.8,367146,428.6,26.3,1293523,998486,638720,432049
28.5,132.7,73.9,192271,88.1,8.18,0.91,28.9,Temeke,6,2020,0,Dry,0,0,4,5,35,36,28.8,367146,117.7,28.3,432049,1053117,1050268,589920
23.8,189.3,91.8,103347,193.5,7.91,0.51,74.9,Temeke,7,2020,2,Dry,0,0,4,5,35,36,28.8,367146,252.3,23.3,589920,1293523,1476358,293933
30.0,172.1,76.7,133129,21.1,7.8,1.01,30.1,Temeke,8,2020,5,Dry,1,1,4,5,35,36,28.8,367146,126.4,28.7,293933,432049,998486,468858
21.2,145.7,55.0,395667,12.2,8.28,1.4,44.3,Temeke,9,2020,1,Dry,0,0,4,5,35,36,28.8,367146,212.7,20.7,468858,589920,1053117,1401183
34.5,184.1,67.0,445816,40.0,8.12,1.91,62.9,Temeke,10,2020,3,Dry,0,1,4,5,35,36,28.8,367146,109.0,33.8,1401183,293933,1293523,1469848
25.5,85.8,93.6,143630,80.3,7.74,2.33,55.1,Temeke,11,2020,6,Rainy,1,0,4,5,35,36,28.8,367146,115.6,25.5,1469848,468858,432049,359290
20.1,138.9,54.7,379574,17.0,7.74,2.2,12.9,Temeke,12,2020,1,Short Rains,0,0,4,5,35,36,28.8,367146,135.1,20.4,359290,1401183,589920,1004254
23.5,123.5,40.4,298636,152.3,7.55,3.12,43.7,Temeke,1,2021,4,Hot,0,0,4,5,35,36,28.8,367146,154.2,24.0,1004254,1469848,293933,1084358
29.9,218.1,67.2,435073,19.5,8.32,2.54,69.1,Temeke,2,2021,0,Hot,0,0,4,5,35,36,28.8,367146,178.0,29.3,1084358,359290,468858,1273798
25.5,174.4,84.7,211626,172.9,6.67,2.68,20.9,Temeke,3,2021,0,Rainy,0,0,4,5,35,36,28.8,367146,136.2,24.9,1273798,1004254,1401183,600002
28.2,285.6,83.2,256134,58.6,8.34,3.38,58.8,Temeke,4,2021,3,Rainy,0,0,4,5,35,36,28.8,367146,236.8,29.5,600002,1084358,1469848,561220
20.7,221.8,52.5,329459,198.7,7.3,3.63,82.1,Temeke,5,2021,5,Rainy,1,0,4,5,35,36,28.8,367146,149.5,20.9,561220,1273798,359290,946130
24.2,237.1,70.2,426423,154.6,6.58,3.17,26.1,Temeke,6,2021,1,Dry,0,0,4,5,35,36,28.8,367146,146.7,24.2,946130,600002,1004254,1538817
28.0,252.3,83.9,145879,37.4,6.61,4.58,18.9,Temeke,7,2021,3,Dry,0,0,4,5,35,36,28.8,367146,346.8,28.9,1538817,561220,1084358,489312
32.6,116.9,88.9,355134,48.2,7.8,1.65,41.6,Temeke,8,2021,6,Dry,1,0,4,5,35,36,28.8,367146,128.0,31.6,489312,946130,1273798,1214011
28.8,63.9,77.1,492245,121.5,7.04,0.75,21.6,Temeke,9,2021,2,Dry,0,0,4,5,35,36,28.8,367146,64.2,30.2,1214011,1538817,600002,1437386
32.9,297.2,78.5,438671,13.4,7.77,4.07,36.6,Temeke,10,2021,4,Dry,0,0,4,5,35,36,28.8,367146,203.8,32.7,1437386,489312,561220,1020159
21.6,99.8,78.3,311018,124.6,7.31,2.22,44.5,Temeke,11,2021,0,Rainy,0,0,4,5,35,36,28.8,367146,135.2,22.6,1020159,1214011,946130,863349
34.2,49.3,93.9,265661,61.7,6.69,1.58,64.9,Temeke,12,2021,2,Short Rains,0,0,4,5,35,36,28.8,367146,49.6,34.9,863349,1437386,1538817,804045
28.6,275.3,59.5,173566,154.9,7.06,3.85,39.3,Temeke,1,2022,5,Hot,1,0,4,5,35,36,28.8,367146,233.4,29.4,804045,1020159,489312,392308
26.4,267.2,73.2,88779,56.5,7.7,4.81,89.4,Temeke,2,2022,1,Hot,0,0,4,5,35,36,28.8,367146,286.4,26.0,392308,863349,1214011,192719
32.0,269.4,74.3,225708,109.5,8.49,4.1,86.3,Temeke,3,2022,1,Rainy,0,0,4,5,35,36,28.8,367146,320.9,30.5,192719,804045,1437386,520556
34.0,92.7,48.6,103325,157.9,8.03,0.54,58.4,Temeke,4,2022,4,Rainy,0,0,4,5,35,36,28.8,367146,128.0,34.3,520556,392308,1020159,379303
30.0,272.1,80.7,342593,151.4,7.0,2.51,50.7,Temeke,5,2022,6,Rainy,1,0,4,5,35,36,28.8,367146,369.3,30.6,379303,192719,863349,896838
21.9,80.6,74.1,420704,151.5,7.61,4.59,70.4,Temeke,6,2022,2,Dry,0,0,4,5,35,36,28.8,367146,50.0,23.0,896838,520556,804045,1328245
32.6,241.0,71.1,336840,92.5,8.28,2.78,88.2,Temeke,7,2022,4,Dry,0,0,4,5,35,36,28.8,367146,349.5,32.9,1328245,379303,392308,1081565
34.0,295.4,82.2,483934,141.8,7.19,3.01,98.4,Temeke,8,2022,0,Dry,0,0,4,5,35,36,28.8,367146,377.7,32.5,1081565,896838,192719,1567577
34.6,135.7,51.0,464437,134.0,6.66,4.45,10.4,Temeke,9,2022,3,Dry,0,0,4,5,35,36,28.8,367146,164.4,34.5,1567577,1328245,520556,1277297
23.6,89.4,81.9,342649,117.2,6.59,4.52,60.1,Temeke,10,2022,5,Dry,1,0,4,5,35,36,28.8,367146,61.0,23.8,1277297,1081565,379303,1198425
26.1,140.0,46.2,103998,115.8,7.23,2.11,17.6,Temeke,11,2022,1,Rainy,0,0,4,5,35,36,28.8,367146,75.8,25.0,1198425,1567577,896838,242867
32.6,85.2,71.2,430939,53.6,7.96,3.14,12.0,Temeke,12,2022,3,Short Rains,0,0,4,5,35,36,28.8,367146,51.9,32.5,242867,1277297,1328245,1179462
30.2,39.0,94.0,457670,16.3,7.51,1.78,38.8,Temeke,1,2023,6,Hot,1,0,4,5,35,36,28.8,367146,58.3,31.2,1179462,1198425,1081565,1618803
21.0,131.3,56.4,216975,65.7,6.77,3.98,54.8,Temeke,2,2023,2,Hot,0,0,4,5,35,36,28.8,367146,100.6,21.4,1618803,242867,1567577,603882
21.0,173.9,75.0,291733,20.9,7.3,4.69,63.1,Temeke,3,2023,2,Rainy,0,0,4,5,35,36,28.8,367146,178.6,21.0,603882,1179462,1277297,899446
32.9,37.7,70.3,240625,177.2,6.64,2.04,58.8,Temeke,4,2023,5,Rainy,1,0,4,5,35,36,28.8,367146,42.6,33.7,899446,1618803,1198425,799078
33.6,168.8,43.9,265912,155.6,6.94,2.61,64.0,Temeke,5,2023,0,Rainy,0,0,4,5,35,36,28.8,367146,198.9,32.7,799078,603882,242867,963979
25.2,60.3,82.2,394539,174.7,7.36,2.21,74.3,Temeke,6,2023,3,Dry,0,0,4,5,35,36,28.8,367146,87.2,26.0,963979,899446,1179462,1385253
24.0,135.0,91.1,514076,99.6,8.28,1.61,18.4,Temeke,7,2023,5,Dry,1,1,4,5,35,36,28.8,367146,166.8,23.6,1385253,799078,1618803,1865932
27.2,291.8,66.9,493473,24.3,7.42,3.69,38.3,Temeke,8,2023,1,Dry,0,0,4,5,35,36,28.8,367146,355.0,27.6,1865932,963979,603882,1412032
24.4,183.4,45.1,158082,124.1,7.44,2.82,51.0,Temeke,9,2023,4,Dry,0,0,4,5,35,36,28.8,367146,182.6,24.1,1412032,1385253,899446,429435
33.5,275.0,91.2,420554,147.3,7.96,2.99,35.7,Temeke,10,2023,6,Dry,1,0,4,5,35,36,28.8,367146,204.0,32.1,429435,1865932,799078,1276456
26.0,58.1,70.5,391366,27.7,8.03,2.99,58.3,Temeke,11,2023,2,Rainy,0,0,4,5,35,36,28.8,367146,62.3,26.6,1276456,1412032,963979,1353844
24.7,281.8,60.1,253031,176.1,6.91,3.42,57.6,Temeke,12,2023,4,Short Rains,0,0,4,5,35,36,28.8,367146,180.2,25.6,1353844,429435,1385253,635785
24.5,113.9,52.2,435348,126.4,7.24,3.13,72.1,Temeke,1,2024,0,Hot,0,0,4,5,35,36,28.8,367146,75.3,25.4,635785,1276456,1865932,1309404
23.1,169.2,90.9,332063,95.3,8.27,3.79,65.9,Temeke,2,2024,3,Hot,0,0,4,5,35,36,28.8,367146,113.9,23.2,1309404,1353844,1412032,958007
29.4,139.7,60.8,411212,184.4,7.41,2.71,90.0,Temeke,3,2024,4,Rainy,0,0,4,5,35,36,28.8,367146,110.2,27.9,958007,635785,429435,1558728
26.5,6.8,65.3,319398,69.1,6.79,3.69,56.5,Temeke,4,2024,0,Rainy,0,0,4,5,35,36,28.8,367146,9.6,25.3,1558728,1309404,1276456,1191923
27.4,144.2,53.3,325756,28.8,6.84,2.07,13.4,Temeke,5,2024,2,Rainy,0,0,4,5,35,36,28.8,367146,102.8,28.1,1191923,958007,1353844,895270
33.6,123.0,63.9,252762,17.5,7.95,3.22,57.0,Temeke,6,2024,5,Dry,1,0,4,5,35,36,28.8,367146,107.6,34.1,895270,1558728,635785,789064
24.1,261.9,52.3,181019,67.1,7.16,4.86,16.1,Temeke,7,2024,0,Dry,0,0,4,5,35,36,28.8,367146,219.4,23.9,789064,1191923,1309404,498346
25.2,256.9,51.4,454995,97.1,8.09,4.85,42.1,Temeke,8,2024,3,Dry,0,0,4,5,35,36,28.8,367146,236.5,25.9,498346,895270,958007,1367597
27.2,199.8,92.2,393233,113.5,7.38,2.82,51.2,Temeke,9,2024,6,Dry,1,0,4,5,35,36,28.8,367146,121.4,26.6,1367597,789064,1558728,1063344
30.8,296.0,45.4,440161,109.9,8.36,2.26,14.2,Temeke,10,2024,1,Dry,0,0,4,5,35,36,28.8,367146,254.3,31.5,1063344,498346,1191923,1569278
25.5,260.1,84.7,244657,41.8,7.73,4.39,88.6,Temeke,11,2024,4,Rainy,0,0,4,5,35,36,28.8,367146,150.8,26.5,1569278,1367597,895270,811584
28.8,147.3,55.6,113875,73.5,7.06,2.84,12.6,Temeke,12,2024,6,Short Rains,1,0,4,5,35,36,28.8,367146,133.2,29.1,811584,1063344,789064,389616
20.4,57.3,61.6,376062,35.8,7.31,2.43,17.4,Kigamboni,1,2005,5,Hot,1,0,3,5,61,24,15.2,257162,82.9,20.1,1479625,1423940,1518519,1506172
27.3,105.1,82.7,444099,60.1,7.4,1.66,93.2,Kigamboni,2,2005,1,Hot,0,0,3,5,61,24,15.2,257162,97.4,27.4,1506172,1264405,920460,1149416
30.7,226.8,69.0,149231,196.6,6.79,0.9,81.2,Kigamboni,3,2005,1,Rainy,0,0,3,5,61,24,15.2,257162,182.7,29.6,1149416,378332,306836,357193
24.3,112.2,70.5,76249,48.8,8.17,1.36,84.2,Kigamboni,4,2005,4,Rainy,0,0,3,5,61,24,15.2,257162,158.1,24.8,357193,1506172,330477,278183
33.8,8.9,80.1,146110,56.4,6.68,4.23,48.2,Kigamboni,5,2005,6,Rainy,1,0,3,5,61,24,15.2,257162,8.9,35.3,278183,1149416,522655,641119
33.2,70.7,42.3,128538,25.3,6.9,3.31,75.0,Kigamboni,6,2005,2,Dry,0,0,3,5,61,24,15.2,257162,93.6,34.3,641119,357193,422324,461915
22.5,45.4,56.8,421118,19.7,7.29,3.36,56.1,Kigamboni,7,2005,4,Dry,0,0,3,5,61,24,15.2,257162,53.1,23.0,461915,278183,1506172,1728706
28.5,30.5,83.8,266966,96.8,7.2,0.91,19.9,Kigamboni,8,2005,0,Dry,0,0,3,5,61,24,15.2,257162,19.4,28.7,1728706,641119,1149416,770706
21.5,31.2,40.4,339247,194.9,7.7,4.6,86.2,Kigamboni,9,2005,3,Dry,0,0,3,5,61,24,15.2,257162,45.8,21.6,770706,461915,357193,1090366
22.1,44.2,86.7,210889,28.7,6.58,2.2,92.1,Kigamboni,10,2005,5,Dry,1,0,3,5,61,24,15.2,257162,32.4,21.3,1090366,1728706,278183,780645
30.5,7.1,40.3,150099,138.6,7.45,2.97,67.3,Kigamboni,11,2005,1,Rainy,0,0,3,5,61,24,15.2,257162,6.8,30.4,780645,770706,641119,492060
21.7,292.5,72.6,449518,47.4,7.75,0.85,70.9,Kigamboni,12,2005,3,Short Rains,0,0,3,5,61,24,15.2,257162,368.1,20.8,492060,1090366,461915,1365354
34.0,251.3,83.0,275460,161.5,7.14,4.19,61.9,Kigamboni,1,2006,6,Hot,1,0,3,5,61,24,15.2,257162,251.0,34.6,1365354,780645,1728706,801896
34.0,258.9,79.5,481787,159.5,8.02,2.39,42.0,Kigamboni,2,2006,2,Hot,0,0,3,5,61,24,15.2,257162,234.4,34.9,801896,492060,770706,1182444
33.8,138.5,84.1,280840,84.2,8.18,2.86,41.8,Kigamboni,3,2006,2,Rainy,0,0,3,5,61,24,15.2,257162,170.8,33.1,1182444,1365354,1090366,1067247
35.0,121.8,74.6,106210,34.7,6.91,0.65,85.3,Kigamboni,4,2006,5,Rainy,1,0,3,5,61,24,15.2,257162,162.2,34.1,1067247,801896,780645,397681
30.0,15.0,80.3,120033,151.7,6.92,4.94,41.0,Kigamboni,5,2006,0,Rainy,0,0,3,5,61,24,15.2,257162,16.7,29.1,397681,1182444,492060,492984
33.2,299.3,52.1,311603,139.6,8.22,2.56,41.0,Kigamboni,6,2006,3,Dry,0,1,3,5,61,24,15.2,257162,362.6,33.9,492984,1067247,1365354,908204
21.5,185.2,83.2,67969,176.3,8.16,2.54,62.7,Kigamboni,7,2006,5,Dry,1,0,3,5,61,24,15.2,257162,218.3,21.3,908204,397681,801896,214405
29.3,233.7,44.8,293914,178.3,7.18,1.53,38.5,Kigamboni,8,2006,1,Dry,0,0,3,5,61,24,15.2,257162,223.6,28.3,214405,492984,1182444,751184
32.3,3.4,69.6,334031,90.4,8.35,2.7,87.1,Kigamboni,9,2006,4,Dry,0,0,3,5,61,24,15.2,257162,2.1,33.4,751184,908204,1067247,1109391
28.5,110.9,60.6,234846,24.9,7.2,4.83,60.5,Kigamboni,10,2006,6,Dry,1,0,3,5,61,24,15.2,257162,164.7,29.7,1109391,214405,397681,667284
25.6,148.9,68.8,450206,173.1,7.38,0.62,23.6,Kigamboni,11,2006,2,Rainy,0,0,3,5,61,24,15.2,257162,95.6,24.8,667284,751184,492984,1334887
34.9,69.3,51.4,227130,197.3,7.76,2.01,52.3,Kigamboni,12,2006,4,Short Rains,0,0,3,5,61,24,15.2,257162,86.3,34.2,1334887,1109391,908204,729526
26.1,110.5,62.6,173602,149.3,7.29,1.99,33.8,Kigamboni,1,2007,0,Hot,0,0,3,5,61,24,15.2,257162,117.2,27.0,729526,667284,214405,720219
26.0,28.2,47.5,171891,33.9,7.0,2.33,18.7,Kigamboni,2,2007,3,Hot,0,0,3,5,61,24,15.2,257162,34.2,24.7,720219,1334887,751184,643651
33.2,252.6,78.6,117793,107.9,6.67,4.81,13.0,Kigamboni,3,2007,3,Rainy,0,0,3,5,61,24,15.2,257162,203.2,34.6,643651,729526,1109391,362345
20.1,195.6,66.5,241068,150.7,6.68,0.83,79.9,Kigamboni,4,2007,6,Rainy,1,0,3,5,61,24,15.2,257162,293.3,19.2,362345,720219,667284,737795
26.8,210.2,49.7,452647,124.7,6.52,3.66,62.4,Kigamboni,5,2007,1,Rainy,0,0,3,5,61,24,15.2,257162,305.3,25.7,737795,643651,1334887,1235189
30.2,158.6,93.0,378029,158.4,6.93,1.69,34.0,Kigamboni,6,2007,4,Dry,0,0,3,5,61,24,15.2,257162,136.5,29.0,1235189,362345,729526,1493026
32.9,164.9,83.3,437938,42.7,7.57,1.02,67.1,Kigamboni,7,2007,6,Dry,1,0,3,5,61,24,15.2,257162,186.1,33.3,1493026,737795,720219,1606357
31.1,292.2,77.9,394242,82.3,7.41,2.86,67.6,Kigamboni,8,2007,2,Dry,0,0,3,5,61,24,15.2,257162,354.3,31.7,1606357,1235189,643651,1185996
25.7,270.7,82.4,448414,71.8,6.61,1.86,94.1,Kigamboni,9,2007,5,Dry,1,0,3,5,61,24,15.2,257162,183.7,24.6,1185996,1493026,362345,1462322
34.7,243.4,85.5,180037,166.9,8.48,2.11,35.6,Kigamboni,10,2007,0,Dry,0,0,3,5,61,24,15.2,257162,156.9,33.9,1462322,1606357,737795,448225
26.8,297.9,85.2,66624,32.3,7.24,2.09,49.4,Kigamboni,11,2007,3,Rainy,0,0,3,5,61,24,15.2,257162,411.4,25.9,448225,1185996,1235189,126134
31.2,18.1,76.1,94642,121.9,8.26,2.87,52.9,Kigamboni,12,2007,5,Short Rains,1,0,3,5,61,24,15.2,257162,9.1,31.9,126134,1462322,1493026,433400
21.3,222.9,40.1,300588,14.0,8.02,3.42,53.2,Kigamboni,1,2008,1,Hot,0,0,3,5,61,24,15.2,257162,130.1,21.5,433400,448225,1606357,1135209
34.8,211.8,86.3,224646,145.6,6.61,3.42,83.5,Kigamboni,2,2008,4,Hot,0,0,3,5,61,24,15.2,257162,170.5,35.3,1135209,126134,1185996,853033
34.4,273.3,40.3,225562,92.3,7.81,4.23,15.4,Kigamboni,3,2008,5,Rainy,1,0,3,5,61,24,15.2,257162,225.2,32.7,853033,433400,1462322,807586
34.0,235.7,91.3,420180,86.0,7.62,2.97,40.4,Kigamboni,4,2008,1,Rainy,0,0,3,5,61,24,15.2,257162,323.8,34.0,807586,1135209,448225,1406683
23.6,63.4,79.1,290311,187.0,7.16,2.01,82.2,Kigamboni,5,2008,3,Rainy,0,0,3,5,61,24,15.2,257162,47.2,23.1,1406683,853033,126134,1191858
30.5,147.5,66.9,403956,112.8,7.64,4.2,87.9,Kigamboni,6,2008,6,Dry,1,0,3,5,61,24,15.2,257162,201.0,30.3,1191858,807586,433400,1472696
21.7,174.7,93.4,423714,134.9,6.98,0.52,67.0,Kigamboni,7,2008,1,Dry,0,0,3,5,61,24,15.2,257162,244.5,22.6,1472696,1406683,1135209,1422539
30.0,260.6,93.8,351808,83.9,6.63,3.77,89.8,Kigamboni,8,2008,4,Dry,0,0,3,5,61,24,15.2,257162,380.3,29.0,1422539,1191858,853033,1036917
28.1,105.5,65.8,430289,115.9,6.67,4.51,62.3,Kigamboni,9,2008,0,Dry,0,0,3,5,61,24,15.2,257162,91.8,28.8,1036917,1472696,807586,1634020
31.5,136.9,60.3,91440,93.3,7.37,0.53,35.8,Kigamboni,10,2008,2,Dry,0,0,3,5,61,24,15.2,257162,183.5,32.0,1634020,1422539,1406683,266943
22.7,92.9,68.8,382427,75.1,7.05,4.86,61.5,Kigamboni,11,2008,5,Rainy,1,0,3,5,61,24,15.2,257162,95.8,21.9,266943,1036917,1191858,1336224
24.3,59.5,54.4,480484,116.9,7.2,4.13,67.1,Kigamboni,12,2008,0,Short Rains,0,0,3,5,61,24,15.2,257162,79.7,23.5,1336224,1634020,1472696,1474035
22.2,98.0,74.9,94643,46.4,6.52,3.73,71.5,Kigamboni,1,2009,3,Hot,0,0,3,5,61,24,15.2,257162,146.4,21.4,1474035,266943,1422539,329799
33.5,57.2,86.2,447184,142.1,6.84,2.4,61.2,Kigamboni,2,2009,6,Hot,1,0,3,5,61,24,15.2,257162,57.7,32.2,329799,1336224,1036917,1499912
22.4,18.3,47.0,363267,34.6,7.61,0.68,12.1,Kigamboni,3,2009,6,Rainy,1,1,3,5,61,24,15.2,257162,24.4,23.0,1499912,1474035,1634020,1233805
32.7,91.0,87.1,192446,185.9,6.81,4.88,46.0,Kigamboni,4,2009,2,Rainy,0,1,3,5,61,24,15.2,257162,66.7,32.3,1233805,329799,266943,583692
22.7,216.0,73.4,476122,115.4,8.44,3.3,39.8,Kigamboni,5,2009,4,Rainy,0,0,3,5,61,24,15.2,257162,198.3,22.0,583692,1499912,1336224,1571013
30.9,266.7,45.6,113466,104.1,7.15,4.83,21.5,Kigamboni,6,2009,0,Dry,0,0,3,5,61,24,15.2,257162,368.2,30.2,1571013,1233805,1474035,325849
20.2,34.4,63.5,125434,129.5,7.54,3.6,90.7,Kigamboni,7,2009,2,Dry,0,0,3,5,61,24,15.2,257162,46.1,19.8,325849,583692,329799,544528
27.0,139.9,78.7,212401,151.4,7.97,2.3,85.8,Kigamboni,8,2009,5,Dry,1,0,3,5,61,24,15.2,257162,132.1,26.6,544528,1571013,1499912,598501
28.7,262.5,82.1,253989,30.4,6.63,2.91,89.8,Kigamboni,9,2009,1,Dry,0,1,3,5,61,24,15.2,257162,167.6,28.1,598501,325849,1233805,780209
25.1,201.8,77.9,409679,101.5,6.86,1.21,33.8,Kigamboni,10,2009,3,Dry,0,0,3,5,61,24,15.2,257162,211.9,26.1,780209,544528,583692,1212553
29.4,125.4,74.8,407699,104.7,7.38,0.7,16.9,Kigamboni,11,2009,6,Rainy,1,0,3,5,61,24,15.2,257162,158.1,29.0,1212553,598501,1571013,1209940
29.2,208.2,94.3,82672,155.9,7.22,3.01,60.2,Kigamboni,12,2009,1,Short Rains,0,0,3,5,61,24,15.2,257162,310.0,30.3,1209940,780209,325849,194936
29.1,55.1,69.1,76077,144.1,7.81,1.06,80.0,Kigamboni,1,2010,4,Hot,0,0,3,5,61,24,15.2,257162,37.2,27.9,194936,1212553,544528,362350
30.5,60.6,43.9,372243,105.7,7.95,0.7,61.0,Kigamboni,2,2010,0,Hot,0,0,3,5,61,24,15.2,257162,89.8,30.6,362350,1209940,598501,1249484
32.7,200.7,72.1,498074,174.7,6.54,1.06,10.4,Kigamboni,3,2010,0,Rainy,0,0,3,5,61,24,15.2,257162,271.9,32.2,1249484,194936,780209,1837388
26.9,57.2,44.2,122810,156.5,6.59,0.71,40.2,Kigamboni,4,2010,3,Rainy,0,0,3,5,61,24,15.2,257162,34.0,28.2,1837388,362350,1212553,490021
32.5,158.5,94.1,484847,173.4,6.5,4.14,37.1,Kigamboni,5,2010,5,Rainy,1,0,3,5,61,24,15.2,257162,113.2,32.8,490021,1249484,1209940,1922777
26.5,131.5,42.8,301545,184.0,7.82,4.0,67.2,Kigamboni,6,2010,1,Dry,0,0,3,5,61,24,15.2,257162,110.3,26.3,1922777,1837388,194936,1012904
30.1,89.6,43.4,465482,163.3,8.5,2.81,11.3,Kigamboni,7,2010,3,Dry,0,0,3,5,61,24,15.2,257162,101.1,29.5,1012904,490021,362350,1352723
33.7,95.1,51.5,452946,86.0,8.05,3.59,63.4,Kigamboni,8,2010,6,Dry,1,0,3,5,61,24,15.2,257162,52.3,34.1,1352723,1922777,1249484,1328918
22.4,238.8,92.3,357560,183.6,6.51,1.38,71.7,Kigamboni,9,2010,2,Dry,0,0,3,5,61,24,15.2,257162,168.1,22.2,1328918,1012904,1837388,1211892
29.3,233.2,40.8,426792,133.2,7.91,2.64,22.5,Kigamboni,10,2010,4,Dry,0,0,3,5,61,24,15.2,257162,159.3,29.7,1211892,1352723,490021,1305356
30.1,111.5,59.4,378796,24.1,7.48,0.69,78.5,Kigamboni,11,2010,0,Rainy,0,0,3,5,61,24,15.2,257162,92.0,30.2,1305356,1328918,1922777,1281470
20.9,1.2,67.7,350282,67.4,7.08,1.15,83.9,Kigamboni,12,2010,2,Short Rains,0,0,3,5,61,24,15.2,257162,0.7,20.2,1281470,1211892,1012904,1222475
31.1,95.0,73.6,91163,129.3,8.39,2.69,77.6,Kigamboni,1,2011,5,Hot,1,0,3,5,61,24,15.2,257162,97.1,31.6,1222475,1305356,1352723,366766
23.8,47.0,65.5,231476,49.0,7.68,1.4,83.7,Kigamboni,2,2011,1,Hot,0,0,3,5,61,24,15.2,257162,39.5,23.4,366766,1281470,1328918,754664
20.0,138.8,66.3,495161,60.5,6.68,3.19,26.3,Kigamboni,3,2011,1,Rainy,0,1,3,5,61,24,15.2,257162,160.7,20.8,754664,1222475,1211892,1528840
33.7,232.2,75.4,335582,146.8,8.34,1.25,32.1,Kigamboni,4,2011,4,Rainy,0,0,3,5,61,24,15.2,257162,283.8,33.2,1528840,366766,1305356,995691
29.2,123.1,71.3,356257,16.6,7.9,4.38,78.5,Kigamboni,5,2011,6,Rainy,1,1,3,5,61,24,15.2,257162,67.8,29.7,995691,754664,1281470,1332028
24.6,211.1,40.7,92089,108.2,7.35,4.49,54.7,Kigamboni,6,2011,2,Dry,0,0,3,5,61,24,15.2,257162,219.3,23.8,1332028,1528840,1222475,229292
35.0,294.5,87.4,198886,64.2,8.17,2.96,18.1,Kigamboni,7,2011,4,Dry,0,0,3,5,61,24,15.2,257162,272.9,34.1,229292,995691,366766,452859
26.1,268.8,81.0,75257,140.7,7.96,2.53,42.7,Kigamboni,8,2011,0,Dry,0,0,3,5,61,24,15.2,257162,210.0,27.3,452859,1332028,754664,140489
20.4,169.0,51.5,148929,145.9,7.99,2.51,16.2,Kigamboni,9,2011,3,Dry,0,0,3,5,61,24,15.2,257162,169.1,20.5,140489,229292,1528840,563663
30.5,117.8,64.8,62723,98.8,7.04,0.96,81.9,Kigamboni,10,2011,5,Dry,1,0,3,5,61,24,15.2,257162,72.7,29.7,563663,452859,995691,280791
29.6,139.2,75.5,191238,107.6,7.14,3.34,14.7,Kigamboni,11,2011,1,Rainy,0,0,3,5,61,24,15.2,257162,148.4,30.9,280791,140489,1332028,742115
32.7,187.1,81.6,122905,131.1,8.04,4.73,88.7,Kigamboni,12,2011,3,Short Rains,0,0,3,5,61,24,15.2,257162,211.3,32.3,742115,563663,229292,396007
32.9,214.3,40.8,304457,24.8,7.13,1.7,32.4,Kigamboni,1,2012,6,Hot,1,0,3,5,61,24,15.2,257162,178.0,32.1,396007,280791,452859,872347
34.2,14.4,79.8,228165,117.1,6.75,3.93,95.5,Kigamboni,2,2012,2,Hot,0,0,3,5,61,24,15.2,257162,7.4,33.8,872347,742115,140489,671359
25.8,133.9,87.1,359895,17.5,8.06,4.83,36.7,Kigamboni,3,2012,3,Rainy,0,0,3,5,61,24,15.2,257162,98.3,27.0,671359,396007,563663,1433547
33.5,74.3,64.2,168397,78.4,6.59,2.45,95.3,Kigamboni,4,2012,6,Rainy,1,0,3,5,61,24,15.2,257162,54.6,32.7,1433547,872347,280791,522975
28.6,239.4,70.0,483673,151.7,7.91,3.76,67.3,Kigamboni,5,2012,1,Rainy,0,0,3,5,61,24,15.2,257162,164.4,29.9,522975,671359,742115,1774898
26.2,195.6,51.7,233488,60.0,7.08,4.66,80.7,Kigamboni,6,2012,4,Dry,0,0,3,5,61,24,15.2,257162,160.9,26.0,1774898,1433547,396007,817156
21.7,142.0,54.2,427882,113.4,7.7,1.62,38.7,Kigamboni,7,2012,6,Dry,1,0,3,5,61,24,15.2,257162,191.4,22.5,817156,522975,872347,1250776
34.9,181.2,59.0,389821,99.2,8.12,1.15,14.2,Kigamboni,8,2012,2,Dry,0,0,3,5,61,24,15.2,257162,171.7,34.6,1250776,1774898,671359,1133947
32.5,56.9,81.3,121664,73.2,6.63,4.18,33.8,Kigamboni,9,2012,5,Dry,1,0,3,5,61,24,15.2,257162,76.7,31.3,1133947,817156,1433547,496834
20.6,206.6,85.1,365698,101.4,7.47,3.14,71.9,Kigamboni,10,2012,0,Dry,0,0,3,5,61,24,15.2,257162,194.8,20.7,496834,1250776,522975,1096454
27.8,120.9,46.3,246145,143.5,7.17,0.52,11.8,Kigamboni,11,2012,3,Rainy,0,1,3,5,61,24,15.2,257162,71.8,27.9,1096454,1133947,1774898,794800
24.9,107.2,71.9,304751,156.0,7.62,1.44,80.4,Kigamboni,12,2012,5,Short Rains,1,0,3,5,61,24,15.2,257162,61.7,26.1,794800,496834,817156,858249
22.0,169.4,73.0,438902,12.9,6.57,0.57,86.3,Kigamboni,1,2013,1,Hot,0,0,3,5,61,24,15.2,257162,249.7,22.1,858249,1096454,1250776,1722661
28.1,109.0,63.2,167376,14.5,8.28,2.6,79.9,Kigamboni,2,2013,4,Hot,0,0,3,5,61,24,15.2,257162,150.9,28.6,1722661,794800,1133947,611608
27.2,185.4,82.6,105377,15.6,6.79,4.76,39.5,Kigamboni,3,2013,4,Rainy,0,0,3,5,61,24,15.2,257162,157.1,28.3,611608,858249,496834,316321
22.7,12.5,52.5,425643,132.2,8.37,3.3,38.5,Kigamboni,4,2013,0,Rainy,0,0,3,5,61,24,15.2,257162,9.4,22.9,316321,1722661,1096454,1193075
20.5,195.7,73.6,352276,35.4,7.51,1.18,88.9,Kigamboni,5,2013,2,Rainy,0,0,3,5,61,24,15.2,257162,244.5,19.8,1193075,611608,794800,1278417
23.4,258.2,64.2,140719,128.8,8.39,1.66,32.9,Kigamboni,6,2013,5,Dry,1,0,3,5,61,24,15.2,257162,363.4,24.3,1278417,316321,858249,386881
21.5,122.6,86.3,491651,99.8,6.5,4.46,21.8,Kigamboni,7,2013,0,Dry,0,0,3,5,61,24,15.2,257162,109.0,21.6,386881,1193075,1722661,1875035
22.2,149.0,51.9,165556,56.0,7.27,2.7,92.5,Kigamboni,8,2013,3,Dry,0,1,3,5,61,24,15.2,257162,173.9,21.3,1875035,1278417,611608,436981
31.8,284.8,75.4,450349,68.9,6.92,1.49,18.4,Kigamboni,9,2013,6,Dry,1,0,3,5,61,24,15.2,257162,185.9,31.4,436981,386881,316321,1590439
24.0,219.9,63.4,306761,120.8,7.99,3.56,71.3,Kigamboni,10,2013,1,Dry,0,1,3,5,61,24,15.2,257162,321.1,23.4,1590439,1875035,1193075,1081155
23.0,27.0,51.5,88113,19.9,7.21,1.05,51.1,Kigamboni,11,2013,4,Rainy,0,0,3,5,61,24,15.2,257162,37.9,24.0,1081155,436981,1278417,332555
30.6,105.5,51.7,146720,132.6,7.63,3.75,24.4,Kigamboni,12,2013,6,Short Rains,1,0,3,5,61,24,15.2,257162,101.6,30.4,332555,1590439,386881,528436
21.9,166.4,58.6,143678,108.3,6.64,4.13,52.8,Kigamboni,1,2014,2,Hot,0,0,3,5,61,24,15.2,257162,124.3,21.4,528436,1081155,1875035,530078
21.2,189.6,56.4,372202,18.3,8.04,1.4,24.3,Kigamboni,2,2014,5,Hot,1,0,3,5,61,24,15.2,257162,152.0,22.0,530078,332555,436981,923782
22.2,75.9,72.2,291745,102.9,7.23,1.03,34.0,Kigamboni,3,2014,5,Rainy,1,0,3,5,61,24,15.2,257162,48.2,21.9,923782,528436,1590439,838710
20.5,194.8,76.4,376653,128.6,6.61,3.48,46.4,Kigamboni,4,2014,1,Rainy,0,0,3,5,61,24,15.2,257162,167.6,21.1,838710,530078,1081155,974492
20.6,48.4,91.4,144251,181.1,6.67,2.58,61.4,Kigamboni,5,2014,3,Rainy,0,0,3,5,61,24,15.2,257162,68.6,20.8,974492,923782,332555,567662
25.2,206.6,81.4,483565,128.8,6.88,0.94,51.1,Kigamboni,6,2014,6,Dry,1,0,3,5,61,24,15.2,257162,285.6,25.2,567662,838710,528436,1820817
21.3,293.1,85.4,183208,147.0,8.03,3.49,78.9,Kigamboni,7,2014,1,Dry,0,0,3,5,61,24,15.2,257162,183.8,21.1,1820817,974492,530078,567098
25.2,226.5,93.2,281044,20.4,7.53,4.24,69.8,Kigamboni,8,2014,4,Dry,0,0,3,5,61,24,15.2,257162,226.0,24.3,567098,567662,923782,924699
30.4,191.3,81.6,219808,16.1,7.0,0.78,18.0,Kigamboni,9,2014,0,Dry,0,0,3,5,61,24,15.2,257162,125.0,31.8,924699,1820817,838710,561663
33.9,154.5,60.9,125156,38.8,8.37,0.56,66.3,Kigamboni,10,2014,2,Dry,0,0,3,5,61,24,15.2,257162,146.6,33.9,561663,567098,974492,481232
29.1,134.1,79.9,361497,199.5,7.31,0.98,98.6,Kigamboni,11,2014,5,Rainy,1,0,3,5,61,24,15.2,257162,119.2,28.1,481232,924699,567662,1423988
25.7,107.4,62.6,446023,72.7,6.6,3.69,41.2,Kigamboni,12,2014,0,Short Rains,0,0,3,5,61,24,15.2,257162,99.1,27.0,1423988,561663,1820817,1618878
33.3,219.9,68.3,153830,143.3,7.14,1.28,72.1,Kigamboni,1,2015,3,Hot,0,0,3,5,61,24,15.2,257162,162.4,32.8,1618878,481232,567098,436458
22.7,254.2,65.7,340631,125.1,7.69,2.22,96.7,Kigamboni,2,2015,6,Hot,1,0,3,5,61,24,15.2,257162,358.5,22.4,436458,1423988,924699,854892
34.2,254.2,90.0,354725,77.4,6.68,4.26,53.8,Kigamboni,3,2015,6,Rainy,1,0,3,5,61,24,15.2,257162,197.1,35.5,854892,1618878,561663,1260507
31.2,151.8,55.9,174148,53.1,6.9,2.89,81.5,Kigamboni,4,2015,2,Rainy,0,0,3,5,61,24,15.2,257162,193.6,31.6,1260507,436458,481232,572624
26.0,135.3,66.3,94325,28.2,6.82,3.71,12.2,Kigamboni,5,2015,4,Rainy,0,0,3,5,61,24,15.2,257162,171.0,26.0,572624,854892,1423988,376198
25.1,32.4,74.2,250481,192.7,8.41,1.04,71.1,Kigamboni,6,2015,0,Dry,0,0,3,5,61,24,15.2,257162,26.9,25.9,376198,1260507,1618878,864713
30.4,204.6,41.3,335680,60.8,6.7,0.94,20.1,Kigamboni,7,2015,2,Dry,0,0,3,5,61,24,15.2,257162,256.4,30.9,864713,572624,436458,1238255
32.5,84.8,67.4,413907,25.4,7.09,1.27,15.5,Kigamboni,8,2015,5,Dry,1,0,3,5,61,24,15.2,257162,91.1,33.0,1238255,376198,854892,1584156
31.9,26.7,94.2,265534,14.6,7.17,3.36,33.0,Kigamboni,9,2015,1,Dry,0,0,3,5,61,24,15.2,257162,16.4,32.7,1584156,864713,1260507,1067125
25.2,293.4,42.0,120025,65.8,8.28,3.61,76.7,Kigamboni,10,2015,3,Dry,0,0,3,5,61,24,15.2,257162,417.3,25.2,1067125,1238255,572624,250906
29.7,241.4,47.1,240145,52.5,7.46,3.42,97.4,Kigamboni,11,2015,6,Rainy,1,0,3,5,61,24,15.2,257162,282.5,29.5,250906,1584156,376198,892259
27.5,169.6,72.3,352031,13.9,7.21,2.97,18.8,Kigamboni,12,2015,1,Short Rains,0,0,3,5,61,24,15.2,257162,190.6,27.7,892259,1067125,864713,1016841
26.5,286.2,83.1,238991,105.5,7.79,3.5,51.3,Kigamboni,1,2016,4,Hot,0,0,3,5,61,24,15.2,257162,306.2,26.4,1016841,250906,1238255,605862
30.7,233.9,60.6,222558,38.2,7.82,1.31,20.5,Kigamboni,2,2016,0,Hot,0,0,3,5,61,24,15.2,257162,316.5,30.7,605862,892259,1584156,791498
25.4,152.8,55.9,398612,50.9,7.08,1.07,13.4,Kigamboni,3,2016,1,Rainy,0,0,3,5,61,24,15.2,257162,112.0,25.3,791498,1016841,1067125,1066126
22.9,213.9,42.2,447344,87.7,6.65,2.82,26.1,Kigamboni,4,2016,4,Rainy,0,0,3,5,61,24,15.2,257162,152.1,22.2,1066126,605862,250906,1567791
24.2,231.1,94.3,314568,64.7,7.44,2.71,59.1,Kigamboni,5,2016,6,Rainy,1,0,3,5,61,24,15.2,257162,335.8,24.6,1567791,791498,892259,836522
29.0,21.9,42.9,238599,181.0,8.21,1.19,92.6,Kigamboni,6,2016,2,Dry,0,0,3,5,61,24,15.2,257162,14.5,28.5,836522,1066126,1016841,943216
32.8,248.6,85.7,277626,153.8,8.45,2.4,37.6,Kigamboni,7,2016,4,Dry,0,0,3,5,61,24,15.2,257162,264.6,32.3,943216,1567791,605862,833099
31.4,12.4,47.1,177232,38.4,6.53,2.87,27.3,Kigamboni,8,2016,0,Dry,0,0,3,5,61,24,15.2,257162,14.8,32.3,833099,836522,791498,762166
24.9,14.0,71.2,448883,40.0,7.31,1.68,54.5,Kigamboni,9,2016,3,Dry,0,0,3,5,61,24,15.2,257162,9.4,25.0,762166,943216,1066126,1637139
24.9,247.7,86.6,217533,76.4,6.6,1.9,10.3,Kigamboni,10,2016,5,Dry,1,0,3,5,61,24,15.2,257162,368.9,24.0,1637139,833099,1567791,733371
25.5,283.0,50.9,323955,50.5,7.89,1.47,42.7,Kigamboni,11,2016,1,Rainy,0,0,3,5,61,24,15.2,257162,316.5,26.4,733371,762166,836522,840090
34.3,7.8,78.5,492962,136.8,6.79,1.31,58.6,Kigamboni,12,2016,3,Short Rains,0,0,3,5,61,24,15.2,257162,8.7,34.5,840090,1637139,943216,1587953
22.0,242.7,74.1,330591,153.8,8.13,2.65,78.1,Kigamboni,1,2017,6,Hot,1,0,3,5,61,24,15.2,257162,256.3,21.0,1587953,733371,833099,865643
31.7,56.3,87.2,173429,196.3,8.15,4.99,38.8,Kigamboni,2,2017,2,Hot,0,0,3,5,61,24,15.2,257162,45.1,32.4,865643,840090,762166,522085
24.6,60.4,89.0,173828,117.2,7.21,0.77,82.4,Kigamboni,3,2017,2,Rainy,0,0,3,5,61,24,15.2,257162,77.7,24.0,522085,1587953,1637139,661644
30.9,48.9,78.6,418853,134.0,6.56,1.5,14.5,Kigamboni,4,2017,5,Rainy,1,0,3,5,61,24,15.2,257162,34.8,32.2,661644,865643,733371,1472016
21.1,257.7,89.2,403185,106.6,7.37,1.18,29.8,Kigamboni,5,2017,0,Rainy,0,0,3,5,61,24,15.2,257162,251.9,20.7,1472016,522085,840090,1387502
25.8,119.6,65.8,501722,97.1,7.88,2.13,77.2,Kigamboni,6,2017,3,Dry,0,0,3,5,61,24,15.2,257162,72.6,25.3,1387502,661644,1587953,1733349
34.9,207.6,56.5,458094,138.3,6.64,4.58,59.4,Kigamboni,7,2017,5,Dry,1,0,3,5,61,24,15.2,257162,219.1,33.4,1733349,1472016,865643,1598298
29.4,290.9,54.2,229281,144.7,8.39,2.44,40.5,Kigamboni,8,2017,1,Dry,0,0,3,5,61,24,15.2,257162,167.1,28.1,1598298,1387502,522085,553397
24.8,152.6,87.7,178761,194.6,7.75,0.73,10.4,Kigamboni,9,2017,4,Dry,0,0,3,5,61,24,15.2,257162,84.6,24.8,553397,1733349,661644,514258
24.2,237.0,58.1,228774,114.8,7.96,4.98,36.1,Kigamboni,10,2017,6,Dry,1,0,3,5,61,24,15.2,257162,183.9,23.5,514258,1598298,1472016,774857
25.9,101.8,94.3,159936,13.5,7.83,4.2,37.4,Kigamboni,11,2017,2,Rainy,0,0,3,5,61,24,15.2,257162,101.2,26.9,774857,553397,1387502,665894
27.1,31.8,58.7,367532,20.2,8.48,3.81,11.2,Kigamboni,12,2017,4,Short Rains,0,0,3,5,61,24,15.2,257162,29.7,28.1,665894,514258,1733349,1466412
32.2,145.7,47.7,177588,156.1,7.76,1.41,49.7,Kigamboni,1,2018,0,Hot,0,0,3,5,61,24,15.2,257162,107.2,32.5,1466412,774857,1598298,491427
21.5,241.9,70.9,379350,109.5,7.81,3.03,68.2,Kigamboni,2,2018,3,Hot,0,0,3,5,61,24,15.2,257162,288.7,21.8,491427,665894,553397,1289867
32.3,110.8,41.5,380005,158.9,6.57,3.13,20.0,Kigamboni,3,2018,3,Rainy,0,0,3,5,61,24,15.2,257162,145.5,31.8,1289867,1466412,514258,1009624
21.2,216.1,50.6,129678,102.9,8.22,0.68,86.7,Kigamboni,4,2018,6,Rainy,1,0,3,5,61,24,15.2,257162,169.2,21.7,1009624,491427,774857,324878
28.9,70.1,80.0,274798,107.8,8.4,1.29,43.3,Kigamboni,5,2018,1,Rainy,0,0,3,5,61,24,15.2,257162,44.8,29.3,324878,1289867,665894,832255
22.0,187.0,89.7,83386,56.8,7.12,2.96,26.6,Kigamboni,6,2018,4,Dry,0,0,3,5,61,24,15.2,257162,228.9,22.7,832255,1009624,1466412,231240
28.3,251.6,69.3,178503,127.7,7.47,1.34,60.4,Kigamboni,7,2018,6,Dry,1,0,3,5,61,24,15.2,257162,170.4,27.0,231240,324878,491427,446102
29.9,273.5,54.2,107313,155.1,8.19,1.14,73.0,Kigamboni,8,2018,2,Dry,0,0,3,5,61,24,15.2,257162,220.6,30.0,446102,832255,1289867,373514
29.9,20.8,84.0,120184,112.3,8.44,2.02,86.3,Kigamboni,9,2018,5,Dry,1,0,3,5,61,24,15.2,257162,11.8,30.0,373514,231240,1009624,436026
24.7,206.0,71.2,429926,13.6,6.88,0.61,87.5,Kigamboni,10,2018,0,Dry,0,0,3,5,61,24,15.2,257162,167.5,24.9,436026,446102,324878,1108306
33.6,149.1,91.4,504715,132.4,7.5,0.62,70.8,Kigamboni,11,2018,3,Rainy,0,0,3,5,61,24,15.2,257162,133.3,32.6,1108306,373514,832255,1718314
26.8,116.4,41.2,390071,67.6,8.09,2.79,15.8,Kigamboni,12,2018,5,Short Rains,1,0,3,5,61,24,15.2,257162,114.4,27.1,1718314,436026,231240,1028395
20.7,198.0,44.9,306005,185.5,7.24,3.25,43.5,Kigamboni,1,2019,1,Hot,0,0,3,5,61,24,15.2,257162,190.1,21.0,1028395,1108306,446102,812351
25.8,48.1,77.9,120133,153.8,7.91,0.81,18.9,Kigamboni,2,2019,4,Hot,0,0,3,5,61,24,15.2,257162,52.3,25.8,812351,1718314,373514,426755
28.8,118.1,47.0,264495,135.2,6.58,1.8,28.0,Kigamboni,3,2019,4,Rainy,0,0,3,5,61,24,15.2,257162,102.0,28.3,426755,1028395,436026,1009537
25.7,206.0,84.8,71941,104.1,7.73,4.62,59.4,Kigamboni,4,2019,0,Rainy,0,0,3,5,61,24,15.2,257162,205.2,26.2,1009537,812351,1108306,189429
26.9,77.7,48.6,371240,40.0,6.73,1.5,37.5,Kigamboni,5,2019,2,Rainy,0,0,3,5,61,24,15.2,257162,90.4,26.7,189429,426755,1718314,1139008
24.6,95.3,43.0,160782,47.7,6.84,2.42,99.2,Kigamboni,6,2019,5,Dry,1,0,3,5,61,24,15.2,257162,88.2,23.9,1139008,1009537,1028395,640489
34.6,221.5,78.7,99686,24.5,7.38,1.08,45.5,Kigamboni,7,2019,0,Dry,0,0,3,5,61,24,15.2,257162,248.1,33.1,640489,189429,812351,359023
33.6,79.7,77.4,239747,191.4,7.46,4.85,94.6,Kigamboni,8,2019,3,Dry,0,0,3,5,61,24,15.2,257162,51.6,34.7,359023,1139008,426755,862137
28.7,286.2,48.1,416489,44.1,7.06,4.81,38.7,Kigamboni,9,2019,6,Dry,1,0,3,5,61,24,15.2,257162,402.1,27.5,862137,640489,1009537,1021157
25.5,249.6,71.1,255512,41.6,8.4,4.63,59.0,Kigamboni,10,2019,1,Dry,0,0,3,5,61,24,15.2,257162,310.3,25.2,1021157,359023,189429,881721
24.5,45.7,83.4,424783,173.6,7.97,3.57,57.4,Kigamboni,11,2019,4,Rainy,0,0,3,5,61,24,15.2,257162,30.6,23.5,881721,862137,1139008,1672681
22.2,151.5,66.3,437043,172.3,8.21,2.86,31.3,Kigamboni,12,2019,6,Short Rains,1,0,3,5,61,24,15.2,257162,115.4,21.5,1672681,1021157,640489,1259537
34.7,172.5,81.8,126082,135.3,7.95,1.19,97.5,Kigamboni,1,2020,2,Hot,0,0,3,5,61,24,15.2,257162,167.2,36.0,1259537,881721,359023,476759
26.6,92.5,82.5,344937,130.9,6.6,1.79,30.3,Kigamboni,2,2020,5,Hot,1,0,3,5,61,24,15.2,257162,128.0,26.0,476759,1672681,862137,1304308
25.3,287.1,59.9,210600,194.1,8.19,1.64,52.1,Kigamboni,3,2020,6,Rainy,1,0,3,5,61,24,15.2,257162,406.7,25.7,1304308,1259537,1021157,528835
22.2,225.7,74.8,230331,121.8,8.05,4.06,69.4,Kigamboni,4,2020,2,Rainy,0,0,3,5,61,24,15.2,257162,115.5,21.2,528835,476759,881721,700931
25.0,267.0,49.0,136044,171.4,8.11,2.1,64.0,Kigamboni,5,2020,4,Rainy,0,0,3,5,61,24,15.2,257162,238.3,24.2,700931,1304308,1672681,399961
33.5,290.3,87.2,417353,69.3,8.09,2.72,46.9,Kigamboni,6,2020,0,Dry,0,1,3,5,61,24,15.2,257162,400.2,34.7,399961,528835,1259537,1514625
31.1,53.2,92.8,465899,11.1,7.23,2.24,50.4,Kigamboni,7,2020,2,Dry,0,0,3,5,61,24,15.2,257162,67.5,31.4,1514625,700931,476759,1703406
24.2,278.5,87.1,338437,138.7,7.16,1.8,28.2,Kigamboni,8,2020,5,Dry,1,0,3,5,61,24,15.2,257162,393.6,25.1,1703406,399961,1304308,797133
25.6,110.4,63.1,107926,15.5,7.13,1.43,62.4,Kigamboni,9,2020,1,Dry,0,0,3,5,61,24,15.2,257162,82.0,24.9,797133,1514625,528835,382290
33.1,215.5,63.5,75139,15.2,7.71,1.59,76.8,Kigamboni,10,2020,3,Dry,0,0,3,5,61,24,15.2,257162,249.3,32.7,382290,1703406,700931,216677
27.6,184.3,44.6,192131,47.5,6.75,4.76,48.5,Kigamboni,11,2020,6,Rainy,1,0,3,5,61,24,15.2,257162,177.6,26.4,216677,797133,399961,497369
33.0,156.8,60.0,114623,65.0,7.37,0.59,44.2,Kigamboni,12,2020,1,Short Rains,0,0,3,5,61,24,15.2,257162,161.1,34.3,497369,382290,1514625,449621
20.4,89.2,43.7,188326,153.1,7.03,1.59,84.8,Kigamboni,1,2021,4,Hot,0,0,3,5,61,24,15.2,257162,53.1,19.6,449621,216677,1703406,689379
29.7,218.0,59.6,496051,78.2,7.13,0.89,80.9,Kigamboni,2,2021,0,Hot,0,0,3,5,61,24,15.2,257162,162.6,30.9,689379,497369,797133,1316145
26.2,108.6,54.9,492026,194.9,6.63,4.39,23.7,Kigamboni,3,2021,0,Rainy,0,0,3,5,61,24,15.2,257162,59.7,25.5,1316145,449621,382290,1516145
22.3,59.2,93.3,191422,103.2,7.65,1.93,41.5,Kigamboni,4,2021,3,Rainy,0,0,3,5,61,24,15.2,257162,35.3,21.6,1516145,689379,216677,537328
24.3,37.5,42.3,308737,148.0,7.75,2.46,34.1,Kigamboni,5,2021,5,Rainy,1,0,3,5,61,24,15.2,257162,29.5,23.4,537328,1316145,497369,990254
28.2,63.5,46.2,216985,120.9,8.35,1.7,26.3,Kigamboni,6,2021,1,Dry,0,0,3,5,61,24,15.2,257162,48.9,27.3,990254,1516145,449621,645618
25.5,127.1,64.6,407097,176.8,7.87,2.38,88.1,Kigamboni,7,2021,3,Dry,0,0,3,5,61,24,15.2,257162,168.8,25.0,645618,537328,689379,1641471
23.0,256.0,44.2,246949,87.6,7.04,4.09,20.4,Kigamboni,8,2021,6,Dry,1,0,3,5,61,24,15.2,257162,204.7,23.9,1641471,990254,1316145,910352
30.5,175.4,64.2,378961,112.0,7.69,4.69,23.6,Kigamboni,9,2021,2,Dry,0,0,3,5,61,24,15.2,257162,129.1,31.3,910352,645618,1516145,1241473
22.5,217.6,61.5,125294,136.2,7.18,3.15,35.8,Kigamboni,10,2021,4,Dry,0,0,3,5,61,24,15.2,257162,256.3,22.4,1241473,1641471,537328,451945
22.3,120.5,91.9,297283,172.2,6.56,3.84,23.5,Kigamboni,11,2021,0,Rainy,0,0,3,5,61,24,15.2,257162,107.8,23.4,451945,910352,990254,865631
26.7,284.8,56.2,468214,199.4,8.41,4.23,35.0,Kigamboni,12,2021,2,Short Rains,0,0,3,5,61,24,15.2,257162,205.4,26.9,865631,1241473,645618,1376638
24.4,225.7,80.0,398856,194.9,7.53,1.38,34.7,Kigamboni,1,2022,5,Hot,1,0,3,5,61,24,15.2,257162,312.3,24.8,1376638,451945,1641471,1161272
22.4,63.4,56.8,102483,76.7,6.91,4.49,48.7,Kigamboni,2,2022,1,Hot,0,0,3,5,61,24,15.2,257162,60.3,23.1,1161272,865631,910352,358484
22.5,145.0,74.6,418209,60.4,7.25,4.4,16.1,Kigamboni,3,2022,1,Rainy,0,0,3,5,61,24,15.2,257162,200.3,23.2,358484,1376638,1241473,1571070
26.6,253.4,44.2,333451,46.3,8.14,1.01,94.1,Kigamboni,4,2022,4,Rainy,0,0,3,5,61,24,15.2,257162,131.0,27.0,1571070,1161272,451945,1236713
26.3,131.7,89.1,206603,124.2,7.71,1.31,18.8,Kigamboni,5,2022,6,Rainy,1,0,3,5,61,24,15.2,257162,98.8,25.9,1236713,358484,865631,716184
22.4,177.3,77.6,470974,47.9,6.99,4.6,71.2,Kigamboni,6,2022,2,Dry,0,0,3,5,61,24,15.2,257162,201.4,21.8,716184,1571070,1376638,1463708
25.8,69.4,93.0,111972,167.4,7.79,3.83,80.1,Kigamboni,7,2022,4,Dry,0,0,3,5,61,24,15.2,257162,100.3,27.1,1463708,1236713,1161272,368434
29.5,283.6,70.3,221837,87.3,6.82,2.52,42.6,Kigamboni,8,2022,0,Dry,0,0,3,5,61,24,15.2,257162,221.1,29.6,368434,716184,358484,795275
21.9,22.2,58.7,191107,163.8,7.31,2.99,45.0,Kigamboni,9,2022,3,Dry,0,0,3,5,61,24,15.2,257162,21.1,22.6,795275,1463708,1571070,830514
26.9,86.3,52.1,130929,101.2,8.47,0.69,94.3,Kigamboni,10,2022,5,Dry,1,0,3,5,61,24,15.2,257162,45.7,27.1,830514,368434,1236713,555602
31.8,244.4,85.4,379197,71.1,7.42,0.9,10.4,Kigamboni,11,2022,1,Rainy,0,0,3,5,61,24,15.2,257162,202.9,32.8,555602,795275,716184,1392895
22.8,288.6,77.4,247026,164.8,7.85,3.12,22.8,Kigamboni,12,2022,3,Short Rains,0,0,3,5,61,24,15.2,257162,356.6,22.0,1392895,830514,1463708,845340
31.7,54.9,80.0,257177,55.0,6.74,4.96,22.1,Kigamboni,1,2023,6,Hot,1,0,3,5,61,24,15.2,257162,30.8,31.2,845340,555602,368434,897489
31.1,299.5,84.9,499302,135.2,8.5,2.36,34.5,Kigamboni,2,2023,2,Hot,0,0,3,5,61,24,15.2,257162,259.9,31.1,897489,1392895,795275,1810792
34.2,205.6,47.0,169725,62.5,7.74,0.78,98.1,Kigamboni,3,2023,2,Rainy,0,1,3,5,61,24,15.2,257162,277.3,35.8,1810792,845340,830514,417302
33.1,290.8,41.6,450037,48.9,8.39,1.09,93.4,Kigamboni,4,2023,5,Rainy,1,0,3,5,61,24,15.2,257162,333.1,32.9,417302,897489,555602,1417869
29.8,290.4,46.4,106064,92.9,7.01,1.88,77.2,Kigamboni,5,2023,0,Rainy,0,0,3,5,61,24,15.2,257162,342.3,28.8,1417869,1810792,1392895,284129
33.0,237.1,40.4,317373,120.5,7.96,1.31,55.8,Kigamboni,6,2023,3,Dry,0,0,3,5,61,24,15.2,257162,331.3,32.9,284129,417302,845340,937369
29.0,229.8,62.1,238566,183.1,7.39,4.59,69.8,Kigamboni,7,2023,5,Dry,1,0,3,5,61,24,15.2,257162,128.4,28.3,937369,1417869,897489,819332
22.2,82.0,90.9,313356,178.2,7.38,3.12,58.6,Kigamboni,8,2023,1,Dry,0,1,3,5,61,24,15.2,257162,96.6,21.3,819332,284129,1810792,1283249
22.2,241.0,52.8,367144,135.9,8.38,4.09,87.5,Kigamboni,9,2023,4,Dry,0,0,3,5,61,24,15.2,257162,148.4,21.6,1283249,937369,417302,1379671
31.2,89.3,46.0,184050,50.1,7.04,2.15,97.5,Kigamboni,10,2023,6,Dry,1,0,3,5,61,24,15.2,257162,108.4,30.8,1379671,819332,1417869,781344
33.1,41.2,64.9,405295,111.1,7.36,4.5,76.7,Kigamboni,11,2023,2,Rainy,0,0,3,5,61,24,15.2,257162,35.1,32.4,781344,1283249,284129,1135988
34.2,236.0,58.4,272727,83.5,8.49,2.74,96.7,Kigamboni,12,2023,4,Short Rains,0,0,3,5,61,24,15.2,257162,136.7,33.5,1135988,1379671,937369,1004804
29.7,110.3,59.9,136421,25.8,7.08,2.21,71.4,Kigamboni,1,2024,0,Hot,0,0,3,5,61,24,15.2,257162,98.6,29.1,1004804,781344,819332,503648
31.0,278.2,84.8,97186,53.9,7.81,3.99,50.3,Kigamboni,2,2024,3,Hot,0,0,3,5,61,24,15.2,257162,187.3,30.2,503648,1135988,1283249,230884
20.2,135.3,92.5,82823,123.4,7.26,2.17,65.3,Kigamboni,3,2024,4,Rainy,0,0,3,5,61,24,15.2,257162,102.7,19.8,230884,1004804,1379671,298628
27.1,198.4,57.2,102315,124.5,7.11,4.17,46.2,Kigamboni,4,2024,0,Rainy,0,0,3,5,61,24,15.2,257162,256.2,27.0,298628,503648,781344,261446
33.9,170.2,81.2,224524,103.3,8.13,2.71,29.4,Kigamboni,5,2024,2,Rainy,0,1,3,5,61,24,15.2,257162,199.9,33.5,261446,230884,1135988,840596
23.0,266.9,52.9,405449,63.7,6.8,4.43,56.5,Kigamboni,6,2024,5,Dry,1,0,3,5,61,24,15.2,257162,142.3,22.3,840596,298628,1004804,995786
23.1,207.4,48.7,399300,115.8,6.68,4.67,94.4,Kigamboni,7,2024,0,Dry,0,0,3,5,61,24,15.2,257162,151.7,22.2,995786,261446,503648,1115898
31.8,213.9,41.8,358737,190.4,7.22,2.4,46.7,Kigamboni,8,2024,3,Dry,0,0,3,5,61,24,15.2,257162,116.4,31.8,1115898,840596,230884,1353757
28.0,230.5,41.0,191584,94.4,7.07,4.53,29.1,Kigamboni,9,2024,6,Dry,1,0,3,5,61,24,15.2,257162,312.5,28.2,1353757,995786,298628,481026
34.6,131.0,41.6,200642,27.0,7.97,4.5,65.8,Kigamboni,10,2024,1,Dry,0,0,3,5,61,24,15.2,257162,107.0,35.3,481026,1115898,261446,735057
22.5,208.6,64.6,374382,199.7,6.82,0.64,60.7,Kigamboni,11,2024,4,Rainy,0,0,3,5,61,24,15.2,257162,184.8,22.0,735057,1353757,840596,1225135
22.4,44.4,87.9,183221,26.6,7.83,1.07,27.4,Kigamboni,12,2024,6,Short Rains,1,0,3,5,61,24,15.2,257162,40.9,23.4,1225135,481026,995786,642904
30.2,260.4,85.1,151230,179.3,8.42,4.31,75.4,Ubungo,1,2005,5,Hot,1,0,3,36,14,30,31.3,388072,350.6,29.0,243546,238960,289404,267889
21.1,201.8,45.0,399643,121.5,7.64,1.25,79.3,Ubungo,2,2005,1,Hot,0,0,3,36,14,30,31.3,388072,185.0,21.2,267889,1106557,1175306,1296836
34.1,97.4,71.8,72020,148.5,8.43,0.51,45.3,Ubungo,3,2005,1,Rainy,0,0,3,36,14,30,31.3,388072,75.4,32.7,1296836,199676,201840,198537
28.8,253.9,77.0,293933,44.3,6.84,3.4,19.1,Ubungo,4,2005,4,Rainy,0,0,3,36,14,30,31.3,388072,189.9,29.5,198537,267889,857316,1041850
32.0,61.4,82.6,278698,132.6,8.3,4.81,94.1,Ubungo,5,2005,6,Rainy,1,0,3,36,14,30,31.3,388072,49.5,33.5,1041850,1296836,953615,976673
21.6,63.2,63.6,326919,22.4,7.33,4.92,82.9,Ubungo,6,2005,2,Dry,0,0,3,36,14,30,31.3,388072,69.3,22.2,976673,198537,1067620,1073748
26.8,167.0,73.6,101331,97.4,8.18,2.53,90.4,Ubungo,7,2005,4,Dry,0,0,3,36,14,30,31.3,388072,200.5,26.6,1073748,1041850,267889,325725
34.7,172.8,83.5,415616,135.3,7.89,4.28,93.5,Ubungo,8,2005,0,Dry,0,0,3,36,14,30,31.3,388072,234.0,35.2,325725,976673,1296836,1026154
22.1,192.3,57.6,60725,129.9,7.36,2.06,76.4,Ubungo,9,2005,3,Dry,0,0,3,36,14,30,31.3,388072,286.4,22.2,1026154,1073748,198537,66927
26.7,195.1,59.2,153769,43.7,6.84,3.4,13.6,Ubungo,10,2005,5,Dry,1,0,3,36,14,30,31.3,388072,102.1,28.0,66927,325725,1041850,343287
32.0,14.1,59.2,60424,56.3,7.43,0.52,72.1,Ubungo,11,2005,1,Rainy,0,0,3,36,14,30,31.3,388072,20.2,32.3,343287,1026154,976673,197221
25.9,191.2,68.0,388542,152.7,7.61,4.97,59.4,Ubungo,12,2005,3,Short Rains,0,0,3,36,14,30,31.3,388072,117.4,25.7,197221,66927,1073748,1216429
30.9,194.7,83.2,470491,171.3,6.92,3.27,80.6,Ubungo,1,2006,6,Hot,1,1,3,36,14,30,31.3,388072,266.9,32.0,1216429,343287,325725,1549503
21.7,225.0,77.8,287599,190.5,7.77,3.22,14.4,Ubungo,2,2006,2,Hot,0,0,3,36,14,30,31.3,388072,173.5,20.7,1549503,197221,1026154,757625
30.2,24.0,53.4,233258,12.8,6.63,0.58,16.7,Ubungo,3,2006,2,Rainy,0,0,3,36,14,30,31.3,388072,30.4,28.8,757625,1216429,66927,924662
25.8,299.4,67.3,215121,195.7,7.43,2.18,75.2,Ubungo,4,2006,5,Rainy,1,0,3,36,14,30,31.3,388072,224.2,26.5,924662,1549503,343287,458546
32.4,5.4,55.2,269060,65.3,8.32,3.52,90.6,Ubungo,5,2006,0,Rainy,0,0,3,36,14,30,31.3,388072,7.0,31.2,458546,757625,197221,723452
22.6,117.3,57.8,315235,100.9,6.83,1.21,27.5,Ubungo,6,2006,3,Dry,0,0,3,36,14,30,31.3,388072,132.1,22.2,723452,924662,1216429,1135176
20.9,180.4,94.7,447892,51.0,6.86,4.78,23.8,Ubungo,7,2006,5,Dry,1,0,3,36,14,30,31.3,388072,98.8,20.3,1135176,458546,1549503,1308843
28.9,166.0,77.5,246511,25.4,7.27,4.07,42.6,Ubungo,8,2006,1,Dry,0,0,3,36,14,30,31.3,388072,145.2,29.0,1308843,723452,757625,699088
29.2,82.3,89.3,299749,129.9,7.33,2.08,80.9,Ubungo,9,2006,4,Dry,0,0,3,36,14,30,31.3,388072,51.1,29.6,699088,1135176,924662,768743
30.2,179.1,42.2,394188,11.1,6.84,3.34,98.2,Ubungo,10,2006,6,Dry,1,0,3,36,14,30,31.3,388072,262.0,29.9,768743,1308843,458546,1242336
32.5,245.0,60.1,151422,93.3,8.03,2.99,28.7,Ubungo,11,2006,2,Rainy,0,0,3,36,14,30,31.3,388072,245.8,30.9,1242336,699088,723452,276052
31.2,283.4,67.4,255891,124.2,8.24,3.75,49.0,Ubungo,12,2006,4,Short Rains,0,0,3,36,14,30,31.3,388072,324.7,30.3,276052,768743,1135176,516299
32.6,81.7,89.3,176171,120.6,8.12,0.94,33.8,Ubungo,1,2007,0,Hot,0,0,3,36,14,30,31.3,388072,109.4,34.0,516299,1242336,1308843,492822
22.3,84.9,75.5,138916,43.6,8.43,1.95,12.6,Ubungo,2,2007,3,Hot,0,0,3,36,14,30,31.3,388072,55.8,22.7,492822,276052,699088,510357
23.1,214.0,40.1,66843,58.0,8.33,4.89,36.5,Ubungo,3,2007,3,Rainy,0,0,3,36,14,30,31.3,388072,222.3,23.6,510357,516299,768743,139789
24.5,36.9,48.7,235841,40.7,7.02,4.26,47.4,Ubungo,4,2007,6,Rainy,1,0,3,36,14,30,31.3,388072,33.9,24.5,139789,492822,1242336,775749
31.7,7.6,76.6,229210,55.8,7.07,0.84,79.1,Ubungo,5,2007,1,Rainy,0,0,3,36,14,30,31.3,388072,6.3,30.7,775749,510357,276052,896887
23.8,290.1,47.6,460937,102.0,8.06,4.94,27.1,Ubungo,6,2007,4,Dry,0,0,3,36,14,30,31.3,388072,152.5,24.3,896887,139789,516299,1470123
27.2,171.6,70.6,446114,35.3,7.17,3.37,61.4,Ubungo,7,2007,6,Dry,1,0,3,36,14,30,31.3,388072,250.2,27.1,1470123,775749,492822,1424515
34.2,38.3,58.2,64617,150.9,6.71,2.78,42.5,Ubungo,8,2007,2,Dry,0,0,3,36,14,30,31.3,388072,27.7,33.9,1424515,896887,510357,235042
22.1,246.3,89.7,134943,72.7,8.11,3.18,15.1,Ubungo,9,2007,5,Dry,1,1,3,36,14,30,31.3,388072,229.9,21.8,235042,1470123,139789,395545
28.5,144.8,78.2,56568,58.6,7.97,2.39,77.3,Ubungo,10,2007,0,Dry,0,0,3,36,14,30,31.3,388072,153.1,29.0,395545,1424515,775749,151789
34.1,150.6,56.4,92507,140.7,7.66,2.47,23.1,Ubungo,11,2007,3,Rainy,0,0,3,36,14,30,31.3,388072,177.1,33.7,151789,235042,896887,270078
35.0,254.5,50.9,216832,129.5,6.92,1.58,88.0,Ubungo,12,2007,5,Short Rains,1,0,3,36,14,30,31.3,388072,377.3,36.5,270078,395545,1470123,730952
29.6,140.8,85.2,393935,39.1,7.66,4.53,35.3,Ubungo,1,2008,1,Hot,0,0,3,36,14,30,31.3,388072,169.1,30.1,730952,151789,1424515,1269995
31.2,7.2,70.4,221236,147.8,6.72,1.45,28.1,Ubungo,2,2008,4,Hot,0,0,3,36,14,30,31.3,388072,5.2,32.5,1269995,270078,235042,585318
32.1,112.3,76.1,368224,45.2,8.3,0.82,93.0,Ubungo,3,2008,5,Rainy,1,0,3,36,14,30,31.3,388072,100.1,33.5,585318,730952,395545,1029091
31.4,51.7,48.1,192473,76.9,7.92,0.74,17.4,Ubungo,4,2008,1,Rainy,0,0,3,36,14,30,31.3,388072,33.4,31.0,1029091,1269995,151789,752060
20.0,8.0,46.5,401861,138.3,8.04,4.66,17.3,Ubungo,5,2008,3,Rainy,0,0,3,36,14,30,31.3,388072,4.3,19.1,752060,585318,270078,1112827
25.7,108.1,59.9,200011,44.5,6.54,0.88,92.4,Ubungo,6,2008,6,Dry,1,0,3,36,14,30,31.3,388072,77.8,24.5,1112827,1029091,730952,583839
27.8,15.1,43.6,247857,165.9,8.04,4.92,43.5,Ubungo,7,2008,1,Dry,0,0,3,36,14,30,31.3,388072,22.4,27.4,583839,752060,1269995,824787
22.8,245.8,64.9,444295,167.3,8.35,1.62,49.8,Ubungo,8,2008,4,Dry,0,0,3,36,14,30,31.3,388072,195.6,22.2,824787,1112827,585318,1474636
26.7,293.8,84.4,237446,147.8,8.26,4.68,53.1,Ubungo,9,2008,0,Dry,0,0,3,36,14,30,31.3,388072,346.9,27.8,1474636,583839,1029091,667370
31.7,278.2,78.3,349382,66.0,6.83,1.7,38.1,Ubungo,10,2008,2,Dry,0,0,3,36,14,30,31.3,388072,265.2,31.5,667370,824787,752060,858757
21.3,173.5,92.9,284048,18.4,7.23,2.4,73.3,Ubungo,11,2008,5,Rainy,1,0,3,36,14,30,31.3,388072,258.8,21.4,858757,1474636,1112827,762088
26.1,272.3,48.4,335424,96.4,8.37,3.4,91.7,Ubungo,12,2008,0,Short Rains,0,0,3,36,14,30,31.3,388072,157.1,27.0,762088,667370,583839,1066360
23.3,112.4,42.8,277836,85.9,7.7,0.93,18.9,Ubungo,1,2009,3,Hot,0,0,3,36,14,30,31.3,388072,60.7,22.6,1066360,858757,824787,967440
22.2,225.3,91.6,137914,132.1,7.25,3.01,31.3,Ubungo,2,2009,6,Hot,1,0,3,36,14,30,31.3,388072,279.6,21.9,967440,762088,1474636,283748
30.7,223.1,58.5,343753,160.4,8.31,1.87,26.8,Ubungo,3,2009,6,Rainy,1,0,3,36,14,30,31.3,388072,245.3,31.1,283748,1066360,667370,831742
21.2,155.1,81.0,138738,197.6,7.19,3.41,43.8,Ubungo,4,2009,2,Rainy,0,0,3,36,14,30,31.3,388072,180.6,20.5,831742,967440,858757,386492
28.3,214.1,46.0,388605,102.2,7.68,3.08,73.6,Ubungo,5,2009,4,Rainy,0,1,3,36,14,30,31.3,388072,289.3,29.5,386492,283748,762088,1259578
31.3,32.1,75.5,155524,69.3,6.82,4.14,38.5,Ubungo,6,2009,0,Dry,0,0,3,36,14,30,31.3,388072,40.9,31.5,1259578,831742,1066360,437551
30.3,127.0,72.3,164079,58.3,7.61,2.8,74.1,Ubungo,7,2009,2,Dry,0,0,3,36,14,30,31.3,388072,143.3,30.0,437551,386492,967440,404397
24.9,198.6,70.8,239674,129.2,8.39,1.72,78.3,Ubungo,8,2009,5,Dry,1,0,3,36,14,30,31.3,388072,224.4,24.6,404397,1259578,283748,574912
25.3,88.8,66.6,459274,118.5,7.84,3.17,68.6,Ubungo,9,2009,1,Dry,0,0,3,36,14,30,31.3,388072,74.1,24.3,574912,437551,831742,1330854
23.4,67.3,41.8,217353,183.5,7.73,3.19,40.9,Ubungo,10,2009,3,Dry,0,0,3,36,14,30,31.3,388072,51.1,22.5,1330854,404397,386492,599267
25.5,45.9,86.8,479246,26.3,7.64,4.88,28.2,Ubungo,11,2009,6,Rainy,1,0,3,36,14,30,31.3,388072,44.2,24.6,599267,574912,1259578,1803085
25.3,203.4,48.4,323978,33.4,7.01,2.18,40.2,Ubungo,12,2009,1,Short Rains,0,0,3,36,14,30,31.3,388072,138.8,25.5,1803085,1330854,437551,879438
27.7,200.1,74.4,471149,63.4,6.96,3.5,99.6,Ubungo,1,2010,4,Hot,0,0,3,36,14,30,31.3,388072,276.9,28.4,879438,599267,404397,1306479
33.6,201.5,75.6,93805,134.3,7.48,2.7,74.2,Ubungo,2,2010,0,Hot,0,0,3,36,14,30,31.3,388072,216.9,34.2,1306479,1803085,574912,237885
31.0,36.0,50.4,130501,172.7,6.8,3.3,28.0,Ubungo,3,2010,0,Rainy,0,0,3,36,14,30,31.3,388072,43.9,29.9,237885,879438,1330854,475676
34.2,8.7,86.7,322276,118.5,6.98,3.51,64.9,Ubungo,4,2010,3,Rainy,0,0,3,36,14,30,31.3,388072,11.8,34.9,475676,1306479,599267,883638
25.8,75.0,48.4,181137,140.6,8.15,0.79,36.7,Ubungo,5,2010,5,Rainy,1,0,3,36,14,30,31.3,388072,99.0,25.1,883638,237885,1803085,507324
32.0,30.7,61.5,348409,158.1,7.29,4.21,93.4,Ubungo,6,2010,1,Dry,0,0,3,36,14,30,31.3,388072,23.6,31.0,507324,475676,879438,911821
33.9,76.0,87.3,466711,100.0,7.02,0.66,85.3,Ubungo,7,2010,3,Dry,0,0,3,36,14,30,31.3,388072,48.2,34.7,911821,883638,1306479,1675419
22.6,284.9,43.7,268931,184.0,8.49,2.91,48.6,Ubungo,8,2010,6,Dry,1,0,3,36,14,30,31.3,388072,280.4,23.5,1675419,507324,237885,731027
25.3,76.3,74.7,132602,65.3,8.3,2.96,71.7,Ubungo,9,2010,2,Dry,0,1,3,36,14,30,31.3,388072,92.4,25.7,731027,911821,475676,422652
33.4,107.6,88.9,489598,68.9,7.92,3.52,74.3,Ubungo,10,2010,4,Dry,0,0,3,36,14,30,31.3,388072,77.0,34.7,422652,1675419,883638,1328682
25.4,170.5,45.1,184536,185.4,7.67,3.32,23.7,Ubungo,11,2010,0,Rainy,0,0,3,36,14,30,31.3,388072,122.3,26.1,1328682,731027,507324,448680
33.9,268.9,93.4,344028,100.8,8.47,4.34,65.7,Ubungo,12,2010,2,Short Rains,0,0,3,36,14,30,31.3,388072,364.5,35.6,448680,422652,911821,776918
33.4,152.8,56.5,342303,100.0,7.3,1.27,46.0,Ubungo,1,2011,5,Hot,1,0,3,36,14,30,31.3,388072,207.1,33.9,776918,1328682,1675419,1051694
27.8,278.0,87.0,277465,143.1,8.06,1.63,26.4,Ubungo,2,2011,1,Hot,0,0,3,36,14,30,31.3,388072,272.7,28.7,1051694,448680,731027,769904
26.7,48.8,89.7,227082,39.8,6.8,2.25,66.3,Ubungo,3,2011,1,Rainy,0,0,3,36,14,30,31.3,388072,31.0,27.5,769904,776918,422652,612054
31.8,110.7,78.6,384130,16.0,8.42,1.92,55.9,Ubungo,4,2011,4,Rainy,0,0,3,36,14,30,31.3,388072,81.6,30.8,612054,1051694,1328682,1001627
29.4,18.7,85.7,447077,125.4,6.97,1.25,33.2,Ubungo,5,2011,6,Rainy,1,0,3,36,14,30,31.3,388072,19.9,30.3,1001627,769904,448680,1264567
25.2,179.6,64.9,193581,98.8,7.72,2.87,32.0,Ubungo,6,2011,2,Dry,0,0,3,36,14,30,31.3,388072,262.3,24.4,1264567,612054,776918,429634
29.0,27.5,90.1,474510,52.7,8.12,4.43,91.8,Ubungo,7,2011,4,Dry,0,0,3,36,14,30,31.3,388072,33.6,28.0,429634,1001627,1051694,1782874
30.3,39.4,60.5,74874,178.0,7.7,1.09,11.8,Ubungo,8,2011,0,Dry,0,0,3,36,14,30,31.3,388072,48.8,28.9,1782874,1264567,769904,237939
33.0,102.0,49.7,152897,168.8,7.4,2.06,85.2,Ubungo,9,2011,3,Dry,0,0,3,36,14,30,31.3,388072,66.0,32.2,237939,429634,612054,496607
34.4,238.3,56.1,108719,34.6,6.86,2.34,20.9,Ubungo,10,2011,5,Dry,1,0,3,36,14,30,31.3,388072,271.9,33.3,496607,1782874,1001627,239346
25.0,57.9,69.7,430306,149.9,7.62,1.41,17.0,Ubungo,11,2011,1,Rainy,0,0,3,36,14,30,31.3,388072,73.0,23.9,239346,237939,1264567,1543712
26.8,198.5,77.6,164703,177.0,7.84,3.96,74.5,Ubungo,12,2011,3,Short Rains,0,0,3,36,14,30,31.3,388072,107.6,26.7,1543712,496607,429634,435616
24.0,211.2,44.7,321246,115.1,7.56,4.09,39.8,Ubungo,1,2012,6,Hot,1,0,3,36,14,30,31.3,388072,139.0,23.0,435616,239346,1782874,951949
24.0,208.2,76.7,128225,187.0,8.2,1.08,28.5,Ubungo,2,2012,2,Hot,0,0,3,36,14,30,31.3,388072,287.4,24.8,951949,1543712,237939,324332
22.9,121.2,47.1,440798,67.1,6.65,4.11,78.1,Ubungo,3,2012,3,Rainy,0,0,3,36,14,30,31.3,388072,139.8,22.8,324332,435616,496607,1160814
22.4,181.6,77.0,201249,85.9,7.49,1.1,60.2,Ubungo,4,2012,6,Rainy,1,0,3,36,14,30,31.3,388072,253.8,22.4,1160814,951949,239346,610608
32.9,46.5,79.0,462893,124.3,7.22,4.72,67.7,Ubungo,5,2012,1,Rainy,0,0,3,36,14,30,31.3,388072,33.8,33.6,610608,324332,1543712,1250740
28.2,9.2,89.1,211506,28.2,6.8,0.71,91.8,Ubungo,6,2012,4,Dry,0,0,3,36,14,30,31.3,388072,9.1,28.6,1250740,1160814,435616,849663
27.5,129.9,80.8,163824,145.5,6.9,1.97,71.6,Ubungo,7,2012,6,Dry,1,0,3,36,14,30,31.3,388072,110.3,27.2,849663,610608,951949,428197
28.1,267.5,42.0,450167,54.9,8.47,2.02,57.8,Ubungo,8,2012,2,Dry,0,0,3,36,14,30,31.3,388072,323.6,28.2,428197,1250740,324332,1562296
33.7,77.5,82.0,79345,108.1,7.04,1.6,84.5,Ubungo,9,2012,5,Dry,1,1,3,36,14,30,31.3,388072,51.1,34.1,1562296,849663,1160814,210016
22.3,37.2,42.5,312155,47.7,7.74,1.52,71.7,Ubungo,10,2012,0,Dry,0,0,3,36,14,30,31.3,388072,53.3,21.8,210016,428197,610608,1213954
23.5,228.3,78.5,169789,112.5,8.06,2.82,91.3,Ubungo,11,2012,3,Rainy,0,1,3,36,14,30,31.3,388072,299.8,24.2,1213954,1562296,1250740,429406
20.5,225.1,78.8,327915,18.8,7.21,1.75,79.0,Ubungo,12,2012,5,Short Rains,1,0,3,36,14,30,31.3,388072,153.8,21.2,429406,210016,849663,1126232
23.0,247.1,72.7,424519,187.4,7.03,3.06,85.6,Ubungo,1,2013,1,Hot,0,0,3,36,14,30,31.3,388072,230.9,23.7,1126232,1213954,428197,1339024
26.2,61.4,76.3,481640,189.3,8.47,3.42,10.4,Ubungo,2,2013,4,Hot,0,0,3,36,14,30,31.3,388072,76.0,27.4,1339024,429406,1562296,1681337
22.2,84.2,66.6,262994,54.4,7.92,3.65,51.5,Ubungo,3,2013,4,Rainy,0,0,3,36,14,30,31.3,388072,104.6,23.0,1681337,1126232,210016,861115
25.6,150.9,81.3,232893,19.5,8.18,3.25,45.3,Ubungo,4,2013,0,Rainy,0,0,3,36,14,30,31.3,388072,164.4,24.5,861115,1339024,1213954,517306
30.3,200.7,60.9,135766,40.8,7.68,4.1,37.1,Ubungo,5,2013,2,Rainy,0,0,3,36,14,30,31.3,388072,158.1,31.3,517306,1681337,429406,322437
20.6,25.0,70.9,425415,159.4,8.19,1.56,28.4,Ubungo,6,2013,5,Dry,1,0,3,36,14,30,31.3,388072,37.3,21.0,322437,861115,1126232,1225100
21.4,236.1,62.7,339303,41.5,7.58,4.94,74.6,Ubungo,7,2013,0,Dry,0,0,3,36,14,30,31.3,388072,238.3,21.3,1225100,517306,1339024,952631
26.6,227.9,77.7,66642,26.6,7.98,1.33,18.8,Ubungo,8,2013,3,Dry,0,0,3,36,14,30,31.3,388072,278.9,27.0,952631,322437,1681337,157356
26.2,202.2,90.8,428212,67.8,6.93,1.27,64.3,Ubungo,9,2013,6,Dry,1,0,3,36,14,30,31.3,388072,152.2,25.9,157356,1225100,861115,1203572
24.2,260.3,44.9,232213,144.8,7.85,2.79,70.6,Ubungo,10,2013,1,Dry,0,0,3,36,14,30,31.3,388072,281.5,24.6,1203572,952631,517306,639031
20.6,36.2,86.4,323134,96.7,7.78,2.13,44.6,Ubungo,11,2013,4,Rainy,0,0,3,36,14,30,31.3,388072,21.3,21.4,639031,157356,322437,1156233
25.5,214.0,54.7,513901,15.5,7.58,0.62,81.5,Ubungo,12,2013,6,Short Rains,1,0,3,36,14,30,31.3,388072,251.4,26.4,1156233,1203572,1225100,1828305
22.6,184.5,71.1,448617,30.8,7.31,3.47,11.5,Ubungo,1,2014,2,Hot,0,0,3,36,14,30,31.3,388072,165.9,21.5,1828305,639031,952631,1209378
34.0,229.4,80.0,496479,108.4,7.88,2.76,39.5,Ubungo,2,2014,5,Hot,1,0,3,36,14,30,31.3,388072,254.6,32.6,1209378,1156233,157356,1340702
32.4,29.9,87.2,191761,195.7,8.15,0.58,75.7,Ubungo,3,2014,5,Rainy,1,0,3,36,14,30,31.3,388072,35.0,32.6,1340702,1828305,1203572,737915
25.8,156.2,88.5,499346,148.9,7.16,2.86,49.9,Ubungo,4,2014,1,Rainy,0,0,3,36,14,30,31.3,388072,83.2,25.2,737915,1209378,639031,1385077
31.8,122.4,91.5,472000,63.7,7.34,4.6,68.5,Ubungo,5,2014,3,Rainy,0,0,3,36,14,30,31.3,388072,111.0,32.3,1385077,1340702,1156233,1669077
30.8,129.3,79.3,74370,19.6,8.27,2.31,81.0,Ubungo,6,2014,6,Dry,1,0,3,36,14,30,31.3,388072,184.7,31.2,1669077,737915,1828305,209174
32.8,72.8,43.3,510044,25.3,8.25,3.46,80.2,Ubungo,7,2014,1,Dry,0,0,3,36,14,30,31.3,388072,99.6,34.1,209174,1385077,1209378,1543649
25.2,244.1,77.9,300121,51.4,7.04,0.71,14.2,Ubungo,8,2014,4,Dry,0,0,3,36,14,30,31.3,388072,315.4,25.7,1543649,1669077,1340702,843419
27.6,46.1,81.0,315833,72.2,7.19,1.19,65.1,Ubungo,9,2014,0,Dry,0,1,3,36,14,30,31.3,388072,35.7,27.0,843419,209174,737915,784773
32.9,35.4,42.6,137630,93.8,7.33,0.59,93.2,Ubungo,10,2014,2,Dry,0,0,3,36,14,30,31.3,388072,39.3,31.6,784773,1543649,1385077,394194
25.7,289.9,85.7,277894,167.1,8.21,1.11,36.3,Ubungo,11,2014,5,Rainy,1,0,3,36,14,30,31.3,388072,285.5,25.0,394194,843419,1669077,924149
22.3,31.6,52.6,211183,40.7,6.79,2.97,28.5,Ubungo,12,2014,0,Short Rains,0,0,3,36,14,30,31.3,388072,17.2,22.7,924149,784773,209174,548310
27.5,61.2,92.0,445481,183.9,7.71,2.55,89.5,Ubungo,1,2015,3,Hot,0,0,3,36,14,30,31.3,388072,63.6,26.5,548310,394194,1543649,1112548
23.9,52.0,94.6,80507,20.1,6.5,3.83,27.9,Ubungo,2,2015,6,Hot,1,0,3,36,14,30,31.3,388072,70.0,24.2,1112548,924149,843419,211031
23.6,19.6,63.1,513872,104.4,6.68,3.99,57.5,Ubungo,3,2015,6,Rainy,1,0,3,36,14,30,31.3,388072,15.2,22.7,211031,548310,784773,1473094
29.6,13.7,91.1,107188,33.7,8.07,0.89,28.6,Ubungo,4,2015,2,Rainy,0,0,3,36,14,30,31.3,388072,11.4,28.9,1473094,1112548,394194,370530
33.2,241.7,54.2,294248,181.3,8.16,4.88,45.6,Ubungo,5,2015,4,Rainy,0,0,3,36,14,30,31.3,388072,204.2,33.0,370530,211031,924149,734257
30.2,227.9,45.0,477022,182.0,7.65,1.97,69.7,Ubungo,6,2015,0,Dry,0,0,3,36,14,30,31.3,388072,247.8,31.1,734257,1473094,548310,1402788
24.0,46.1,53.3,368806,67.1,7.52,2.72,77.0,Ubungo,7,2015,2,Dry,0,1,3,36,14,30,31.3,388072,29.3,23.2,1402788,370530,1112548,925072
31.9,14.0,67.7,61705,197.2,7.45,1.4,16.1,Ubungo,8,2015,5,Dry,1,0,3,36,14,30,31.3,388072,9.8,31.0,925072,734257,211031,231316
20.1,226.7,78.1,494909,12.1,8.27,4.1,59.8,Ubungo,9,2015,1,Dry,0,0,3,36,14,30,31.3,388072,130.0,20.1,231316,1402788,1473094,1467475
30.5,24.8,58.9,190933,162.0,7.04,3.15,48.9,Ubungo,10,2015,3,Dry,0,0,3,36,14,30,31.3,388072,33.2,30.1,1467475,925072,370530,583105
26.2,47.4,43.8,479688,67.3,7.03,1.91,91.6,Ubungo,11,2015,6,Rainy,1,0,3,36,14,30,31.3,388072,32.5,25.9,583105,231316,734257,1434039
26.6,167.3,45.9,280365,43.7,6.98,1.31,56.1,Ubungo,12,2015,1,Short Rains,0,0,3,36,14,30,31.3,388072,179.6,26.3,1434039,1467475,1402788,938309
29.1,163.4,65.0,253026,54.1,7.9,2.7,21.7,Ubungo,1,2016,4,Hot,0,0,3,36,14,30,31.3,388072,209.7,29.1,938309,583105,925072,756069
26.9,98.3,52.7,435961,14.5,7.73,1.1,24.9,Ubungo,2,2016,0,Hot,0,0,3,36,14,30,31.3,388072,144.6,26.1,756069,1434039,231316,1444330
27.7,61.7,72.3,468943,127.0,7.45,3.44,88.1,Ubungo,3,2016,1,Rainy,0,0,3,36,14,30,31.3,388072,72.3,27.3,1444330,938309,1467475,1782461
25.0,187.1,90.3,66317,157.2,6.86,3.19,63.1,Ubungo,4,2016,4,Rainy,0,0,3,36,14,30,31.3,388072,238.6,25.3,1782461,756069,583105,99000
30.2,65.8,94.8,113735,110.4,6.95,2.35,34.1,Ubungo,5,2016,6,Rainy,1,0,3,36,14,30,31.3,388072,60.8,30.7,99000,1444330,1434039,351224
20.4,257.9,72.0,459181,194.5,7.86,3.33,33.2,Ubungo,6,2016,2,Dry,0,0,3,36,14,30,31.3,388072,218.1,19.6,351224,1782461,938309,1268546
30.8,139.2,77.3,98481,23.8,8.39,1.41,63.0,Ubungo,7,2016,4,Dry,0,0,3,36,14,30,31.3,388072,110.3,29.6,1268546,99000,756069,267858
30.4,106.0,92.5,102840,137.9,6.76,4.77,74.6,Ubungo,8,2016,0,Dry,0,0,3,36,14,30,31.3,388072,103.7,30.1,267858,351224,1444330,242376
27.3,8.8,54.4,303532,65.7,8.18,3.2,33.2,Ubungo,9,2016,3,Dry,0,0,3,36,14,30,31.3,388072,10.1,27.8,242376,1268546,1782461,1062615
23.8,145.9,47.0,281292,191.3,6.72,2.0,65.5,Ubungo,10,2016,5,Dry,1,0,3,36,14,30,31.3,388072,189.0,23.8,1062615,267858,99000,674685
34.1,186.6,85.3,432191,154.6,7.99,4.7,63.2,Ubungo,11,2016,1,Rainy,0,0,3,36,14,30,31.3,388072,278.7,35.0,674685,242376,351224,1436188
28.6,261.2,71.0,458670,26.5,8.45,4.8,79.1,Ubungo,12,2016,3,Short Rains,0,0,3,36,14,30,31.3,388072,213.5,27.4,1436188,1062615,1268546,1212887
29.8,226.5,76.6,204730,33.8,7.09,2.43,66.6,Ubungo,1,2017,6,Hot,1,0,3,36,14,30,31.3,388072,275.4,30.2,1212887,674685,267858,424459
30.3,102.4,64.4,456021,123.3,7.2,2.57,65.4,Ubungo,2,2017,2,Hot,0,0,3,36,14,30,31.3,388072,112.4,31.1,424459,1436188,242376,1646178
33.8,267.5,71.7,386989,93.4,8.43,3.65,22.6,Ubungo,3,2017,2,Rainy,0,0,3,36,14,30,31.3,388072,386.0,34.0,1646178,1212887,1062615,1280074
25.5,103.6,43.0,209740,74.5,7.91,4.26,62.4,Ubungo,4,2017,5,Rainy,1,0,3,36,14,30,31.3,388072,104.5,26.4,1280074,424459,674685,538364
25.6,49.5,70.5,476711,26.1,8.36,4.01,21.9,Ubungo,5,2017,0,Rainy,0,0,3,36,14,30,31.3,388072,54.6,24.8,538364,1646178,1436188,1406576
24.5,32.6,50.0,218993,83.8,6.81,1.8,84.2,Ubungo,6,2017,3,Dry,0,0,3,36,14,30,31.3,388072,17.0,25.6,1406576,1280074,1212887,542938
30.2,71.7,69.7,74157,125.0,8.09,0.87,75.1,Ubungo,7,2017,5,Dry,1,0,3,36,14,30,31.3,388072,56.8,29.8,542938,538364,424459,177485
22.7,70.1,42.6,332644,65.5,7.37,2.93,14.3,Ubungo,8,2017,1,Dry,0,0,3,36,14,30,31.3,388072,104.4,23.8,177485,1406576,1646178,953840
26.9,203.2,67.1,507344,96.2,6.88,0.95,94.0,Ubungo,9,2017,4,Dry,0,0,3,36,14,30,31.3,388072,186.4,27.4,953840,542938,1280074,1199164
24.0,59.8,41.0,160142,140.6,8.47,0.7,44.8,Ubungo,10,2017,6,Dry,1,0,3,36,14,30,31.3,388072,86.0,24.6,1199164,177485,538364,560761
32.4,25.2,63.4,124400,68.3,7.35,1.68,28.8,Ubungo,11,2017,2,Rainy,0,0,3,36,14,30,31.3,388072,30.7,30.9,560761,953840,1406576,394643
34.9,57.7,55.2,372992,138.2,7.71,4.61,88.5,Ubungo,12,2017,4,Short Rains,0,0,3,36,14,30,31.3,388072,29.3,35.6,394643,1199164,542938,1437720
21.9,123.0,80.2,419564,144.6,8.28,3.1,40.7,Ubungo,1,2018,0,Hot,0,0,3,36,14,30,31.3,388072,135.6,22.8,1437720,560761,177485,1225190
33.0,13.6,53.5,95596,145.1,7.11,3.83,91.8,Ubungo,2,2018,3,Hot,0,0,3,36,14,30,31.3,388072,11.1,32.3,1225190,394643,953840,334453
25.8,157.5,71.5,350058,74.9,7.81,0.86,80.9,Ubungo,3,2018,3,Rainy,0,0,3,36,14,30,31.3,388072,89.9,26.8,334453,1437720,1199164,1062927
20.1,243.7,86.9,390508,84.3,8.17,1.55,76.4,Ubungo,4,2018,6,Rainy,1,0,3,36,14,30,31.3,388072,332.5,20.3,1062927,1225190,560761,1302741
29.5,262.2,40.0,288553,53.9,7.78,0.65,70.4,Ubungo,5,2018,1,Rainy,0,0,3,36,14,30,31.3,388072,364.5,30.0,1302741,334453,394643,761968
24.1,233.5,91.4,194198,15.5,6.94,3.32,34.4,Ubungo,6,2018,4,Dry,0,1,3,36,14,30,31.3,388072,349.3,23.8,761968,1062927,1437720,555211
31.5,211.7,67.8,74119,20.9,8.13,4.32,67.8,Ubungo,7,2018,6,Dry,1,0,3,36,14,30,31.3,388072,301.3,32.9,555211,1302741,1225190,147602
22.8,79.2,41.3,270376,80.3,7.19,3.23,12.5,Ubungo,8,2018,2,Dry,0,0,3,36,14,30,31.3,388072,83.4,22.4,147602,761968,334453,720944
30.2,68.2,67.4,103812,86.5,7.87,3.64,71.7,Ubungo,9,2018,5,Dry,1,0,3,36,14,30,31.3,388072,85.6,28.7,720944,555211,1062927,296961
22.9,129.7,62.0,140636,89.9,7.22,1.06,14.4,Ubungo,10,2018,0,Dry,0,0,3,36,14,30,31.3,388072,73.5,22.7,296961,147602,1302741,404876
34.6,263.0,62.0,382990,104.1,6.65,4.38,50.3,Ubungo,11,2018,3,Rainy,0,1,3,36,14,30,31.3,388072,316.0,32.9,404876,720944,761968,877394
30.0,56.4,40.0,297312,130.8,6.8,2.85,85.7,Ubungo,12,2018,5,Short Rains,1,0,3,36,14,30,31.3,388072,68.3,29.6,877394,296961,555211,755332
27.7,67.6,45.6,361717,177.1,8.2,4.53,62.5,Ubungo,1,2019,1,Hot,0,0,3,36,14,30,31.3,388072,42.3,26.3,755332,404876,147602,1091161
28.6,135.6,52.4,114097,197.8,7.55,3.83,92.1,Ubungo,2,2019,4,Hot,0,0,3,36,14,30,31.3,388072,154.9,29.0,1091161,877394,720944,398093
21.6,150.5,52.4,188949,66.1,7.06,0.77,18.1,Ubungo,3,2019,4,Rainy,0,0,3,36,14,30,31.3,388072,193.8,21.8,398093,755332,296961,594796
29.6,113.0,40.9,212683,169.3,6.91,1.73,15.4,Ubungo,4,2019,0,Rainy,0,0,3,36,14,30,31.3,388072,80.7,30.9,594796,1091161,404876,767885
20.7,298.6,83.2,272529,70.9,7.27,1.78,51.5,Ubungo,5,2019,2,Rainy,0,0,3,36,14,30,31.3,388072,344.2,20.5,767885,398093,877394,677155
26.4,154.1,49.6,175329,110.8,8.29,1.87,27.9,Ubungo,6,2019,5,Dry,1,0,3,36,14,30,31.3,388072,175.6,26.0,677155,594796,755332,378502
23.4,208.6,56.4,351485,62.2,7.53,4.94,98.0,Ubungo,7,2019,0,Dry,0,0,3,36,14,30,31.3,388072,241.4,22.3,378502,767885,1091161,1076911
26.8,167.8,52.1,382153,65.4,8.06,4.41,71.5,Ubungo,8,2019,3,Dry,0,0,3,36,14,30,31.3,388072,173.7,25.6,1076911,677155,398093,944990
34.4,3.5,40.2,412262,28.2,6.93,2.03,21.9,Ubungo,9,2019,6,Dry,1,0,3,36,14,30,31.3,388072,2.9,34.2,944990,378502,594796,1371832
26.9,195.7,50.3,258003,36.2,8.26,4.09,13.1,Ubungo,10,2019,1,Dry,0,0,3,36,14,30,31.3,388072,265.0,27.9,1371832,1076911,767885,588622
27.9,22.6,73.8,457135,148.7,6.56,2.81,82.0,Ubungo,11,2019,4,Rainy,0,0,3,36,14,30,31.3,388072,22.9,27.7,588622,944990,677155,1639257
26.1,216.5,56.3,320272,73.5,7.67,2.47,18.0,Ubungo,12,2019,6,Short Rains,1,0,3,36,14,30,31.3,388072,177.7,27.2,1639257,1371832,378502,919135
30.4,199.2,93.0,436452,69.2,7.07,2.53,55.2,Ubungo,1,2020,2,Hot,0,0,3,36,14,30,31.3,388072,195.5,30.2,919135,588622,1076911,1591339
21.1,128.6,76.6,375321,16.3,7.65,1.82,55.4,Ubungo,2,2020,5,Hot,1,0,3,36,14,30,31.3,388072,167.6,21.4,1591339,1639257,944990,882261
26.7,122.3,91.5,102018,188.6,7.08,1.51,54.1,Ubungo,3,2020,6,Rainy,1,0,3,36,14,30,31.3,388072,112.5,26.5,882261,919135,1371832,322416
34.9,230.2,86.5,104866,145.6,8.01,4.17,66.4,Ubungo,4,2020,2,Rainy,0,0,3,36,14,30,31.3,388072,251.6,34.6,322416,1591339,588622,196171
23.2,123.3,83.1,136014,48.5,8.43,2.77,20.7,Ubungo,5,2020,4,Rainy,0,0,3,36,14,30,31.3,388072,135.1,23.8,196171,882261,1639257,451049
30.5,32.0,90.2,230019,192.4,6.81,2.9,28.5,Ubungo,6,2020,0,Dry,0,0,3,36,14,30,31.3,388072,19.6,31.7,451049,322416,919135,878328
29.3,67.1,61.0,437567,175.4,6.95,4.72,95.0,Ubungo,7,2020,2,Dry,0,0,3,36,14,30,31.3,388072,60.1,30.7,878328,196171,1591339,1373849
26.2,154.1,42.3,390040,196.5,8.12,1.7,15.4,Ubungo,8,2020,5,Dry,1,1,3,36,14,30,31.3,388072,146.4,26.7,1373849,451049,882261,1018468
32.0,4.0,56.9,194051,167.4,7.32,4.37,77.0,Ubungo,9,2020,1,Dry,0,0,3,36,14,30,31.3,388072,5.0,30.9,1018468,878328,322416,763831
27.2,211.7,55.8,386029,80.6,7.43,0.56,43.0,Ubungo,10,2020,3,Dry,0,0,3,36,14,30,31.3,388072,302.5,26.6,763831,1373849,196171,905584
24.8,68.8,56.7,234239,190.5,6.81,1.78,44.5,Ubungo,11,2020,6,Rainy,1,0,3,36,14,30,31.3,388072,37.8,24.9,905584,1018468,451049,655498
27.1,142.8,51.4,95848,110.3,7.85,2.46,93.5,Ubungo,12,2020,1,Short Rains,0,0,3,36,14,30,31.3,388072,101.9,27.8,655498,763831,878328,205838
24.1,286.5,67.9,510824,106.4,7.11,2.21,22.4,Ubungo,1,2021,4,Hot,0,0,3,36,14,30,31.3,388072,256.9,24.5,205838,905584,1373849,1861974
27.4,180.8,94.5,152404,95.5,7.57,3.55,41.4,Ubungo,2,2021,0,Hot,0,0,3,36,14,30,31.3,388072,223.4,27.7,1861974,655498,1018468,478303
24.3,49.4,41.8,389862,31.9,8.45,4.03,13.6,Ubungo,3,2021,0,Rainy,0,0,3,36,14,30,31.3,388072,68.6,25.1,478303,205838,763831,1453651
33.8,76.0,89.0,144928,45.3,7.05,4.04,87.8,Ubungo,4,2021,3,Rainy,0,0,3,36,14,30,31.3,388072,88.1,33.5,1453651,1861974,905584,384149
33.8,222.3,59.5,307564,159.6,6.85,1.6,60.3,Ubungo,5,2021,5,Rainy,1,0,3,36,14,30,31.3,388072,212.8,33.6,384149,478303,655498,802772
25.2,65.4,59.0,401879,171.0,6.64,0.79,10.8,Ubungo,6,2021,1,Dry,0,0,3,36,14,30,31.3,388072,36.6,26.1,802772,1453651,205838,1164810
26.9,41.7,69.8,132809,57.7,6.86,4.22,72.0,Ubungo,7,2021,3,Dry,0,0,3,36,14,30,31.3,388072,62.5,26.1,1164810,384149,1861974,342816
29.6,0.2,76.0,503209,130.2,8.33,1.25,51.3,Ubungo,8,2021,6,Dry,1,0,3,36,14,30,31.3,388072,0.2,29.8,342816,802772,478303,1860319
32.1,12.8,61.0,298833,181.3,7.3,2.31,41.8,Ubungo,9,2021,2,Dry,0,0,3,36,14,30,31.3,388072,16.3,30.9,1860319,1164810,1453651,1032932
34.7,158.9,42.1,299627,80.8,7.31,1.56,88.0,Ubungo,10,2021,4,Dry,0,0,3,36,14,30,31.3,388072,141.3,33.6,1032932,342816,384149,699176
26.5,43.3,52.7,98523,193.8,7.96,3.36,27.3,Ubungo,11,2021,0,Rainy,0,0,3,36,14,30,31.3,388072,62.2,27.6,699176,1860319,802772,340425
31.0,232.1,71.1,418055,51.4,7.09,1.96,17.4,Ubungo,12,2021,2,Short Rains,0,0,3,36,14,30,31.3,388072,200.3,31.8,340425,1032932,1164810,1026252
29.8,166.5,82.0,509779,88.2,7.78,3.83,17.8,Ubungo,1,2022,5,Hot,1,0,3,36,14,30,31.3,388072,155.6,29.0,1026252,699176,342816,1962560
20.1,87.6,79.9,148487,189.6,8.2,4.19,85.3,Ubungo,2,2022,1,Hot,0,0,3,36,14,30,31.3,388072,50.3,19.7,1962560,340425,1860319,373015
30.1,66.1,75.0,456001,60.6,6.68,2.25,42.4,Ubungo,3,2022,1,Rainy,0,0,3,36,14,30,31.3,388072,95.0,28.9,373015,1026252,1032932,1540287
22.1,292.9,51.7,458947,142.8,7.84,4.95,95.4,Ubungo,4,2022,4,Rainy,0,0,3,36,14,30,31.3,388072,203.9,23.0,1540287,1962560,699176,1087041
32.0,220.6,70.3,124660,57.1,7.94,2.68,31.4,Ubungo,5,2022,6,Rainy,1,0,3,36,14,30,31.3,388072,231.8,33.2,1087041,373015,340425,254905
22.6,241.2,71.2,494034,155.7,8.2,3.05,37.8,Ubungo,6,2022,2,Dry,0,0,3,36,14,30,31.3,388072,123.5,21.8,254905,1540287,1026252,1468273
32.7,203.9,43.3,433949,45.2,8.09,1.01,42.9,Ubungo,7,2022,4,Dry,0,0,3,36,14,30,31.3,388072,263.0,33.9,1468273,1087041,1962560,1554061
24.1,269.9,86.4,137291,11.4,7.2,1.35,72.7,Ubungo,8,2022,0,Dry,0,0,3,36,14,30,31.3,388072,392.2,23.2,1554061,254905,373015,221462
31.7,249.5,69.7,344069,46.2,7.23,4.7,52.7,Ubungo,9,2022,3,Dry,0,1,3,36,14,30,31.3,388072,310.8,32.7,221462,1468273,1540287,1132652
21.6,99.4,89.7,243903,160.8,6.77,2.46,95.6,Ubungo,10,2022,5,Dry,1,0,3,36,14,30,31.3,388072,81.5,21.5,1132652,1554061,1087041,845676
32.7,287.4,62.9,374368,39.5,8.37,1.63,49.4,Ubungo,11,2022,1,Rainy,0,0,3,36,14,30,31.3,388072,252.8,31.9,845676,221462,254905,1247328
31.7,74.9,44.9,77607,110.3,7.71,1.67,93.1,Ubungo,12,2022,3,Short Rains,0,0,3,36,14,30,31.3,388072,60.7,32.2,1247328,1132652,1468273,186946
33.5,33.6,84.1,340495,20.8,6.74,2.54,65.7,Ubungo,1,2023,6,Hot,1,0,3,36,14,30,31.3,388072,23.1,33.6,186946,845676,1554061,956218
31.8,281.3,75.8,484787,174.5,7.92,3.0,23.3,Ubungo,2,2023,2,Hot,0,0,3,36,14,30,31.3,388072,230.3,32.5,956218,1247328,221462,1121011
29.6,264.0,57.1,326394,190.2,7.63,2.85,95.5,Ubungo,3,2023,2,Rainy,0,0,3,36,14,30,31.3,388072,195.3,29.0,1121011,186946,1132652,711314
24.4,227.4,56.8,132096,120.0,7.46,0.71,16.1,Ubungo,4,2023,5,Rainy,1,0,3,36,14,30,31.3,388072,286.8,25.0,711314,956218,845676,293499
26.9,155.9,70.6,322544,40.6,7.97,0.86,15.2,Ubungo,5,2023,0,Rainy,0,0,3,36,14,30,31.3,388072,232.6,27.3,293499,1121011,1247328,1111754
34.7,207.0,47.4,531884,11.3,7.96,2.27,92.6,Ubungo,6,2023,3,Dry,0,0,3,36,14,30,31.3,388072,216.7,34.3,1111754,711314,186946,1475532
34.7,270.2,52.7,431883,169.0,7.44,2.83,15.5,Ubungo,7,2023,5,Dry,1,0,3,36,14,30,31.3,388072,186.6,36.1,1475532,293499,956218,1502914
26.1,35.9,45.0,206322,128.9,8.21,2.3,10.9,Ubungo,8,2023,1,Dry,0,0,3,36,14,30,31.3,388072,23.8,25.1,1502914,1111754,1121011,664094
31.0,195.4,56.9,294917,13.5,7.86,2.78,74.4,Ubungo,9,2023,4,Dry,0,0,3,36,14,30,31.3,388072,160.5,31.8,664094,1475532,711314,980512
32.5,28.3,86.9,239383,186.8,8.43,2.28,71.8,Ubungo,10,2023,6,Dry,1,0,3,36,14,30,31.3,388072,29.9,33.2,980512,1502914,293499,869311
33.9,185.6,80.2,260588,39.6,7.17,2.04,34.9,Ubungo,11,2023,2,Rainy,0,0,3,36,14,30,31.3,388072,142.2,33.5,869311,664094,1111754,839308
23.7,138.6,47.7,160405,166.2,8.13,0.81,68.9,Ubungo,12,2023,4,Short Rains,0,1,3,36,14,30,31.3,388072,152.1,24.8,839308,980512,1475532,470165
27.6,155.9,53.2,306564,105.6,8.32,4.12,95.8,Ubungo,1,2024,0,Hot,0,0,3,36,14,30,31.3,388072,164.5,27.1,470165,869311,1502914,989850
33.0,10.9,47.5,133107,68.5,7.64,1.81,64.2,Ubungo,2,2024,3,Hot,0,0,3,36,14,30,31.3,388072,12.5,32.1,989850,839308,664094,449786
28.8,78.6,50.0,88475,35.5,8.23,3.26,91.3,Ubungo,3,2024,4,Rainy,0,0,3,36,14,30,31.3,388072,99.3,30.0,449786,470165,980512,315749
30.0,168.8,89.4,187243,10.2,6.69,2.33,20.9,Ubungo,4,2024,0,Rainy,0,0,3,36,14,30,31.3,388072,176.0,30.6,315749,989850,869311,462906
34.0,206.6,69.8,188721,198.5,7.29,4.54,75.4,Ubungo,5,2024,2,Rainy,0,0,3,36,14,30,31.3,388072,159.2,33.4,462906,449786,839308,601225
30.6,219.1,91.6,402873,169.7,6.63,2.62,85.4,Ubungo,6,2024,5,Dry,1,0,3,36,14,30,31.3,388072,113.1,30.2,601225,315749,470165,1306235
34.1,230.2,53.3,300486,76.5,8.03,0.69,61.5,Ubungo,7,2024,0,Dry,0,0,3,36,14,30,31.3,388072,254.6,33.3,1306235,462906,989850,837586
31.0,296.6,73.9,143059,44.2,6.53,0.92,50.1,Ubungo,8,2024,3,Dry,0,0,3,36,14,30,31.3,388072,342.0,30.7,837586,601225,449786,270112
26.1,269.0,41.6,339200,50.3,8.38,2.41,30.9,Ubungo,9,2024,6,Dry,1,0,3,36,14,30,31.3,388072,342.0,25.9,270112,1306235,315749,839794
23.7,201.8,53.5,245682,34.8,8.36,4.79,78.5,Ubungo,10,2024,1,Dry,0,0,3,36,14,30,31.3,388072,252.7,23.8,839794,837586,462906,864434
28.9,164.1,62.1,461053,29.7,6.55,2.4,33.2,Ubungo,11,2024,4,Rainy,0,0,3,36,14,30,31.3,388072,120.7,28.2,864434,270112,601225,1630343
34.9,71.4,72.9,456804,173.0,7.53,1.41,47.6,Ubungo,12,2024,6,Short Rains,1,0,3,36,14,30,31.3,388072,52.2,36.5,1630343,839794,1306235,1156051
34.1,98.6,89.2,128682,122.8,6.59,4.16,47.7,Arusha,1,2005,5,Hot,1,0,1,98,80,26,15.4,331451,126.3,34.2,452225,413955,389613,469624
33.1,204.2,61.1,155383,68.9,8.11,0.85,88.2,Arusha,2,2005,1,Hot,0,0,1,98,80,26,15.4,331451,122.9,33.3,469624,609485,642232,550522
34.9,120.2,40.9,471090,192.6,8.04,3.73,11.0,Arusha,3,2005,1,Rainy,0,0,1,98,80,26,15.4,331451,79.5,35.6,550522,1432533,1106731,1253593
23.2,88.3,83.8,221408,164.0,7.25,2.38,98.7,Arusha,4,2005,4,Rainy,0,0,1,98,80,26,15.4,331451,78.4,22.7,1253593,469624,685912,732066
26.9,95.9,49.2,189818,192.3,8.0,2.05,33.6,Arusha,5,2005,6,Rainy,1,0,1,98,80,26,15.4,331451,130.3,28.0,732066,550522,479598,567351
20.8,218.1,74.0,247918,56.3,7.18,2.43,62.5,Arusha,6,2005,2,Dry,0,0,1,98,80,26,15.4,331451,231.7,21.4,567351,1253593,899521,750540
30.6,83.5,47.5,193047,32.9,7.8,3.54,15.0,Arusha,7,2005,4,Dry,0,0,1,98,80,26,15.4,331451,53.4,30.5,750540,732066,469624,589129
30.2,172.1,81.4,65796,79.0,6.85,3.11,99.3,Arusha,8,2005,0,Dry,0,0,1,98,80,26,15.4,331451,177.4,29.5,589129,567351,550522,249846
31.3,290.6,77.9,227641,15.2,6.7,4.14,36.8,Arusha,9,2005,3,Dry,0,0,1,98,80,26,15.4,331451,393.0,32.5,249846,750540,1253593,729954
31.9,203.5,59.6,174145,82.5,8.29,4.8,89.0,Arusha,10,2005,5,Dry,1,0,1,98,80,26,15.4,331451,117.6,31.3,729954,589129,732066,488266
27.5,37.0,66.7,353367,119.8,7.43,3.0,40.6,Arusha,11,2005,1,Rainy,0,0,1,98,80,26,15.4,331451,48.3,27.5,488266,249846,567351,992845
21.3,51.3,68.9,434696,124.4,7.61,2.05,81.0,Arusha,12,2005,3,Short Rains,0,0,1,98,80,26,15.4,331451,63.9,20.6,992845,729954,750540,1221583
32.4,147.4,93.7,107131,183.2,6.87,3.82,60.2,Arusha,1,2006,6,Hot,1,0,1,98,80,26,15.4,331451,127.0,31.1,1221583,488266,589129,425173
32.9,194.7,77.4,68023,16.6,7.14,3.01,45.1,Arusha,2,2006,2,Hot,0,1,1,98,80,26,15.4,331451,201.5,32.0,425173,992845,249846,238244
32.0,273.7,84.8,498300,14.0,8.33,0.99,95.5,Arusha,3,2006,2,Rainy,0,0,1,98,80,26,15.4,331451,183.3,31.8,238244,1221583,729954,1726227
34.3,125.0,44.3,466554,86.8,7.58,3.16,44.4,Arusha,4,2006,5,Rainy,1,0,1,98,80,26,15.4,331451,102.2,33.5,1726227,425173,488266,1406558
34.1,170.7,84.6,127381,97.9,7.58,3.11,80.1,Arusha,5,2006,0,Rainy,0,0,1,98,80,26,15.4,331451,250.0,33.2,1406558,238244,992845,419685
24.1,255.7,93.9,329196,39.7,7.45,1.1,38.1,Arusha,6,2006,3,Dry,0,0,1,98,80,26,15.4,331451,221.7,24.8,419685,1726227,1221583,981618
32.3,72.2,59.7,186553,132.8,6.6,3.08,18.5,Arusha,7,2006,5,Dry,1,0,1,98,80,26,15.4,331451,48.8,32.3,981618,1406558,425173,569769
22.3,198.5,91.4,74883,195.7,7.46,0.64,87.0,Arusha,8,2006,1,Dry,0,0,1,98,80,26,15.4,331451,214.6,22.3,569769,419685,238244,174481
21.5,73.3,61.5,268441,104.8,6.99,4.56,71.4,Arusha,9,2006,4,Dry,0,0,1,98,80,26,15.4,331451,44.0,22.6,174481,981618,1726227,1021634
25.9,244.9,93.3,141293,141.9,7.45,1.34,22.0,Arusha,10,2006,6,Dry,1,0,1,98,80,26,15.4,331451,233.8,25.3,1021634,569769,1406558,477305
23.1,112.3,51.3,249984,150.2,6.99,2.46,85.0,Arusha,11,2006,2,Rainy,0,0,1,98,80,26,15.4,331451,95.2,23.6,477305,174481,419685,788059
31.2,19.1,53.4,252724,68.3,7.54,1.04,63.2,Arusha,12,2006,4,Short Rains,0,0,1,98,80,26,15.4,331451,16.1,31.2,788059,1021634,981618,762719
32.5,150.4,61.1,250744,184.0,7.87,2.18,83.0,Arusha,1,2007,0,Hot,0,0,1,98,80,26,15.4,331451,208.8,31.7,762719,477305,569769,927064
26.7,286.7,47.1,126953,71.8,8.5,1.85,40.2,Arusha,2,2007,3,Hot,0,0,1,98,80,26,15.4,331451,219.0,27.4,927064,788059,174481,286249
30.4,283.8,44.3,435493,188.6,6.98,1.91,81.5,Arusha,3,2007,3,Rainy,0,0,1,98,80,26,15.4,331451,340.6,30.5,286249,762719,1021634,1347528
20.3,14.5,71.6,465551,50.7,7.58,0.52,87.1,Arusha,4,2007,6,Rainy,1,0,1,98,80,26,15.4,331451,15.4,19.6,1347528,927064,477305,1756869
30.0,137.2,43.6,147465,106.8,8.26,1.7,91.2,Arusha,5,2007,1,Rainy,0,1,1,98,80,26,15.4,331451,180.5,30.7,1756869,286249,788059,604711
34.1,5.5,71.1,217707,54.4,7.05,4.14,60.2,Arusha,6,2007,4,Dry,0,0,1,98,80,26,15.4,331451,4.1,33.4,604711,1347528,762719,793780
31.7,241.4,82.6,97998,62.8,8.07,2.8,53.6,Arusha,7,2007,6,Dry,1,1,1,98,80,26,15.4,331451,281.0,32.5,793780,1756869,927064,267447
33.7,203.2,87.4,156761,155.6,8.2,3.34,63.2,Arusha,8,2007,2,Dry,0,0,1,98,80,26,15.4,331451,151.0,33.0,267447,604711,286249,545640
25.3,83.8,43.0,215264,47.8,8.26,0.91,28.2,Arusha,9,2007,5,Dry,1,0,1,98,80,26,15.4,331451,45.3,24.6,545640,793780,1347528,806371
28.1,169.1,45.6,78144,123.9,8.09,2.47,50.0,Arusha,10,2007,0,Dry,0,0,1,98,80,26,15.4,331451,196.6,27.9,806371,267447,1756869,275110
24.3,56.0,45.4,500510,56.7,7.02,2.6,39.2,Arusha,11,2007,3,Rainy,0,0,1,98,80,26,15.4,331451,33.1,25.1,275110,545640,604711,1885478
27.8,213.3,89.5,499320,139.4,7.91,2.67,54.6,Arusha,12,2007,5,Short Rains,1,0,1,98,80,26,15.4,331451,318.7,27.1,1885478,806371,793780,1576748
30.2,197.6,42.6,186534,37.1,8.34,3.07,36.8,Arusha,1,2008,1,Hot,0,0,1,98,80,26,15.4,331451,147.1,31.5,1576748,275110,267447,598702
22.9,243.8,78.5,443883,170.3,7.57,1.84,81.7,Arusha,2,2008,4,Hot,0,0,1,98,80,26,15.4,331451,167.7,22.0,598702,1885478,545640,1456918
24.3,51.5,59.1,179850,130.7,7.64,0.75,87.2,Arusha,3,2008,5,Rainy,1,0,1,98,80,26,15.4,331451,66.2,25.4,1456918,1576748,806371,776506
27.0,270.9,63.6,340636,180.9,7.13,4.03,81.4,Arusha,4,2008,1,Rainy,0,0,1,98,80,26,15.4,331451,312.2,27.0,776506,598702,275110,917318
32.0,167.4,87.5,369301,35.4,6.68,4.11,47.0,Arusha,5,2008,3,Rainy,0,0,1,98,80,26,15.4,331451,182.0,32.4,917318,1456918,1885478,1335302
24.8,293.3,72.3,391542,65.4,7.92,0.5,39.6,Arusha,6,2008,6,Dry,1,0,1,98,80,26,15.4,331451,348.8,23.6,1335302,776506,1576748,1269930
28.4,235.6,43.4,98208,21.0,7.18,1.47,91.2,Arusha,7,2008,1,Dry,0,0,1,98,80,26,15.4,331451,309.3,28.6,1269930,917318,598702,346239
26.6,94.0,64.0,233218,28.3,6.76,0.98,95.3,Arusha,8,2008,4,Dry,0,0,1,98,80,26,15.4,331451,48.8,27.3,346239,1335302,1456918,823165
24.1,6.9,65.8,446291,172.5,7.58,2.39,68.7,Arusha,9,2008,0,Dry,0,0,1,98,80,26,15.4,331451,8.5,23.3,823165,1269930,776506,1539971
21.7,178.2,56.4,478408,78.4,8.11,4.37,84.7,Arusha,10,2008,2,Dry,0,0,1,98,80,26,15.4,331451,91.1,21.3,1539971,346239,917318,1799840
28.3,0.4,45.5,91904,102.9,7.41,1.53,91.5,Arusha,11,2008,5,Rainy,1,0,1,98,80,26,15.4,331451,0.3,29.3,1799840,823165,1335302,358044
26.5,185.4,85.6,350915,166.9,8.18,2.1,79.4,Arusha,12,2008,0,Short Rains,0,0,1,98,80,26,15.4,331451,130.2,25.4,358044,1539971,1269930,949053
34.8,222.6,56.2,347675,178.1,8.22,3.72,27.6,Arusha,1,2009,3,Hot,0,0,1,98,80,26,15.4,331451,128.6,36.5,949053,1799840,346239,1160454
26.7,224.2,55.2,59665,30.4,7.91,1.88,82.7,Arusha,2,2009,6,Hot,1,0,1,98,80,26,15.4,331451,196.8,26.8,1160454,358044,823165,195247
26.3,227.6,43.4,239168,199.5,7.89,4.1,74.4,Arusha,3,2009,6,Rainy,1,0,1,98,80,26,15.4,331451,322.7,25.3,195247,949053,1539971,919799
28.2,209.4,61.4,446704,132.4,7.28,4.63,71.0,Arusha,4,2009,2,Rainy,0,0,1,98,80,26,15.4,331451,200.7,29.1,919799,1160454,1799840,1400479
25.8,42.4,88.2,300957,167.6,8.38,2.42,99.4,Arusha,5,2009,4,Rainy,0,0,1,98,80,26,15.4,331451,51.1,25.0,1400479,195247,358044,1002624
32.7,222.8,47.2,430945,134.9,7.92,1.55,67.5,Arusha,6,2009,0,Dry,0,0,1,98,80,26,15.4,331451,309.5,33.7,1002624,919799,949053,1315374
21.9,224.3,57.2,288595,73.0,7.94,1.37,77.3,Arusha,7,2009,2,Dry,0,0,1,98,80,26,15.4,331451,204.6,21.6,1315374,1400479,1160454,1072592
22.2,11.0,71.0,166725,75.2,7.33,2.05,53.1,Arusha,8,2009,5,Dry,1,0,1,98,80,26,15.4,331451,15.0,21.8,1072592,1002624,195247,574074
34.6,108.0,93.4,424538,115.6,6.84,1.01,39.7,Arusha,9,2009,1,Dry,0,0,1,98,80,26,15.4,331451,62.9,34.7,574074,1315374,919799,1655512
30.3,134.2,81.9,315961,52.2,7.61,3.03,53.4,Arusha,10,2009,3,Dry,0,0,1,98,80,26,15.4,331451,108.8,29.1,1655512,1072592,1400479,977236
21.2,226.7,68.5,386614,151.4,6.68,3.53,21.7,Arusha,11,2009,6,Rainy,1,0,1,98,80,26,15.4,331451,218.6,21.6,977236,574074,1002624,1176684
28.6,5.3,53.6,406289,15.1,8.09,1.9,15.4,Arusha,12,2009,1,Short Rains,0,0,1,98,80,26,15.4,331451,7.3,27.9,1176684,1655512,1315374,1643555
31.5,132.4,79.4,374466,70.1,7.9,2.75,99.1,Arusha,1,2010,4,Hot,0,0,1,98,80,26,15.4,331451,184.0,31.1,1643555,977236,1072592,1398904
29.8,288.5,40.2,478954,163.7,8.18,4.17,34.1,Arusha,2,2010,0,Hot,0,0,1,98,80,26,15.4,331451,157.7,28.3,1398904,1176684,574074,1158512
26.0,269.5,43.5,263809,113.9,8.45,4.88,72.8,Arusha,3,2010,0,Rainy,0,0,1,98,80,26,15.4,331451,263.6,26.5,1158512,1643555,1655512,947553
27.6,266.0,44.1,476898,57.3,7.16,4.84,85.4,Arusha,4,2010,3,Rainy,0,0,1,98,80,26,15.4,331451,169.2,26.7,947553,1398904,977236,1739067
34.7,174.8,83.9,444763,64.2,7.5,2.75,68.3,Arusha,5,2010,5,Rainy,1,0,1,98,80,26,15.4,331451,204.3,33.3,1739067,1158512,1176684,1398769
35.0,179.9,77.2,448672,127.3,7.57,1.51,42.9,Arusha,6,2010,1,Dry,0,0,1,98,80,26,15.4,331451,144.3,36.7,1398769,947553,1643555,1501427
21.1,4.3,49.5,251890,139.4,7.0,0.63,27.5,Arusha,7,2010,3,Dry,0,0,1,98,80,26,15.4,331451,4.5,21.2,1501427,1739067,1398904,827004
29.6,57.3,74.4,204680,37.8,7.85,4.21,73.5,Arusha,8,2010,6,Dry,1,0,1,98,80,26,15.4,331451,42.0,30.6,827004,1398769,1158512,716448
31.3,261.2,83.3,169691,61.1,7.84,2.03,21.6,Arusha,9,2010,2,Dry,0,0,1,98,80,26,15.4,331451,195.0,32.6,716448,1501427,947553,581736
23.6,149.3,88.6,316876,185.1,6.55,1.35,57.0,Arusha,10,2010,4,Dry,0,0,1,98,80,26,15.4,331451,181.3,23.4,581736,827004,1739067,936825
33.1,240.1,60.9,277803,141.1,7.13,1.44,30.8,Arusha,11,2010,0,Rainy,0,0,1,98,80,26,15.4,331451,267.7,34.1,936825,716448,1398769,1037833
24.5,114.8,91.3,456810,195.6,7.25,0.89,61.4,Arusha,12,2010,2,Short Rains,0,0,1,98,80,26,15.4,331451,72.7,25.2,1037833,581736,1501427,1413627
23.5,257.5,63.2,77662,76.1,7.06,4.21,35.0,Arusha,1,2011,5,Hot,1,0,1,98,80,26,15.4,331451,258.9,23.5,1413627,936825,827004,163250
33.3,8.8,91.6,212853,112.3,7.45,4.96,15.7,Arusha,2,2011,1,Hot,0,0,1,98,80,26,15.4,331451,12.2,34.1,163250,1037833,716448,826858
29.5,106.3,42.6,493939,38.1,6.89,4.91,70.5,Arusha,3,2011,1,Rainy,0,0,1,98,80,26,15.4,331451,104.5,31.0,826858,1413627,581736,1295286
23.6,216.7,94.5,86944,147.7,8.35,3.88,93.5,Arusha,4,2011,4,Rainy,0,0,1,98,80,26,15.4,331451,273.3,24.4,1295286,163250,936825,290213
25.4,89.0,83.4,404834,46.8,7.04,2.15,54.1,Arusha,5,2011,6,Rainy,1,0,1,98,80,26,15.4,331451,107.5,26.7,290213,826858,1037833,1449992
29.4,24.7,46.0,388972,161.9,6.51,3.7,53.2,Arusha,6,2011,2,Dry,0,0,1,98,80,26,15.4,331451,30.2,30.8,1449992,1295286,1413627,1455937
31.9,198.4,70.8,285591,30.0,7.38,4.43,36.0,Arusha,7,2011,4,Dry,0,0,1,98,80,26,15.4,331451,113.0,33.4,1455937,290213,163250,729420
26.1,158.6,45.6,198775,163.2,8.27,1.84,31.1,Arusha,8,2011,0,Dry,0,0,1,98,80,26,15.4,331451,144.7,26.1,729420,1449992,826858,531813
31.9,36.5,55.1,157519,134.9,8.38,0.7,10.9,Arusha,9,2011,3,Dry,0,0,1,98,80,26,15.4,331451,36.0,33.0,531813,1455937,1295286,693107
30.2,21.5,78.8,357427,190.6,8.14,2.29,26.9,Arusha,10,2011,5,Dry,1,0,1,98,80,26,15.4,331451,11.5,30.6,693107,729420,290213,1084711
21.2,255.0,75.6,274210,177.2,7.63,0.98,90.3,Arusha,11,2011,1,Rainy,0,0,1,98,80,26,15.4,331451,254.7,21.8,1084711,531813,1449992,915657
32.7,207.0,75.7,325211,37.7,8.2,3.74,58.3,Arusha,12,2011,3,Short Rains,0,0,1,98,80,26,15.4,331451,198.7,32.2,915657,693107,1455937,1074463
28.4,33.3,85.1,417284,32.6,7.32,0.98,76.0,Arusha,1,2012,6,Hot,1,0,1,98,80,26,15.4,331451,48.6,28.6,1074463,1084711,729420,1523339
22.3,38.7,93.2,348604,122.8,7.77,2.75,95.3,Arusha,2,2012,2,Hot,0,0,1,98,80,26,15.4,331451,20.1,21.8,1523339,915657,531813,945568
32.7,53.5,42.3,317386,191.6,7.42,4.37,23.8,Arusha,3,2012,3,Rainy,0,0,1,98,80,26,15.4,331451,48.2,32.8,945568,1074463,693107,1223818
21.5,270.0,92.2,238692,150.1,7.62,3.09,19.0,Arusha,4,2012,6,Rainy,1,0,1,98,80,26,15.4,331451,300.7,20.8,1223818,1523339,1084711,862227
28.7,53.4,40.5,350163,149.9,6.56,1.57,24.6,Arusha,5,2012,1,Rainy,0,0,1,98,80,26,15.4,331451,58.4,29.8,862227,945568,915657,1455182
32.3,204.9,75.4,86339,83.2,8.47,4.5,88.1,Arusha,6,2012,4,Dry,0,0,1,98,80,26,15.4,331451,176.9,31.0,1455182,1223818,1074463,309223
23.0,185.0,44.1,243607,100.6,7.57,3.52,96.7,Arusha,7,2012,6,Dry,1,0,1,98,80,26,15.4,331451,187.6,23.3,309223,862227,1523339,636657
26.3,247.7,75.2,59640,139.8,6.97,3.4,54.0,Arusha,8,2012,2,Dry,0,0,1,98,80,26,15.4,331451,188.9,25.6,636657,1455182,945568,153536
26.2,70.0,49.7,225047,176.1,7.74,0.52,92.4,Arusha,9,2012,5,Dry,1,0,1,98,80,26,15.4,331451,63.5,27.4,153536,309223,1223818,635538
34.4,177.0,45.6,336228,178.7,7.64,0.76,31.6,Arusha,10,2012,0,Dry,0,0,1,98,80,26,15.4,331451,261.0,34.9,635538,636657,862227,1274841
24.1,172.4,51.5,386428,188.3,8.11,1.68,69.9,Arusha,11,2012,3,Rainy,0,0,1,98,80,26,15.4,331451,211.6,25.1,1274841,153536,1455182,1420348
24.0,78.1,49.0,152162,94.1,7.46,1.24,56.9,Arusha,12,2012,5,Short Rains,1,1,1,98,80,26,15.4,331451,89.0,24.3,1420348,635538,309223,486118
33.4,140.5,76.2,475768,21.5,6.99,3.2,54.2,Arusha,1,2013,1,Hot,0,0,1,98,80,26,15.4,331451,96.5,31.9,486118,1274841,636657,1306545
25.1,253.9,74.2,124929,10.5,6.57,3.7,10.4,Arusha,2,2013,4,Hot,0,0,1,98,80,26,15.4,331451,339.5,25.6,1306545,1420348,153536,418929
27.4,9.1,78.8,203023,119.1,8.28,1.86,92.9,Arusha,3,2013,4,Rainy,0,0,1,98,80,26,15.4,331451,6.1,28.4,418929,486118,635538,754462
20.3,206.8,66.9,99405,28.5,6.66,3.88,76.7,Arusha,4,2013,0,Rainy,0,0,1,98,80,26,15.4,331451,256.5,20.9,754462,1306545,1274841,236372
33.1,90.9,82.8,278141,109.7,7.14,3.98,29.5,Arusha,5,2013,2,Rainy,0,0,1,98,80,26,15.4,331451,57.9,32.8,236372,418929,1420348,1029429
26.1,183.8,84.3,348401,78.7,6.91,2.19,60.1,Arusha,6,2013,5,Dry,1,0,1,98,80,26,15.4,331451,264.5,27.1,1029429,754462,486118,1020569
27.6,110.6,76.1,336809,19.9,8.35,2.19,93.9,Arusha,7,2013,0,Dry,0,0,1,98,80,26,15.4,331451,161.8,28.9,1020569,236372,1306545,966343
33.2,296.1,65.9,240074,31.8,8.05,2.54,19.5,Arusha,8,2013,3,Dry,0,0,1,98,80,26,15.4,331451,242.7,31.7,966343,1029429,418929,715697
31.2,175.4,53.1,235239,93.1,8.02,4.75,12.7,Arusha,9,2013,6,Dry,1,0,1,98,80,26,15.4,331451,129.9,32.4,715697,1020569,754462,664030
32.2,47.7,78.2,225540,45.6,7.62,0.65,94.0,Arusha,10,2013,1,Dry,0,0,1,98,80,26,15.4,331451,43.3,32.9,664030,966343,236372,691748
26.3,282.4,70.7,356613,89.1,7.08,4.01,29.9,Arusha,11,2013,4,Rainy,0,0,1,98,80,26,15.4,331451,173.5,26.5,691748,715697,1029429,1202237
21.4,96.2,66.6,431803,191.5,7.76,1.38,95.8,Arusha,12,2013,6,Short Rains,1,0,1,98,80,26,15.4,331451,52.0,22.0,1202237,664030,1020569,1517779
29.9,248.3,57.6,378446,184.8,7.36,1.61,33.7,Arusha,1,2014,2,Hot,0,0,1,98,80,26,15.4,331451,136.7,29.4,1517779,691748,966343,1150786
28.8,169.9,50.4,333469,101.7,7.25,1.47,15.8,Arusha,2,2014,5,Hot,1,0,1,98,80,26,15.4,331451,195.6,29.5,1150786,1202237,715697,1068805
31.8,120.8,47.1,65686,136.2,7.75,1.95,59.4,Arusha,3,2014,5,Rainy,1,0,1,98,80,26,15.4,331451,145.3,31.0,1068805,1517779,664030,211673
28.8,119.9,88.8,271662,51.9,7.77,0.65,28.0,Arusha,4,2014,1,Rainy,0,0,1,98,80,26,15.4,331451,109.2,29.9,211673,1150786,691748,907779
23.3,134.7,45.8,295170,158.7,7.57,0.99,83.2,Arusha,5,2014,3,Rainy,0,0,1,98,80,26,15.4,331451,173.1,23.9,907779,1068805,1202237,994578
23.1,18.7,57.4,427837,167.3,7.67,1.18,46.4,Arusha,6,2014,6,Dry,1,0,1,98,80,26,15.4,331451,24.1,23.2,994578,211673,1517779,1718587
27.9,59.2,90.5,106892,152.4,7.74,4.16,42.7,Arusha,7,2014,1,Dry,0,0,1,98,80,26,15.4,331451,70.4,29.0,1718587,907779,1150786,421088
23.8,110.3,66.9,308413,32.5,8.41,2.59,60.6,Arusha,8,2014,4,Dry,0,0,1,98,80,26,15.4,331451,164.8,22.8,421088,994578,1068805,1024543
27.3,78.7,46.2,179317,18.2,7.42,2.22,31.6,Arusha,9,2014,0,Dry,0,0,1,98,80,26,15.4,331451,99.0,26.0,1024543,1718587,211673,561525
28.1,82.8,53.3,167249,128.1,8.49,3.28,66.0,Arusha,10,2014,2,Dry,0,0,1,98,80,26,15.4,331451,82.8,28.5,561525,421088,907779,583080
28.5,28.7,40.0,457525,103.6,7.33,4.32,13.7,Arusha,11,2014,5,Rainy,1,0,1,98,80,26,15.4,331451,19.7,28.7,583080,1024543,994578,1349817
29.6,98.5,83.3,444410,174.6,7.23,2.83,99.7,Arusha,12,2014,0,Short Rains,0,0,1,98,80,26,15.4,331451,115.0,30.1,1349817,561525,1718587,1782163
22.1,242.8,44.5,260987,12.7,6.7,3.56,51.1,Arusha,1,2015,3,Hot,0,0,1,98,80,26,15.4,331451,180.2,22.1,1782163,583080,421088,681259
23.6,36.5,53.5,240977,71.0,7.51,0.54,55.7,Arusha,2,2015,6,Hot,1,0,1,98,80,26,15.4,331451,43.6,23.6,681259,1349817,1024543,1001789
30.3,44.4,54.1,83308,141.7,6.81,3.34,75.5,Arusha,3,2015,6,Rainy,1,0,1,98,80,26,15.4,331451,23.5,29.2,1001789,1782163,561525,317507
31.2,12.5,84.8,396972,158.9,7.5,1.42,38.4,Arusha,4,2015,2,Rainy,0,0,1,98,80,26,15.4,331451,13.8,32.2,317507,681259,583080,1631674
29.2,240.0,45.1,328075,12.8,7.04,3.12,82.4,Arusha,5,2015,4,Rainy,0,0,1,98,80,26,15.4,331451,235.6,29.4,1631674,1001789,1349817,927432
25.0,208.7,40.0,403972,18.2,6.8,0.56,43.7,Arusha,6,2015,0,Dry,0,0,1,98,80,26,15.4,331451,143.6,25.8,927432,317507,1782163,1579089
27.1,100.5,46.0,200122,184.5,6.66,1.01,26.4,Arusha,7,2015,2,Dry,0,0,1,98,80,26,15.4,331451,94.9,25.8,1579089,1631674,681259,681901
27.1,112.5,70.4,173044,170.1,8.25,4.74,92.3,Arusha,8,2015,5,Dry,1,0,1,98,80,26,15.4,331451,138.6,26.5,681901,927432,1001789,649279
24.0,177.5,57.3,372159,147.2,7.04,2.03,56.0,Arusha,9,2015,1,Dry,0,0,1,98,80,26,15.4,331451,149.8,24.6,649279,1579089,317507,1277985
21.2,180.3,94.9,123268,53.5,7.21,3.24,58.2,Arusha,10,2015,3,Dry,0,0,1,98,80,26,15.4,331451,145.7,20.9,1277985,681901,1631674,478425
25.4,209.2,93.3,390117,139.8,8.32,3.93,40.1,Arusha,11,2015,6,Rainy,1,0,1,98,80,26,15.4,331451,174.7,24.6,478425,649279,927432,1246141
21.5,189.0,63.2,367863,15.0,6.52,1.88,21.9,Arusha,12,2015,1,Short Rains,0,0,1,98,80,26,15.4,331451,176.3,22.6,1246141,1277985,1579089,1442045
25.1,99.1,81.1,183524,154.3,6.62,3.1,24.2,Arusha,1,2016,4,Hot,0,0,1,98,80,26,15.4,331451,61.1,24.4,1442045,478425,681901,549576
25.4,220.3,66.8,284981,172.3,7.87,4.29,61.8,Arusha,2,2016,0,Hot,0,1,1,98,80,26,15.4,331451,185.3,26.4,549576,1246141,649279,811037
31.2,197.5,42.4,125290,167.2,6.98,1.42,64.4,Arusha,3,2016,1,Rainy,0,0,1,98,80,26,15.4,331451,166.5,31.7,811037,1442045,1277985,333024
34.0,146.8,85.7,400429,156.3,8.13,3.67,90.9,Arusha,4,2016,4,Rainy,0,0,1,98,80,26,15.4,331451,176.1,32.3,333024,549576,478425,1042461
22.6,57.5,55.9,429218,108.6,7.82,3.4,22.5,Arusha,5,2016,6,Rainy,1,0,1,98,80,26,15.4,331451,71.5,22.7,1042461,811037,1246141,1246219
21.9,249.6,45.6,412740,78.3,6.69,1.52,78.6,Arusha,6,2016,2,Dry,0,0,1,98,80,26,15.4,331451,301.2,22.6,1246219,333024,1442045,1051621
20.3,107.4,42.4,254443,26.0,7.71,2.06,64.2,Arusha,7,2016,4,Dry,0,1,1,98,80,26,15.4,331451,81.3,19.4,1051621,1042461,549576,830030
31.0,242.9,52.0,166336,159.9,7.92,2.07,49.1,Arusha,8,2016,0,Dry,0,0,1,98,80,26,15.4,331451,306.5,29.8,830030,1246219,811037,611253
31.3,203.8,44.0,493126,75.6,7.12,1.32,30.2,Arusha,9,2016,3,Dry,0,0,1,98,80,26,15.4,331451,247.1,30.4,611253,1051621,333024,1381128
22.7,252.1,60.1,292656,64.6,7.45,3.32,82.3,Arusha,10,2016,5,Dry,1,0,1,98,80,26,15.4,331451,220.8,22.6,1381128,830030,1042461,793444
25.8,179.4,88.0,508763,191.6,7.83,3.35,24.5,Arusha,11,2016,1,Rainy,0,0,1,98,80,26,15.4,331451,203.9,26.0,793444,611253,1246219,1641574
32.3,178.1,59.4,165571,177.9,8.39,3.41,90.7,Arusha,12,2016,3,Short Rains,0,0,1,98,80,26,15.4,331451,154.3,30.9,1641574,1381128,1051621,456539
31.6,65.9,40.9,96875,160.7,6.58,0.81,41.5,Arusha,1,2017,6,Hot,1,0,1,98,80,26,15.4,331451,80.9,32.2,456539,793444,830030,352629
21.3,152.2,92.4,517838,187.9,6.9,2.83,95.8,Arusha,2,2017,2,Hot,0,0,1,98,80,26,15.4,331451,215.3,21.7,352629,1641574,611253,1809124
29.8,210.4,74.7,473906,39.6,7.49,3.2,33.3,Arusha,3,2017,2,Rainy,0,0,1,98,80,26,15.4,331451,241.0,28.7,1809124,456539,1381128,1396211
22.5,278.3,45.4,306265,147.9,8.31,4.62,16.4,Arusha,4,2017,5,Rainy,1,0,1,98,80,26,15.4,331451,303.3,22.1,1396211,352629,793444,1155158
32.9,110.0,68.9,315239,150.1,8.41,3.08,42.5,Arusha,5,2017,0,Rainy,0,0,1,98,80,26,15.4,331451,106.2,32.8,1155158,1809124,1641574,1111419
24.6,196.2,41.5,351072,89.5,6.59,2.42,20.8,Arusha,6,2017,3,Dry,0,0,1,98,80,26,15.4,331451,134.3,23.8,1111419,1396211,456539,1061981
20.8,97.3,54.2,219210,107.3,6.77,2.44,85.9,Arusha,7,2017,5,Dry,1,0,1,98,80,26,15.4,331451,72.5,21.7,1061981,1155158,352629,713526
30.0,145.5,77.0,148473,104.3,7.96,4.29,47.4,Arusha,8,2017,1,Dry,0,0,1,98,80,26,15.4,331451,119.0,30.0,713526,1111419,1809124,582598
27.4,196.8,45.2,257701,136.0,8.42,4.48,42.4,Arusha,9,2017,4,Dry,0,1,1,98,80,26,15.4,331451,147.7,27.6,582598,1061981,1396211,1004944
27.7,174.0,91.4,389780,52.2,6.73,3.44,46.0,Arusha,10,2017,6,Dry,1,0,1,98,80,26,15.4,331451,130.2,28.9,1004944,713526,1155158,997576
33.8,210.3,73.3,86960,48.9,7.33,1.43,66.7,Arusha,11,2017,2,Rainy,0,0,1,98,80,26,15.4,331451,217.4,32.6,997576,582598,1111419,278866
29.0,172.9,83.7,380247,178.8,6.58,0.97,91.6,Arusha,12,2017,4,Short Rains,0,0,1,98,80,26,15.4,331451,165.1,28.7,278866,1004944,1061981,1076420
30.8,221.9,44.4,394363,183.0,7.27,4.61,63.6,Arusha,1,2018,0,Hot,0,0,1,98,80,26,15.4,331451,250.1,30.3,1076420,997576,713526,1202806
29.3,250.7,89.4,502252,110.0,6.8,2.42,28.5,Arusha,2,2018,3,Hot,0,0,1,98,80,26,15.4,331451,346.7,30.3,1202806,278866,582598,1310270
23.5,43.9,86.7,348484,101.6,7.7,0.99,82.0,Arusha,3,2018,3,Rainy,0,0,1,98,80,26,15.4,331451,34.6,24.0,1310270,1076420,1004944,1197100
34.4,298.5,61.8,212449,13.7,7.4,3.73,44.6,Arusha,4,2018,6,Rainy,1,0,1,98,80,26,15.4,331451,299.3,35.9,1197100,1202806,997576,786511
24.4,3.5,87.2,457527,24.5,8.49,2.06,89.4,Arusha,5,2018,1,Rainy,0,0,1,98,80,26,15.4,331451,5.1,23.2,786511,1310270,278866,1568012
26.3,133.7,84.9,157022,60.1,8.25,1.5,95.1,Arusha,6,2018,4,Dry,0,0,1,98,80,26,15.4,331451,128.2,26.6,1568012,1197100,1076420,618307
23.2,289.5,84.8,233756,65.7,7.32,1.0,21.8,Arusha,7,2018,6,Dry,1,0,1,98,80,26,15.4,331451,157.9,22.5,618307,786511,1202806,663348
21.2,114.1,42.2,88028,149.5,8.47,2.87,62.8,Arusha,8,2018,2,Dry,0,0,1,98,80,26,15.4,331451,129.0,20.6,663348,1568012,1310270,315309
21.4,163.0,68.2,418723,193.2,7.27,3.01,29.8,Arusha,9,2018,5,Dry,1,0,1,98,80,26,15.4,331451,209.2,21.8,315309,618307,1197100,1634004
26.7,144.5,76.9,207162,52.3,7.11,4.67,33.6,Arusha,10,2018,0,Dry,0,0,1,98,80,26,15.4,331451,148.6,26.0,1634004,663348,786511,820576
31.6,109.6,86.3,110612,18.7,7.68,0.72,68.6,Arusha,11,2018,3,Rainy,0,0,1,98,80,26,15.4,331451,120.2,30.7,820576,315309,1568012,446566
33.9,44.8,57.5,399764,125.8,6.66,1.53,45.8,Arusha,12,2018,5,Short Rains,1,0,1,98,80,26,15.4,331451,64.6,34.1,446566,1634004,618307,1084769
27.8,23.4,73.2,411946,51.6,6.55,2.53,90.0,Arusha,1,2019,1,Hot,0,0,1,98,80,26,15.4,331451,21.9,28.7,1084769,820576,663348,1209707
33.9,269.5,61.1,107564,140.0,7.51,3.32,78.0,Arusha,2,2019,4,Hot,0,0,1,98,80,26,15.4,331451,209.6,34.5,1209707,446566,315309,350211
23.2,200.7,59.7,257676,174.3,6.89,1.59,73.2,Arusha,3,2019,4,Rainy,0,0,1,98,80,26,15.4,331451,170.1,22.3,350211,1084769,1634004,1006894
33.2,143.1,65.0,321774,36.6,8.02,1.13,31.4,Arusha,4,2019,0,Rainy,0,0,1,98,80,26,15.4,331451,213.1,33.5,1006894,1209707,820576,967844
23.2,283.1,66.0,342349,142.4,7.5,1.63,13.3,Arusha,5,2019,2,Rainy,0,0,1,98,80,26,15.4,331451,351.9,23.4,967844,350211,446566,1078245
34.1,86.2,65.9,187981,127.6,7.53,3.37,14.7,Arusha,6,2019,5,Dry,1,0,1,98,80,26,15.4,331451,72.8,35.1,1078245,1006894,1084769,657938
31.2,94.5,67.2,453174,117.1,6.57,3.12,79.3,Arusha,7,2019,0,Dry,0,0,1,98,80,26,15.4,331451,122.5,31.5,657938,967844,1209707,1344246
24.7,247.5,91.0,450162,170.7,7.59,1.75,36.3,Arusha,8,2019,3,Dry,0,0,1,98,80,26,15.4,331451,159.9,25.6,1344246,1078245,350211,1355617
29.2,199.3,50.3,517786,126.1,7.11,2.94,97.6,Arusha,9,2019,6,Dry,1,0,1,98,80,26,15.4,331451,177.3,29.8,1355617,657938,1006894,1941389
32.1,27.9,85.7,250212,122.6,8.16,0.96,12.5,Arusha,10,2019,1,Dry,0,0,1,98,80,26,15.4,331451,15.0,33.3,1941389,1344246,967844,961178
25.9,94.0,82.8,267364,33.7,8.2,1.26,45.0,Arusha,11,2019,4,Rainy,0,0,1,98,80,26,15.4,331451,85.9,24.8,961178,1355617,1078245,1095432
20.4,284.5,52.1,248548,125.8,7.56,3.93,37.6,Arusha,12,2019,6,Short Rains,1,0,1,98,80,26,15.4,331451,218.2,20.6,1095432,1941389,657938,896427
23.6,126.8,76.5,454894,133.1,6.64,1.72,79.7,Arusha,1,2020,2,Hot,0,0,1,98,80,26,15.4,331451,69.7,23.5,896427,961178,1344246,1424407
30.2,74.6,82.0,332072,12.8,7.24,2.0,82.9,Arusha,2,2020,5,Hot,1,0,1,98,80,26,15.4,331451,104.0,29.8,1424407,1095432,1355617,931198
27.5,167.8,90.1,140508,199.0,7.92,4.92,81.4,Arusha,3,2020,6,Rainy,1,1,1,98,80,26,15.4,331451,184.8,27.0,931198,896427,1941389,481383
28.4,292.4,44.4,363080,172.7,7.29,1.54,33.9,Arusha,4,2020,2,Rainy,0,0,1,98,80,26,15.4,331451,329.9,28.7,481383,1424407,961178,1203880
32.3,115.0,79.7,118523,168.6,7.96,1.64,54.5,Arusha,5,2020,4,Rainy,0,0,1,98,80,26,15.4,331451,159.6,33.1,1203880,931198,1095432,451160
29.0,287.9,77.0,284004,54.9,7.42,2.11,90.6,Arusha,6,2020,0,Dry,0,1,1,98,80,26,15.4,331451,220.6,28.8,451160,481383,896427,1037432
20.6,285.0,87.4,461550,27.2,7.83,0.79,22.5,Arusha,7,2020,2,Dry,0,0,1,98,80,26,15.4,331451,318.3,20.1,1037432,1203880,1424407,1437321
28.5,2.6,92.4,205224,82.2,7.0,4.56,23.5,Arusha,8,2020,5,Dry,1,0,1,98,80,26,15.4,331451,3.5,29.5,1437321,451160,931198,900285
29.4,294.8,56.9,123844,80.0,6.98,4.64,59.8,Arusha,9,2020,1,Dry,0,0,1,98,80,26,15.4,331451,191.8,29.3,900285,1037432,481383,354556
20.4,106.8,61.0,114208,138.2,7.05,3.64,68.9,Arusha,10,2020,3,Dry,0,0,1,98,80,26,15.4,331451,139.9,20.6,354556,1437321,1203880,450180
27.0,96.6,86.2,360307,126.5,7.09,2.56,15.0,Arusha,11,2020,6,Rainy,1,0,1,98,80,26,15.4,331451,136.6,27.3,450180,900285,451160,1212450
28.7,96.2,59.4,284422,173.6,7.7,3.8,83.7,Arusha,12,2020,1,Short Rains,0,0,1,98,80,26,15.4,331451,108.2,30.0,1212450,354556,1037432,791283
21.2,233.1,41.6,233161,18.6,7.14,2.64,14.3,Arusha,1,2021,4,Hot,0,0,1,98,80,26,15.4,331451,266.5,20.6,791283,450180,1437321,551034
25.8,106.4,45.7,335462,157.0,7.25,2.05,91.6,Arusha,2,2021,0,Hot,0,0,1,98,80,26,15.4,331451,121.5,26.8,551034,1212450,900285,894568
33.9,158.5,71.5,480198,190.6,6.9,2.24,28.1,Arusha,3,2021,0,Rainy,0,0,1,98,80,26,15.4,331451,140.7,32.8,894568,791283,354556,1797620
24.5,291.2,65.1,83253,133.2,7.29,3.56,99.8,Arusha,4,2021,3,Rainy,0,1,1,98,80,26,15.4,331451,248.5,24.2,1797620,551034,450180,208418
34.9,3.4,68.9,287141,33.4,8.11,4.39,17.4,Arusha,5,2021,5,Rainy,1,0,1,98,80,26,15.4,331451,2.0,33.9,208418,894568,1212450,927881
24.3,232.3,48.2,89842,190.6,7.75,1.17,78.5,Arusha,6,2021,1,Dry,0,0,1,98,80,26,15.4,331451,149.1,25.4,927881,1797620,791283,309250
34.7,260.1,71.5,334585,126.9,8.24,3.18,48.0,Arusha,7,2021,3,Dry,0,0,1,98,80,26,15.4,331451,210.4,34.8,309250,208418,551034,1239116
22.8,247.1,55.1,242461,151.2,8.22,1.49,10.5,Arusha,8,2021,6,Dry,1,0,1,98,80,26,15.4,331451,207.8,23.7,1239116,927881,894568,905866
30.0,260.6,61.4,281066,107.4,7.78,1.11,88.2,Arusha,9,2021,2,Dry,0,0,1,98,80,26,15.4,331451,158.5,28.6,905866,309250,1797620,1015324
29.3,4.1,69.3,509626,10.1,8.22,0.53,15.2,Arusha,10,2021,4,Dry,0,0,1,98,80,26,15.4,331451,5.5,28.0,1015324,1239116,208418,1896489
28.1,206.1,40.2,235349,83.9,8.08,0.86,45.7,Arusha,11,2021,0,Rainy,0,0,1,98,80,26,15.4,331451,245.0,28.0,1896489,905866,927881,671831
25.1,142.4,54.0,123910,138.7,6.74,4.81,11.8,Arusha,12,2021,2,Short Rains,0,0,1,98,80,26,15.4,331451,147.5,26.0,671831,1015324,309250,381525
24.8,26.6,88.8,248659,125.5,8.18,2.18,81.0,Arusha,1,2022,5,Hot,1,0,1,98,80,26,15.4,331451,36.5,23.8,381525,1896489,1239116,789693
28.4,200.9,59.9,254045,140.0,7.54,3.1,85.8,Arusha,2,2022,1,Hot,0,0,1,98,80,26,15.4,331451,135.3,29.2,789693,671831,905866,992267
20.2,110.9,86.3,476229,129.9,8.0,2.08,65.8,Arusha,3,2022,1,Rainy,0,0,1,98,80,26,15.4,331451,112.4,21.2,992267,381525,1015324,1630677
26.6,33.5,43.1,452836,99.9,8.15,3.5,83.4,Arusha,4,2022,4,Rainy,0,0,1,98,80,26,15.4,331451,24.8,25.3,1630677,789693,1896489,1300341
27.9,67.9,76.1,500882,101.5,7.32,1.65,12.4,Arusha,5,2022,6,Rainy,1,0,1,98,80,26,15.4,331451,85.4,27.9,1300341,992267,671831,1360875
22.2,65.6,75.1,153257,109.8,6.92,3.41,77.0,Arusha,6,2022,2,Dry,0,0,1,98,80,26,15.4,331451,56.4,22.7,1360875,1630677,381525,467235
23.8,291.4,77.6,457374,118.2,8.45,0.66,95.0,Arusha,7,2022,4,Dry,0,1,1,98,80,26,15.4,331451,353.5,23.8,467235,1300341,789693,1206875
23.2,148.5,62.6,269408,69.2,8.28,1.64,86.8,Arusha,8,2022,0,Dry,0,0,1,98,80,26,15.4,331451,206.9,22.7,1206875,1360875,992267,1064807
31.3,195.4,71.6,355486,16.1,6.87,1.84,47.1,Arusha,9,2022,3,Dry,0,0,1,98,80,26,15.4,331451,135.8,30.6,1064807,467235,1630677,1177585
27.1,23.7,77.8,194166,78.9,7.47,1.45,52.6,Arusha,10,2022,5,Dry,1,0,1,98,80,26,15.4,331451,15.9,27.9,1177585,1206875,1300341,659201
29.3,219.1,69.8,412620,137.4,8.03,2.14,55.9,Arusha,11,2022,1,Rainy,0,0,1,98,80,26,15.4,331451,179.6,28.9,659201,1064807,1360875,1249894
29.8,238.0,88.3,114650,184.4,7.01,1.27,25.2,Arusha,12,2022,3,Short Rains,0,0,1,98,80,26,15.4,331451,206.1,31.0,1249894,1177585,467235,268196
20.7,76.4,85.6,177441,155.2,8.39,2.34,78.7,Arusha,1,2023,6,Hot,1,0,1,98,80,26,15.4,331451,95.7,20.2,268196,659201,1206875,717040
21.5,121.4,52.6,280234,37.5,8.5,2.93,21.9,Arusha,2,2023,2,Hot,0,0,1,98,80,26,15.4,331451,147.7,21.4,717040,1249894,1064807,783368
34.1,44.3,87.9,449052,190.3,7.66,3.73,31.8,Arusha,3,2023,2,Rainy,0,0,1,98,80,26,15.4,331451,59.1,35.0,783368,268196,1177585,1768172
30.1,286.5,87.5,476768,165.4,7.94,2.15,33.4,Arusha,4,2023,5,Rainy,1,0,1,98,80,26,15.4,331451,222.2,29.7,1768172,717040,659201,1246705
29.0,22.8,45.0,313780,16.0,8.37,1.89,57.4,Arusha,5,2023,0,Rainy,0,0,1,98,80,26,15.4,331451,27.9,28.8,1246705,783368,1249894,1287398
31.6,265.6,76.5,300708,153.6,8.48,3.89,14.8,Arusha,6,2023,3,Dry,0,0,1,98,80,26,15.4,331451,214.5,30.5,1287398,1768172,268196,745412
25.6,228.2,62.6,210548,92.3,7.28,2.3,13.0,Arusha,7,2023,5,Dry,1,0,1,98,80,26,15.4,331451,240.6,24.5,745412,1246705,717040,785081
28.0,210.7,48.7,492077,119.8,8.42,1.68,44.6,Arusha,8,2023,1,Dry,0,0,1,98,80,26,15.4,331451,221.8,27.2,785081,1287398,783368,1285506
26.4,188.8,69.5,349756,74.6,6.7,3.52,25.9,Arusha,9,2023,4,Dry,0,0,1,98,80,26,15.4,331451,234.7,27.7,1285506,745412,1768172,1035427
33.5,216.3,83.8,473444,148.5,7.66,4.91,96.4,Arusha,10,2023,6,Dry,1,0,1,98,80,26,15.4,331451,115.9,34.7,1035427,785081,1246705,1212585
27.6,243.8,69.4,207394,127.9,7.35,1.46,86.9,Arusha,11,2023,2,Rainy,0,0,1,98,80,26,15.4,331451,192.1,28.0,1212585,1285506,1287398,769128
20.1,247.9,91.3,356507,178.1,8.25,4.8,69.7,Arusha,12,2023,4,Short Rains,0,0,1,98,80,26,15.4,331451,247.5,20.4,769128,1035427,745412,1286351
25.3,118.8,64.4,481544,106.1,6.9,1.74,64.0,Arusha,1,2024,0,Hot,0,0,1,98,80,26,15.4,331451,80.0,24.6,1286351,1212585,785081,1764390
25.3,39.5,90.4,159239,173.9,7.05,3.47,55.2,Arusha,2,2024,3,Hot,0,0,1,98,80,26,15.4,331451,34.0,25.0,1764390,769128,1285506,555873
23.0,290.0,83.4,462554,74.5,8.07,4.37,21.1,Arusha,3,2024,4,Rainy,0,0,1,98,80,26,15.4,331451,224.2,22.8,555873,1286351,1035427,1524057
23.8,201.8,82.1,341858,84.5,8.05,2.53,13.2,Arusha,4,2024,0,Rainy,0,0,1,98,80,26,15.4,331451,158.3,25.0,1524057,1764390,1212585,894474
27.6,76.6,45.3,231651,95.9,6.8,4.0,40.9,Arusha,5,2024,2,Rainy,0,0,1,98,80,26,15.4,331451,100.0,27.3,894474,555873,769128,891090
23.8,273.8,68.8,108292,128.3,8.48,2.9,24.9,Arusha,6,2024,5,Dry,1,0,1,98,80,26,15.4,331451,357.0,23.3,891090,1524057,1286351,272840
26.7,23.7,53.5,367604,107.7,7.62,1.29,53.4,Arusha,7,2024,0,Dry,0,0,1,98,80,26,15.4,331451,12.9,25.6,272840,894474,1764390,1262088
27.6,15.2,45.9,68956,138.2,7.54,3.85,81.2,Arusha,8,2024,3,Dry,0,0,1,98,80,26,15.4,331451,12.2,28.0,1262088,891090,555873,278043
32.8,222.6,65.7,142120,92.9,8.32,3.44,81.0,Arusha,9,2024,6,Dry,1,0,1,98,80,26,15.4,331451,289.6,34.2,278043,272840,1524057,471866
25.1,261.4,44.4,90623,178.2,7.3,0.62,46.0,Arusha,10,2024,1,Dry,0,0,1,98,80,26,15.4,331451,265.5,26.0,471866,1262088,894474,182214
23.6,104.3,84.0,333048,190.8,6.81,3.54,17.8,Arusha,11,2024,4,Rainy,0,0,1,98,80,26,15.4,331451,154.7,24.2,182214,278043,891090,910362
32.9,233.9,65.4,422227,154.0,8.4,4.11,94.4,Arusha,12,2024,6,Short Rains,1,0,1,98,80,26,15.4,331451,334.0,33.2,910362,471866,272840,1419999
34.5,120.1,69.0,70021,39.8,7.19,1.15,29.6,Mwanza,1,2005,5,Hot,1,0,5,22,71,41,15.7,120192,139.2,33.7,434116,424432,371561,415143
33.8,59.7,81.5,307724,121.8,6.95,4.75,46.4,Mwanza,2,2005,1,Hot,0,0,5,22,71,41,15.7,120192,79.3,35.1,415143,1180522,1127463,1056745
33.0,199.5,81.6,112413,166.6,8.27,4.96,12.6,Mwanza,3,2005,1,Rainy,0,0,5,22,71,41,15.7,120192,242.0,33.5,1056745,434650,519288,459067
23.1,127.6,62.9,492491,191.9,8.29,4.97,42.2,Mwanza,4,2005,4,Rainy,0,0,5,22,71,41,15.7,120192,152.8,23.9,459067,415143,2073591,1771430
30.0,161.0,85.3,201431,185.0,7.12,4.99,67.2,Mwanza,5,2005,6,Rainy,1,0,5,22,71,41,15.7,120192,90.2,29.7,1771430,1056745,944759,864416
27.1,50.1,72.8,169917,164.0,6.69,1.28,97.3,Mwanza,6,2005,2,Dry,0,1,5,22,71,41,15.7,120192,47.0,26.1,864416,459067,832918,764359
28.2,119.6,79.2,65929,147.1,6.89,3.13,63.1,Mwanza,7,2005,4,Dry,0,0,5,22,71,41,15.7,120192,80.1,27.9,764359,1771430,415143,349293
27.6,16.6,57.4,469287,189.8,6.74,2.32,14.7,Mwanza,8,2005,0,Dry,0,0,5,22,71,41,15.7,120192,10.9,28.6,349293,864416,1056745,1590834
21.9,72.3,85.4,254632,184.4,7.85,0.52,27.4,Mwanza,9,2005,3,Dry,0,0,5,22,71,41,15.7,120192,44.6,22.0,1590834,764359,459067,964778
23.8,59.8,79.0,379705,172.2,6.68,3.17,70.2,Mwanza,10,2005,5,Dry,1,0,5,22,71,41,15.7,120192,48.4,23.2,964778,349293,1771430,1501676
25.8,76.0,89.5,104594,12.7,7.4,3.13,86.5,Mwanza,11,2005,1,Rainy,0,0,5,22,71,41,15.7,120192,113.9,26.7,1501676,1590834,864416,520315
29.0,286.3,74.7,370915,163.7,7.12,2.0,67.6,Mwanza,12,2005,3,Short Rains,0,0,5,22,71,41,15.7,120192,197.2,30.1,520315,964778,764359,982996
33.6,297.3,83.3,274774,24.7,8.49,3.1,86.2,Mwanza,1,2006,6,Hot,1,0,5,22,71,41,15.7,120192,307.3,35.2,982996,1501676,349293,1098729
21.4,101.7,65.7,200836,186.9,7.54,4.85,82.5,Mwanza,2,2006,2,Hot,0,0,5,22,71,41,15.7,120192,78.0,21.6,1098729,520315,1590834,883937
25.9,198.0,84.3,452356,42.3,7.43,3.48,32.2,Mwanza,3,2006,2,Rainy,0,0,5,22,71,41,15.7,120192,225.3,24.9,883937,982996,964778,1267787
25.2,17.1,56.5,469023,35.3,6.97,4.93,23.2,Mwanza,4,2006,5,Rainy,1,0,5,22,71,41,15.7,120192,10.7,24.4,1267787,1098729,1501676,1965012
26.7,218.5,88.8,384004,142.8,7.08,3.18,72.9,Mwanza,5,2006,0,Rainy,0,0,5,22,71,41,15.7,120192,181.5,25.8,1965012,883937,520315,1289342
23.2,224.3,94.6,142227,21.8,7.03,3.31,38.1,Mwanza,6,2006,3,Dry,0,0,5,22,71,41,15.7,120192,229.4,24.3,1289342,1267787,982996,437367
30.3,33.1,75.8,160318,120.6,8.12,2.16,53.5,Mwanza,7,2006,5,Dry,1,0,5,22,71,41,15.7,120192,47.8,30.7,437367,1965012,1098729,804827
23.1,21.0,45.8,283258,32.3,7.35,2.47,70.5,Mwanza,8,2006,1,Dry,0,0,5,22,71,41,15.7,120192,19.7,23.3,804827,1289342,883937,1225417
29.0,224.1,83.3,147018,192.2,8.38,2.1,48.2,Mwanza,9,2006,4,Dry,0,0,5,22,71,41,15.7,120192,255.4,29.4,1225417,437367,1267787,591262
27.1,252.3,75.3,111481,19.5,6.98,4.37,77.0,Mwanza,10,2006,6,Dry,1,0,5,22,71,41,15.7,120192,344.6,27.2,591262,804827,1965012,459537
22.4,88.4,87.7,211523,30.7,7.55,4.69,62.7,Mwanza,11,2006,2,Rainy,0,0,5,22,71,41,15.7,120192,73.1,23.4,459537,1225417,1289342,906505
33.9,296.6,52.8,350953,32.5,8.2,2.17,21.4,Mwanza,12,2006,4,Short Rains,0,0,5,22,71,41,15.7,120192,180.0,35.4,906505,591262,437367,1251422
27.9,214.3,47.6,318794,66.0,8.13,3.19,75.9,Mwanza,1,2007,0,Hot,0,0,5,22,71,41,15.7,120192,176.9,29.2,1251422,459537,804827,1265226
21.1,243.6,86.8,330219,133.1,7.99,4.55,88.6,Mwanza,2,2007,3,Hot,0,0,5,22,71,41,15.7,120192,259.2,21.3,1265226,906505,1225417,956646
34.8,44.0,88.7,226011,142.0,7.0,2.61,26.0,Mwanza,3,2007,3,Rainy,0,0,5,22,71,41,15.7,120192,38.6,35.6,956646,1251422,591262,971487
24.3,84.3,77.7,453845,166.5,7.23,4.25,55.4,Mwanza,4,2007,6,Rainy,1,1,5,22,71,41,15.7,120192,126.1,25.3,971487,1265226,459537,1363225
32.9,271.4,57.9,245357,132.1,8.13,2.64,10.2,Mwanza,5,2007,1,Rainy,0,0,5,22,71,41,15.7,120192,194.6,31.7,1363225,956646,906505,787182
26.9,284.0,89.5,224903,77.3,7.4,4.99,31.4,Mwanza,6,2007,4,Dry,0,0,5,22,71,41,15.7,120192,404.2,26.9,787182,971487,1251422,808723
25.5,275.3,84.4,421870,193.7,8.19,3.21,57.0,Mwanza,7,2007,6,Dry,1,0,5,22,71,41,15.7,120192,222.5,26.8,808723,1363225,1265226,1324160
21.8,202.6,88.1,72745,141.3,6.95,1.93,29.6,Mwanza,8,2007,2,Dry,0,0,5,22,71,41,15.7,120192,267.8,21.3,1324160,787182,956646,354231
29.9,166.2,43.8,131703,145.8,7.75,4.35,54.6,Mwanza,9,2007,5,Dry,1,0,5,22,71,41,15.7,120192,177.6,29.7,354231,808723,971487,440609
20.5,248.9,62.9,256118,48.6,8.07,2.39,17.6,Mwanza,10,2007,0,Dry,0,0,5,22,71,41,15.7,120192,189.1,20.5,440609,1324160,1363225,873965
26.7,284.8,93.8,127446,193.1,8.12,1.6,61.2,Mwanza,11,2007,3,Rainy,0,0,5,22,71,41,15.7,120192,294.9,26.6,873965,354231,787182,496179
29.9,59.4,58.6,139714,133.7,6.77,2.25,78.0,Mwanza,12,2007,5,Short Rains,1,0,5,22,71,41,15.7,120192,40.6,29.3,496179,440609,808723,686797
28.3,90.8,70.8,446869,55.4,8.38,1.91,59.7,Mwanza,1,2008,1,Hot,0,0,5,22,71,41,15.7,120192,120.7,27.1,686797,873965,1324160,1572494
22.7,158.6,90.4,74401,15.0,7.29,3.56,68.2,Mwanza,2,2008,4,Hot,0,0,5,22,71,41,15.7,120192,211.5,23.8,1572494,496179,354231,321881
22.2,220.0,88.5,299570,189.0,7.42,1.34,84.3,Mwanza,3,2008,5,Rainy,1,0,5,22,71,41,15.7,120192,240.8,22.3,321881,686797,440609,1065050
34.9,241.2,40.6,67006,126.4,7.74,2.53,28.0,Mwanza,4,2008,1,Rainy,0,0,5,22,71,41,15.7,120192,309.7,35.8,1065050,1572494,873965,250750
33.2,53.9,53.5,389557,26.4,7.15,2.24,23.4,Mwanza,5,2008,3,Rainy,0,0,5,22,71,41,15.7,120192,28.7,31.8,250750,321881,496179,1616877
28.1,5.0,78.9,88602,127.0,8.48,1.04,65.6,Mwanza,6,2008,6,Dry,1,0,5,22,71,41,15.7,120192,2.9,27.8,1616877,1065050,686797,456121
22.3,65.9,75.0,88504,178.7,8.27,1.86,34.4,Mwanza,7,2008,1,Dry,0,0,5,22,71,41,15.7,120192,90.7,23.0,456121,250750,1572494,480025
34.2,1.9,77.9,367925,100.1,7.08,3.99,96.4,Mwanza,8,2008,4,Dry,0,0,5,22,71,41,15.7,120192,1.8,34.8,480025,1616877,321881,1470076
34.4,131.1,79.3,433881,26.3,8.38,2.16,80.7,Mwanza,9,2008,0,Dry,0,0,5,22,71,41,15.7,120192,176.9,34.5,1470076,456121,1065050,1671447
23.3,156.6,78.1,195209,62.7,8.47,2.05,56.5,Mwanza,10,2008,2,Dry,0,0,5,22,71,41,15.7,120192,92.9,22.3,1671447,480025,250750,782507
22.0,87.4,61.2,370676,135.2,6.58,1.03,16.7,Mwanza,11,2008,5,Rainy,1,0,5,22,71,41,15.7,120192,106.2,22.9,782507,1470076,1616877,1457030
33.6,72.9,50.3,63109,86.4,7.35,3.92,72.6,Mwanza,12,2008,0,Short Rains,0,0,5,22,71,41,15.7,120192,92.1,34.4,1457030,1671447,456121,353209
25.3,252.3,94.8,263241,176.9,6.82,3.31,50.2,Mwanza,1,2009,3,Hot,0,0,5,22,71,41,15.7,120192,235.4,26.0,353209,782507,480025,1001081
21.2,112.7,91.9,80019,14.2,8.25,1.16,56.4,Mwanza,2,2009,6,Hot,1,0,5,22,71,41,15.7,120192,166.5,21.2,1001081,1457030,1470076,335851
32.3,172.8,79.4,163428,139.6,6.78,2.55,82.6,Mwanza,3,2009,6,Rainy,1,0,5,22,71,41,15.7,120192,241.8,33.1,335851,353209,1671447,624191
27.4,164.7,40.3,331701,170.9,6.51,2.06,33.0,Mwanza,4,2009,2,Rainy,0,0,5,22,71,41,15.7,120192,199.0,26.9,624191,1001081,782507,1177220
26.0,55.0,93.7,277615,45.7,7.39,2.61,70.4,Mwanza,5,2009,4,Rainy,0,0,5,22,71,41,15.7,120192,55.8,24.9,1177220,335851,1457030,969603
33.0,220.0,93.8,425875,14.3,8.37,4.17,70.9,Mwanza,6,2009,0,Dry,0,0,5,22,71,41,15.7,120192,306.4,31.8,969603,624191,353209,1516223
26.4,251.7,81.1,292430,100.9,7.43,3.68,11.4,Mwanza,7,2009,2,Dry,0,0,5,22,71,41,15.7,120192,345.5,27.6,1516223,1177220,1001081,1001023
25.8,53.3,57.1,67122,123.1,8.04,1.97,56.9,Mwanza,8,2009,5,Dry,1,0,5,22,71,41,15.7,120192,63.7,25.4,1001023,969603,335851,347495
29.3,291.4,71.8,313632,92.5,7.72,2.34,43.0,Mwanza,9,2009,1,Dry,0,0,5,22,71,41,15.7,120192,277.3,28.6,347495,1516223,624191,1059078
30.5,204.0,43.1,261381,119.9,8.31,4.27,23.5,Mwanza,10,2009,3,Dry,0,0,5,22,71,41,15.7,120192,251.6,29.4,1059078,1001023,1177220,926382
31.5,17.3,77.1,425115,14.3,8.29,3.11,57.9,Mwanza,11,2009,6,Rainy,1,0,5,22,71,41,15.7,120192,11.3,33.0,926382,347495,969603,1865427
25.2,272.7,79.4,98502,97.5,7.05,4.18,10.8,Mwanza,12,2009,1,Short Rains,0,0,5,22,71,41,15.7,120192,354.3,26.2,1865427,1059078,1516223,397979
23.9,66.4,65.6,467392,11.2,6.99,2.85,99.0,Mwanza,1,2010,4,Hot,0,0,5,22,71,41,15.7,120192,43.4,24.3,397979,926382,1001023,1614978
30.0,63.4,74.9,237989,72.4,7.41,4.8,17.7,Mwanza,2,2010,0,Hot,0,0,5,22,71,41,15.7,120192,56.2,30.7,1614978,1865427,347495,1021182
27.4,237.6,88.3,398876,87.5,6.63,3.77,55.2,Mwanza,3,2010,0,Rainy,0,0,5,22,71,41,15.7,120192,136.1,28.6,1021182,397979,1059078,1280174
20.8,190.6,69.3,243330,127.5,8.04,3.72,76.0,Mwanza,4,2010,3,Rainy,0,0,5,22,71,41,15.7,120192,266.4,21.2,1280174,1614978,926382,742863
23.9,38.5,52.9,500235,182.2,6.9,1.13,36.3,Mwanza,5,2010,5,Rainy,1,0,5,22,71,41,15.7,120192,40.1,22.8,742863,1021182,1865427,1423049
24.7,147.8,52.5,423572,157.4,7.35,1.59,41.1,Mwanza,6,2010,1,Dry,0,0,5,22,71,41,15.7,120192,159.7,25.3,1423049,1280174,397979,1696887
30.3,53.5,90.6,275915,117.7,6.9,2.17,39.8,Mwanza,7,2010,3,Dry,0,0,5,22,71,41,15.7,120192,37.2,29.8,1696887,742863,1614978,1032826
27.3,291.3,41.2,160145,73.0,6.83,1.64,87.7,Mwanza,8,2010,6,Dry,1,0,5,22,71,41,15.7,120192,147.3,27.9,1032826,1423049,1021182,479302
21.6,68.9,90.3,499488,195.0,8.48,1.06,73.8,Mwanza,9,2010,2,Dry,0,0,5,22,71,41,15.7,120192,76.4,21.8,479302,1696887,1280174,1948065
29.9,207.5,62.0,229589,13.9,7.93,3.9,21.3,Mwanza,10,2010,4,Dry,0,0,5,22,71,41,15.7,120192,216.6,28.9,1948065,1032826,742863,917912
28.5,251.7,95.0,408522,109.3,7.95,1.24,82.6,Mwanza,11,2010,0,Rainy,0,0,5,22,71,41,15.7,120192,277.4,29.4,917912,479302,1423049,1374070
28.2,226.8,49.5,153508,167.1,7.83,1.94,26.7,Mwanza,12,2010,2,Short Rains,0,0,5,22,71,41,15.7,120192,206.2,28.8,1374070,1948065,1696887,576347
34.1,106.8,84.0,220707,140.5,8.35,1.62,89.8,Mwanza,1,2011,5,Hot,1,0,5,22,71,41,15.7,120192,141.2,35.6,576347,917912,1032826,909697
26.0,271.2,42.5,298623,105.5,8.46,4.03,25.9,Mwanza,2,2011,1,Hot,0,0,5,22,71,41,15.7,120192,332.0,26.6,909697,1374070,479302,1116492
20.2,81.8,61.0,492723,191.0,6.97,0.56,36.0,Mwanza,3,2011,1,Rainy,0,0,5,22,71,41,15.7,120192,61.0,21.1,1116492,576347,1948065,1441224
26.9,240.0,94.9,330382,132.0,6.5,3.14,79.9,Mwanza,4,2011,4,Rainy,0,0,5,22,71,41,15.7,120192,205.9,28.0,1441224,909697,917912,1189576
26.9,142.1,66.1,311573,173.4,8.47,2.27,79.3,Mwanza,5,2011,6,Rainy,1,0,5,22,71,41,15.7,120192,205.5,28.0,1189576,1116492,1374070,1271362
26.6,211.8,74.6,332444,109.0,6.64,2.87,38.0,Mwanza,6,2011,2,Dry,0,0,5,22,71,41,15.7,120192,274.8,25.6,1271362,1441224,576347,1149662
29.6,147.5,68.2,504289,40.5,8.47,4.73,88.8,Mwanza,7,2011,4,Dry,0,0,5,22,71,41,15.7,120192,127.4,29.8,1149662,1189576,909697,1885918
32.2,157.8,46.9,217722,185.3,6.74,4.03,88.4,Mwanza,8,2011,0,Dry,0,0,5,22,71,41,15.7,120192,81.5,32.5,1885918,1271362,1116492,942840
34.5,144.1,45.7,452653,49.8,7.95,3.18,85.7,Mwanza,9,2011,3,Dry,0,0,5,22,71,41,15.7,120192,155.7,33.9,942840,1149662,1441224,1831578
32.0,254.2,45.3,274621,51.8,7.21,3.21,69.8,Mwanza,10,2011,5,Dry,1,0,5,22,71,41,15.7,120192,160.7,31.2,1831578,1885918,1189576,950712
20.7,26.8,53.2,340099,104.5,6.93,4.0,21.9,Mwanza,11,2011,1,Rainy,0,1,5,22,71,41,15.7,120192,14.3,19.9,950712,942840,1271362,1094639
31.5,44.2,77.4,220082,57.1,7.95,3.3,95.9,Mwanza,12,2011,3,Short Rains,0,0,5,22,71,41,15.7,120192,39.5,30.6,1094639,1831578,1149662,855332
22.6,261.4,74.2,455909,103.4,8.32,3.05,25.6,Mwanza,1,2012,6,Hot,1,0,5,22,71,41,15.7,120192,388.4,23.2,855332,950712,1885918,1547906
27.2,197.3,50.1,91385,89.5,7.79,2.24,39.7,Mwanza,2,2012,2,Hot,0,0,5,22,71,41,15.7,120192,289.4,26.2,1547906,1094639,942840,373162
27.9,5.5,46.8,251203,108.1,7.62,2.46,93.4,Mwanza,3,2012,3,Rainy,0,0,5,22,71,41,15.7,120192,5.6,26.5,373162,855332,1831578,1033916
25.9,53.4,46.9,453378,194.2,8.37,1.57,61.1,Mwanza,4,2012,6,Rainy,1,0,5,22,71,41,15.7,120192,27.0,25.8,1033916,1547906,950712,1352835
25.1,256.6,91.9,154959,125.6,7.45,1.68,15.4,Mwanza,5,2012,1,Rainy,0,0,5,22,71,41,15.7,120192,176.4,24.6,1352835,373162,1094639,567813
21.5,133.0,87.3,380903,174.0,7.98,0.5,76.8,Mwanza,6,2012,4,Dry,0,0,5,22,71,41,15.7,120192,109.6,20.6,567813,1033916,855332,1456143
20.3,102.9,83.8,121098,156.5,8.09,2.13,49.3,Mwanza,7,2012,6,Dry,1,0,5,22,71,41,15.7,120192,137.8,21.1,1456143,1352835,1547906,475928
21.9,48.3,79.0,238870,188.7,8.45,3.45,48.3,Mwanza,8,2012,2,Dry,0,0,5,22,71,41,15.7,120192,57.9,21.5,475928,567813,373162,1001354
33.8,220.0,72.0,411885,163.3,6.91,2.9,26.9,Mwanza,9,2012,5,Dry,1,0,5,22,71,41,15.7,120192,129.9,32.7,1001354,1456143,1033916,1424393
26.5,286.0,72.2,254164,85.1,8.46,3.99,51.5,Mwanza,10,2012,0,Dry,0,0,5,22,71,41,15.7,120192,280.4,27.3,1424393,475928,1352835,865301
34.3,34.8,94.4,482771,24.4,8.43,4.73,40.5,Mwanza,11,2012,3,Rainy,0,0,5,22,71,41,15.7,120192,32.1,34.5,865301,1001354,567813,1924931
30.4,6.8,80.2,294209,24.1,6.67,3.92,74.3,Mwanza,12,2012,5,Short Rains,1,0,5,22,71,41,15.7,120192,6.8,30.2,1924931,1424393,1456143,1122609
20.0,36.9,46.8,228383,94.1,6.54,2.4,17.4,Mwanza,1,2013,1,Hot,0,0,5,22,71,41,15.7,120192,52.5,20.5,1122609,865301,475928,912688
22.3,181.2,51.7,303634,35.7,8.24,2.4,83.9,Mwanza,2,2013,4,Hot,0,0,5,22,71,41,15.7,120192,116.5,21.6,912688,1924931,1001354,877004
30.5,103.9,91.8,483569,150.2,6.75,4.22,22.8,Mwanza,3,2013,4,Rainy,0,0,5,22,71,41,15.7,120192,120.8,31.7,877004,1122609,1424393,2036446
20.3,191.9,69.8,394379,123.3,7.7,1.22,30.2,Mwanza,4,2013,0,Rainy,0,0,5,22,71,41,15.7,120192,179.9,21.2,2036446,912688,865301,1650370
34.8,195.3,69.2,504218,158.8,7.67,1.21,72.0,Mwanza,5,2013,2,Rainy,0,0,5,22,71,41,15.7,120192,171.0,35.6,1650370,877004,1924931,1582409
31.0,228.6,51.6,232187,76.0,7.24,2.32,56.2,Mwanza,6,2013,5,Dry,1,0,5,22,71,41,15.7,120192,281.6,32.1,1582409,2036446,1122609,743668
31.8,157.3,68.2,419218,59.8,7.15,1.53,47.7,Mwanza,7,2013,0,Dry,0,0,5,22,71,41,15.7,120192,93.9,31.5,743668,1650370,912688,1274604
34.6,96.5,43.2,205290,184.0,6.78,1.71,80.0,Mwanza,8,2013,3,Dry,0,0,5,22,71,41,15.7,120192,130.0,35.9,1274604,1582409,877004,665222
30.2,118.0,41.0,156101,122.9,7.76,4.68,44.6,Mwanza,9,2013,6,Dry,1,0,5,22,71,41,15.7,120192,167.6,28.8,665222,743668,2036446,703061
31.3,270.0,46.7,503898,148.3,7.56,1.82,10.2,Mwanza,10,2013,1,Dry,0,0,5,22,71,41,15.7,120192,317.8,32.5,703061,1274604,1650370,1320828
31.6,242.3,89.8,241245,150.2,7.08,2.46,80.3,Mwanza,11,2013,4,Rainy,0,0,5,22,71,41,15.7,120192,143.0,32.0,1320828,665222,1582409,995237
28.2,60.8,67.0,478188,159.2,8.06,0.82,14.9,Mwanza,12,2013,6,Short Rains,1,0,5,22,71,41,15.7,120192,72.4,28.0,995237,703061,743668,1597818
20.6,134.6,60.1,469660,103.8,7.82,4.14,57.3,Mwanza,1,2014,2,Hot,0,0,5,22,71,41,15.7,120192,94.1,21.6,1597818,1320828,1274604,1481669
21.9,166.8,55.1,423969,52.2,7.59,1.55,63.1,Mwanza,2,2014,5,Hot,1,0,5,22,71,41,15.7,120192,108.4,21.7,1481669,995237,665222,1476525
32.6,23.1,71.6,419285,148.9,7.87,3.3,21.0,Mwanza,3,2014,5,Rainy,1,0,5,22,71,41,15.7,120192,22.7,31.6,1476525,1597818,703061,1502899
29.1,95.9,91.0,395067,165.0,6.73,2.59,46.6,Mwanza,4,2014,1,Rainy,0,0,5,22,71,41,15.7,120192,104.8,30.4,1502899,1481669,1320828,1500656
32.9,179.8,47.0,426951,91.6,7.51,2.6,26.8,Mwanza,5,2014,3,Rainy,0,0,5,22,71,41,15.7,120192,153.0,33.1,1500656,1476525,995237,1740032
32.8,12.5,86.3,382040,99.9,7.23,4.52,41.6,Mwanza,6,2014,6,Dry,1,0,5,22,71,41,15.7,120192,7.2,32.8,1740032,1502899,1597818,1239734
25.9,5.9,77.3,478035,187.4,6.65,0.66,80.0,Mwanza,7,2014,1,Dry,0,0,5,22,71,41,15.7,120192,7.2,25.0,1239734,1500656,1481669,1644289
27.0,206.4,41.0,355236,150.1,6.62,4.5,92.2,Mwanza,8,2014,4,Dry,0,0,5,22,71,41,15.7,120192,157.4,26.5,1644289,1740032,1476525,1248649
27.6,284.6,65.2,322580,177.5,7.18,4.71,91.1,Mwanza,9,2014,0,Dry,0,0,5,22,71,41,15.7,120192,331.2,28.6,1248649,1239734,1502899,1189474
20.7,180.0,43.8,69171,113.7,6.76,1.96,76.1,Mwanza,10,2014,2,Dry,0,0,5,22,71,41,15.7,120192,199.9,20.8,1189474,1644289,1500656,331032
34.4,200.4,92.5,348372,107.8,7.93,2.27,28.7,Mwanza,11,2014,5,Rainy,1,0,5,22,71,41,15.7,120192,162.4,35.0,331032,1248649,1740032,1243527
28.1,225.9,94.7,218278,99.1,7.2,2.65,56.0,Mwanza,12,2014,0,Short Rains,0,0,5,22,71,41,15.7,120192,126.4,27.3,1243527,1189474,1239734,721015
25.3,123.7,44.1,246812,167.4,6.54,1.97,15.4,Mwanza,1,2015,3,Hot,0,0,5,22,71,41,15.7,120192,98.7,25.0,721015,331032,1644289,1033951
24.5,93.7,84.8,399072,95.5,7.24,2.57,91.9,Mwanza,2,2015,6,Hot,1,0,5,22,71,41,15.7,120192,111.4,23.7,1033951,1243527,1248649,1499913
31.1,195.3,77.7,393941,63.7,6.86,2.72,54.7,Mwanza,3,2015,6,Rainy,1,0,5,22,71,41,15.7,120192,162.4,30.3,1499913,721015,1189474,1336309
24.5,67.0,92.8,348897,137.2,6.57,3.67,91.0,Mwanza,4,2015,2,Rainy,0,0,5,22,71,41,15.7,120192,94.7,24.0,1336309,1033951,331032,1262936
27.4,164.8,63.3,345542,63.2,7.99,0.7,55.2,Mwanza,5,2015,4,Rainy,0,0,5,22,71,41,15.7,120192,216.5,27.4,1262936,1499913,1243527,1026479
20.8,206.1,80.8,289650,122.9,7.39,2.5,48.2,Mwanza,6,2015,0,Dry,0,0,5,22,71,41,15.7,120192,182.8,21.3,1026479,1336309,721015,1034885
34.7,121.3,64.6,336207,130.2,8.06,1.76,53.4,Mwanza,7,2015,2,Dry,0,0,5,22,71,41,15.7,120192,113.8,36.4,1034885,1262936,1033951,1187536
33.3,108.2,57.7,115129,46.4,7.14,3.03,13.2,Mwanza,8,2015,5,Dry,1,0,5,22,71,41,15.7,120192,62.4,34.5,1187536,1026479,1499913,518781
29.1,190.2,58.0,388636,32.9,7.78,1.01,21.4,Mwanza,9,2015,1,Dry,0,0,5,22,71,41,15.7,120192,181.8,28.2,518781,1034885,1336309,1553082
26.8,75.8,86.6,503790,42.4,7.44,2.84,83.9,Mwanza,10,2015,3,Dry,0,0,5,22,71,41,15.7,120192,102.8,26.7,1553082,1187536,1262936,1944163
23.1,225.8,77.3,221690,133.0,7.87,0.91,75.9,Mwanza,11,2015,6,Rainy,1,0,5,22,71,41,15.7,120192,294.9,22.5,1944163,518781,1026479,843328
22.6,150.1,84.6,353948,140.1,6.66,0.64,63.0,Mwanza,12,2015,1,Short Rains,0,0,5,22,71,41,15.7,120192,151.1,23.3,843328,1553082,1034885,1117431
24.7,235.0,72.9,66572,130.0,6.73,3.93,15.8,Mwanza,1,2016,4,Hot,0,0,5,22,71,41,15.7,120192,262.0,24.2,1117431,1944163,1187536,334711
28.9,2.3,68.4,500387,142.2,8.46,4.67,46.4,Mwanza,2,2016,0,Hot,0,0,5,22,71,41,15.7,120192,3.4,27.5,334711,843328,518781,1906009
34.4,170.4,69.8,204179,53.2,6.91,0.99,69.2,Mwanza,3,2016,1,Rainy,0,0,5,22,71,41,15.7,120192,161.0,34.2,1906009,1117431,1553082,801661
29.7,161.1,70.1,111080,33.7,6.93,3.47,49.7,Mwanza,4,2016,4,Rainy,0,0,5,22,71,41,15.7,120192,189.7,30.0,801661,334711,1944163,429819
22.4,196.3,47.2,73829,95.5,8.39,2.46,58.0,Mwanza,5,2016,6,Rainy,1,0,5,22,71,41,15.7,120192,256.8,21.4,429819,1906009,843328,285963
27.8,141.6,68.6,290823,165.9,7.01,3.13,36.5,Mwanza,6,2016,2,Dry,0,0,5,22,71,41,15.7,120192,166.6,27.8,285963,801661,1117431,1279544
33.4,58.7,74.8,70395,20.9,6.81,2.08,16.2,Mwanza,7,2016,4,Dry,0,0,5,22,71,41,15.7,120192,54.3,32.4,1279544,429819,334711,437582
32.6,269.6,58.9,417070,10.6,7.58,1.56,33.8,Mwanza,8,2016,0,Dry,0,0,5,22,71,41,15.7,120192,280.8,34.0,437582,285963,1906009,1679084
21.3,299.9,88.8,467804,93.0,7.69,3.78,21.4,Mwanza,9,2016,3,Dry,0,0,5,22,71,41,15.7,120192,341.3,20.3,1679084,1279544,801661,1440125
31.2,262.7,48.7,92589,73.3,7.5,2.11,82.8,Mwanza,10,2016,5,Dry,1,0,5,22,71,41,15.7,120192,191.7,32.6,1440125,437582,429819,323734
28.5,23.1,67.7,399466,103.2,7.44,4.63,47.8,Mwanza,11,2016,1,Rainy,0,0,5,22,71,41,15.7,120192,18.3,29.1,323734,1679084,285963,1682729
23.8,269.4,61.8,266595,101.8,7.46,4.96,17.9,Mwanza,12,2016,3,Short Rains,0,0,5,22,71,41,15.7,120192,395.9,22.7,1682729,1440125,1279544,781834
23.5,205.4,55.2,342380,39.2,7.13,4.57,53.2,Mwanza,1,2017,6,Hot,1,0,5,22,71,41,15.7,120192,127.4,22.4,781834,323734,437582,1228202
34.1,255.7,49.3,398865,175.4,8.03,2.38,54.0,Mwanza,2,2017,2,Hot,0,0,5,22,71,41,15.7,120192,138.0,35.1,1228202,1682729,1679084,1302580
32.1,163.7,56.0,223892,41.7,8.29,4.15,81.5,Mwanza,3,2017,2,Rainy,0,0,5,22,71,41,15.7,120192,137.2,30.5,1302580,781834,1440125,701294
32.1,212.5,60.4,200691,140.5,6.58,0.91,23.4,Mwanza,4,2017,5,Rainy,1,0,5,22,71,41,15.7,120192,301.3,30.6,701294,1228202,323734,691312
32.9,255.2,45.9,255184,93.5,8.34,4.59,26.2,Mwanza,5,2017,0,Rainy,0,0,5,22,71,41,15.7,120192,339.0,33.7,691312,1302580,1682729,879149
34.0,175.2,94.2,431355,60.0,7.92,1.11,26.1,Mwanza,6,2017,3,Dry,0,0,5,22,71,41,15.7,120192,171.8,34.5,879149,701294,781834,1629865
34.1,39.6,84.8,197352,18.1,7.91,1.86,78.0,Mwanza,7,2017,5,Dry,1,0,5,22,71,41,15.7,120192,51.7,34.4,1629865,691312,1228202,696369
26.7,119.2,81.8,222710,19.0,7.19,0.54,72.2,Mwanza,8,2017,1,Dry,0,0,5,22,71,41,15.7,120192,144.9,27.4,696369,879149,1302580,785503
20.9,105.1,84.7,193914,158.2,8.01,1.26,76.7,Mwanza,9,2017,4,Dry,0,0,5,22,71,41,15.7,120192,150.9,20.1,785503,1629865,701294,861611
29.5,59.4,42.4,264908,152.4,8.06,2.79,69.9,Mwanza,10,2017,6,Dry,1,0,5,22,71,41,15.7,120192,73.2,30.5,861611,696369,691312,1179771
25.5,268.7,83.7,229141,159.4,7.45,4.37,63.7,Mwanza,11,2017,2,Rainy,0,0,5,22,71,41,15.7,120192,237.1,24.9,1179771,785503,879149,646506
32.0,187.9,58.8,223378,122.6,6.9,2.72,97.9,Mwanza,12,2017,4,Short Rains,0,0,5,22,71,41,15.7,120192,262.3,32.1,646506,861611,1629865,665102
31.0,153.5,84.3,512511,127.2,7.54,4.92,20.7,Mwanza,1,2018,0,Hot,0,0,5,22,71,41,15.7,120192,146.5,30.4,665102,1179771,696369,1452265
33.2,141.1,94.6,362355,73.8,6.55,2.91,44.6,Mwanza,2,2018,3,Hot,0,0,5,22,71,41,15.7,120192,140.3,33.8,1452265,646506,785503,1416383
21.4,109.8,69.8,219353,83.5,8.09,4.47,60.7,Mwanza,3,2018,3,Rainy,0,0,5,22,71,41,15.7,120192,140.7,20.4,1416383,665102,861611,913394
23.5,12.8,58.4,119469,60.5,7.16,2.82,18.2,Mwanza,4,2018,6,Rainy,1,0,5,22,71,41,15.7,120192,6.6,23.0,913394,1452265,1179771,552005
22.6,121.7,84.9,72822,76.6,7.3,1.94,53.4,Mwanza,5,2018,1,Rainy,0,0,5,22,71,41,15.7,120192,141.2,22.3,552005,1416383,646506,366753
24.5,43.6,55.3,276879,56.3,6.94,0.92,29.3,Mwanza,6,2018,4,Dry,0,0,5,22,71,41,15.7,120192,41.3,24.5,366753,913394,665102,1179115
22.3,296.8,60.0,173991,78.5,7.65,4.41,88.7,Mwanza,7,2018,6,Dry,1,0,5,22,71,41,15.7,120192,278.2,22.5,1179115,552005,1452265,720914
24.9,292.6,94.0,70878,150.4,7.12,0.96,45.6,Mwanza,8,2018,2,Dry,0,0,5,22,71,41,15.7,120192,356.8,25.8,720914,366753,1416383,302716
27.8,250.0,83.1,142478,123.8,8.48,4.76,54.0,Mwanza,9,2018,5,Dry,1,0,5,22,71,41,15.7,120192,337.7,28.8,302716,1179115,913394,586574
31.0,178.5,61.3,166329,61.5,7.48,0.76,34.7,Mwanza,10,2018,0,Dry,0,0,5,22,71,41,15.7,120192,178.8,31.1,586574,720914,552005,623520
32.3,209.5,62.7,256685,169.2,8.49,1.53,79.5,Mwanza,11,2018,3,Rainy,0,0,5,22,71,41,15.7,120192,135.8,33.8,623520,302716,366753,985719
28.7,29.3,63.8,209817,116.6,7.69,1.87,28.9,Mwanza,12,2018,5,Short Rains,1,0,5,22,71,41,15.7,120192,20.8,28.6,985719,586574,1179115,724456
34.7,203.9,70.2,123942,165.6,7.33,4.86,56.2,Mwanza,1,2019,1,Hot,0,0,5,22,71,41,15.7,120192,165.4,34.8,724456,623520,720914,484411
25.9,183.8,90.4,123396,159.9,8.29,2.66,45.7,Mwanza,2,2019,4,Hot,0,0,5,22,71,41,15.7,120192,156.8,25.9,484411,985719,302716,429478
22.2,16.6,44.1,280470,71.7,8.06,0.77,97.3,Mwanza,3,2019,4,Rainy,0,0,5,22,71,41,15.7,120192,21.2,21.2,429478,724456,586574,1115231
31.6,36.1,45.4,131953,122.0,6.92,4.26,72.3,Mwanza,4,2019,0,Rainy,0,0,5,22,71,41,15.7,120192,48.8,31.5,1115231,484411,623520,637906
31.8,260.9,72.5,501418,144.2,6.76,4.49,90.1,Mwanza,5,2019,2,Rainy,0,0,5,22,71,41,15.7,120192,237.9,32.0,637906,429478,985719,1970512
27.7,174.5,81.3,362036,164.0,8.47,4.18,11.3,Mwanza,6,2019,5,Dry,1,0,5,22,71,41,15.7,120192,247.6,27.1,1970512,1115231,724456,1075581
21.9,5.2,41.1,152789,115.7,6.52,3.62,44.8,Mwanza,7,2019,0,Dry,0,0,5,22,71,41,15.7,120192,6.0,21.1,1075581,637906,484411,671834
34.7,237.4,88.0,409261,141.2,6.53,4.57,82.7,Mwanza,8,2019,3,Dry,0,0,5,22,71,41,15.7,120192,336.9,33.0,671834,1970512,429478,1279345
27.2,259.6,94.5,134740,136.6,7.28,3.76,27.4,Mwanza,9,2019,6,Dry,1,0,5,22,71,41,15.7,120192,255.1,26.0,1279345,1075581,1115231,399683
30.0,262.7,73.5,472130,86.1,6.81,4.92,28.6,Mwanza,10,2019,1,Dry,0,0,5,22,71,41,15.7,120192,357.5,29.7,399683,671834,637906,1849786
20.8,199.4,43.4,323156,181.0,7.52,2.01,79.0,Mwanza,11,2019,4,Rainy,0,0,5,22,71,41,15.7,120192,129.9,19.9,1849786,1279345,1970512,1051870
32.8,282.3,70.5,263175,131.6,7.88,4.49,55.0,Mwanza,12,2019,6,Short Rains,1,0,5,22,71,41,15.7,120192,406.7,32.8,1051870,399683,1075581,951376
25.8,224.9,80.1,88730,25.6,8.15,3.61,16.4,Mwanza,1,2020,2,Hot,0,0,5,22,71,41,15.7,120192,165.5,25.6,951376,1849786,671834,371190
26.9,52.3,76.0,372098,184.3,7.79,4.06,86.2,Mwanza,2,2020,5,Hot,1,0,5,22,71,41,15.7,120192,47.5,27.2,371190,1051870,1279345,1259197
29.0,117.9,80.0,469121,72.4,7.69,1.12,95.5,Mwanza,3,2020,6,Rainy,1,0,5,22,71,41,15.7,120192,84.2,28.3,1259197,951376,399683,1367280
25.1,135.9,92.8,294894,185.5,8.09,4.0,12.4,Mwanza,4,2020,2,Rainy,0,0,5,22,71,41,15.7,120192,147.6,25.2,1367280,371190,1849786,949584
24.7,158.3,91.7,419631,184.4,6.81,3.24,31.9,Mwanza,5,2020,4,Rainy,0,0,5,22,71,41,15.7,120192,110.8,24.1,949584,1259197,1051870,1786260
22.2,182.8,43.4,512319,76.9,7.62,0.88,38.6,Mwanza,6,2020,0,Dry,0,0,5,22,71,41,15.7,120192,259.9,21.3,1786260,1367280,951376,1655428
29.9,194.8,53.3,249505,178.6,7.85,4.79,11.5,Mwanza,7,2020,2,Dry,0,0,5,22,71,41,15.7,120192,281.5,30.7,1655428,949584,371190,1080922
31.7,58.5,49.2,165318,84.0,7.03,3.1,58.6,Mwanza,8,2020,5,Dry,1,0,5,22,71,41,15.7,120192,51.0,30.5,1080922,1786260,1259197,697293
28.4,160.5,52.7,377713,99.1,6.98,1.36,95.8,Mwanza,9,2020,1,Dry,0,0,5,22,71,41,15.7,120192,144.8,29.1,697293,1655428,1367280,1428204
32.9,290.0,79.8,476994,71.5,7.35,2.86,20.0,Mwanza,10,2020,3,Dry,0,0,5,22,71,41,15.7,120192,245.9,33.6,1428204,1080922,949584,1293397
31.5,140.3,46.9,72836,102.7,7.43,1.39,32.2,Mwanza,11,2020,6,Rainy,1,0,5,22,71,41,15.7,120192,174.1,32.5,1293397,697293,1786260,322908
21.2,180.2,42.8,159738,149.3,8.18,2.32,32.0,Mwanza,12,2020,1,Short Rains,0,0,5,22,71,41,15.7,120192,127.9,20.1,322908,1428204,1655428,499386
28.2,53.2,46.4,106238,45.2,6.64,4.19,74.0,Mwanza,1,2021,4,Hot,0,0,5,22,71,41,15.7,120192,76.1,26.9,499386,1293397,1080922,468257
23.2,194.4,63.4,109295,57.6,6.96,2.72,58.5,Mwanza,2,2021,0,Hot,0,0,5,22,71,41,15.7,120192,255.8,23.6,468257,322908,697293,400949
28.8,107.3,63.1,204632,103.5,6.72,1.14,44.1,Mwanza,3,2021,0,Rainy,0,0,5,22,71,41,15.7,120192,147.7,30.1,400949,499386,1428204,860447
23.0,88.0,52.0,209557,56.4,8.02,2.7,41.4,Mwanza,4,2021,3,Rainy,0,0,5,22,71,41,15.7,120192,48.1,23.2,860447,468257,1293397,970588
24.8,58.5,74.8,482648,146.1,8.03,1.87,11.3,Mwanza,5,2021,5,Rainy,1,0,5,22,71,41,15.7,120192,54.1,23.9,970588,400949,322908,1465686
31.6,48.2,54.5,347611,60.1,8.44,0.65,80.2,Mwanza,6,2021,1,Dry,0,1,5,22,71,41,15.7,120192,62.5,30.1,1465686,860447,499386,1102782
20.8,82.2,80.1,243099,84.1,7.01,0.58,36.7,Mwanza,7,2021,3,Dry,0,0,5,22,71,41,15.7,120192,92.5,21.7,1102782,970588,468257,1003837
26.9,160.4,78.7,205132,101.8,6.64,0.66,83.1,Mwanza,8,2021,6,Dry,1,0,5,22,71,41,15.7,120192,133.1,27.2,1003837,1465686,400949,766136
26.4,137.2,92.1,81416,109.3,7.57,1.34,49.7,Mwanza,9,2021,2,Dry,0,0,5,22,71,41,15.7,120192,192.7,26.5,766136,1102782,860447,344548
32.9,81.6,82.5,467380,176.9,7.47,0.86,27.9,Mwanza,10,2021,4,Dry,0,0,5,22,71,41,15.7,120192,120.6,33.0,344548,1003837,970588,1994980
29.8,217.7,62.8,202128,26.2,7.5,3.99,63.4,Mwanza,11,2021,0,Rainy,0,0,5,22,71,41,15.7,120192,241.0,29.3,1994980,766136,1465686,616388
30.0,104.4,41.2,263676,145.7,8.04,1.4,39.2,Mwanza,12,2021,2,Short Rains,0,1,5,22,71,41,15.7,120192,85.2,30.6,616388,344548,1102782,1127032
34.1,231.8,86.1,84110,85.5,7.16,0.55,74.2,Mwanza,1,2022,5,Hot,1,0,5,22,71,41,15.7,120192,320.4,34.0,1127032,1994980,1003837,401215
24.3,60.4,70.7,361775,196.9,6.81,2.17,45.7,Mwanza,2,2022,1,Hot,0,1,5,22,71,41,15.7,120192,68.0,24.1,401215,616388,766136,1062572
27.1,177.7,63.1,489597,169.9,8.19,3.47,16.1,Mwanza,3,2022,1,Rainy,0,0,5,22,71,41,15.7,120192,226.4,26.1,1062572,1127032,344548,2011168
30.0,254.2,87.7,122289,139.7,6.96,2.46,21.2,Mwanza,4,2022,4,Rainy,0,0,5,22,71,41,15.7,120192,300.7,30.2,2011168,401215,1994980,488787
23.9,26.8,88.0,319591,85.4,6.74,2.89,64.2,Mwanza,5,2022,6,Rainy,1,0,5,22,71,41,15.7,120192,29.9,22.9,488787,1062572,616388,1156992
25.6,66.3,84.6,442546,167.8,7.34,3.53,52.9,Mwanza,6,2022,2,Dry,0,0,5,22,71,41,15.7,120192,75.1,26.7,1156992,2011168,1127032,1478621
31.8,298.0,41.6,159727,67.9,6.91,0.85,66.1,Mwanza,7,2022,4,Dry,0,1,5,22,71,41,15.7,120192,290.3,32.0,1478621,488787,401215,562011
21.2,133.9,86.9,84059,65.4,7.25,0.71,23.6,Mwanza,8,2022,0,Dry,0,0,5,22,71,41,15.7,120192,117.9,20.5,562011,1156992,1062572,443069
21.4,87.4,43.0,340082,95.9,7.98,0.7,28.8,Mwanza,9,2022,3,Dry,0,1,5,22,71,41,15.7,120192,93.1,22.4,443069,1478621,2011168,1467953
22.0,64.5,57.8,99618,95.4,8.41,2.49,67.0,Mwanza,10,2022,5,Dry,1,0,5,22,71,41,15.7,120192,65.2,21.9,1467953,562011,488787,459854
20.2,259.2,44.5,165208,85.6,6.82,2.66,19.3,Mwanza,11,2022,1,Rainy,0,0,5,22,71,41,15.7,120192,244.2,20.0,459854,443069,1156992,477399
27.5,66.8,49.9,421388,116.1,6.82,1.77,91.7,Mwanza,12,2022,3,Short Rains,0,0,5,22,71,41,15.7,120192,64.8,27.8,477399,1467953,1478621,1557215
21.8,124.0,41.0,379999,189.8,6.82,0.66,60.7,Mwanza,1,2023,6,Hot,1,0,5,22,71,41,15.7,120192,75.2,22.4,1557215,459854,562011,1526767
21.7,171.8,61.7,219876,84.4,7.34,1.4,70.6,Mwanza,2,2023,2,Hot,0,0,5,22,71,41,15.7,120192,229.7,21.5,1526767,477399,443069,861729
33.9,297.2,77.6,176568,85.2,7.04,2.36,98.4,Mwanza,3,2023,2,Rainy,0,0,5,22,71,41,15.7,120192,230.1,32.9,861729,1557215,1467953,491076
25.4,200.3,78.8,492830,181.0,7.63,3.97,75.6,Mwanza,4,2023,5,Rainy,1,0,5,22,71,41,15.7,120192,263.5,25.2,491076,1526767,459854,2035403
27.9,295.6,89.4,152011,56.0,7.61,2.63,46.0,Mwanza,5,2023,0,Rainy,0,0,5,22,71,41,15.7,120192,165.2,29.0,2035403,861729,477399,576335
34.9,291.3,43.2,479695,158.1,7.86,1.56,70.3,Mwanza,6,2023,3,Dry,0,0,5,22,71,41,15.7,120192,357.4,36.3,576335,491076,1557215,1393799
29.9,104.8,87.1,210058,51.4,6.8,0.64,81.0,Mwanza,7,2023,5,Dry,1,0,5,22,71,41,15.7,120192,52.6,30.1,1393799,2035403,1526767,721864
32.7,235.3,86.6,97823,32.1,8.49,4.39,66.1,Mwanza,8,2023,1,Dry,0,0,5,22,71,41,15.7,120192,216.4,32.8,721864,576335,861729,376761
23.7,219.0,59.2,104176,50.1,7.14,3.79,22.7,Mwanza,9,2023,4,Dry,0,1,5,22,71,41,15.7,120192,322.1,24.0,376761,1393799,491076,349501
21.8,33.6,70.0,487255,194.5,7.62,4.96,63.2,Mwanza,10,2023,6,Dry,1,0,5,22,71,41,15.7,120192,36.6,21.3,349501,721864,2035403,1968423
20.5,283.3,89.3,457549,135.1,7.01,4.96,89.1,Mwanza,11,2023,2,Rainy,0,0,5,22,71,41,15.7,120192,142.3,21.3,1968423,376761,576335,1256168
32.4,217.4,77.2,119440,97.5,6.92,3.51,23.2,Mwanza,12,2023,4,Short Rains,0,0,5,22,71,41,15.7,120192,215.5,34.0,1256168,349501,1393799,551164
31.6,43.7,90.8,76869,128.4,6.79,1.09,41.4,Mwanza,1,2024,0,Hot,0,0,5,22,71,41,15.7,120192,31.8,32.4,551164,1968423,721864,460566
33.9,262.5,76.8,182612,108.3,7.28,0.9,30.1,Mwanza,2,2024,3,Hot,0,0,5,22,71,41,15.7,120192,154.8,33.9,460566,1256168,376761,555341
24.7,223.8,45.5,311844,72.6,6.71,3.16,37.3,Mwanza,3,2024,4,Rainy,0,0,5,22,71,41,15.7,120192,233.7,24.5,555341,551164,349501,1131036
27.6,8.0,84.3,469598,195.6,7.62,3.64,20.7,Mwanza,4,2024,0,Rainy,0,0,5,22,71,41,15.7,120192,4.7,26.6,1131036,460566,1968423,1536835
29.7,2.0,51.4,429074,34.3,8.35,3.75,83.8,Mwanza,5,2024,2,Rainy,0,0,5,22,71,41,15.7,120192,1.7,28.3,1536835,555341,1256168,1528874
21.1,249.7,68.2,105244,39.9,6.69,3.89,71.5,Mwanza,6,2024,5,Dry,1,0,5,22,71,41,15.7,120192,161.8,20.4,1528874,1131036,551164,386486
27.2,72.4,92.3,77090,105.6,8.41,4.86,97.3,Mwanza,7,2024,0,Dry,0,0,5,22,71,41,15.7,120192,104.7,26.5,386486,1536835,460566,433935
30.6,228.9,57.7,485461,166.0,7.11,4.16,42.3,Mwanza,8,2024,3,Dry,0,0,5,22,71,41,15.7,120192,238.1,29.9,433935,1528874,555341,1604284
30.6,143.2,94.0,156487,140.9,7.76,1.83,93.8,Mwanza,9,2024,6,Dry,1,0,5,22,71,41,15.7,120192,205.5,31.4,1604284,386486,1131036,730999
27.7,31.7,40.8,94066,20.9,8.09,4.97,60.0,Mwanza,10,2024,1,Dry,0,0,5,22,71,41,15.7,120192,38.6,26.5,730999,433935,1536835,467650
23.7,131.4,42.4,218578,100.6,8.14,0.71,69.5,Mwanza,11,2024,4,Rainy,0,0,5,22,71,41,15.7,120192,76.7,24.6,467650,1604284,1528874,863025
20.9,148.1,92.3,195593,134.5,6.95,2.56,78.5,Mwanza,12,2024,6,Short Rains,1,0,5,22,71,41,15.7,120192,127.9,21.5,863025,730999,386486,631165
24.7,211.7,46.5,270997,78.1,8.19,2.53,22.0,Dodoma,1,2005,5,Hot,1,0,3,72,60,44,20.0,298162,254.2,24.2,712015,734722,749122,733729
30.8,133.2,64.1,355129,27.1,7.74,1.59,12.4,Dodoma,2,2005,1,Hot,0,0,3,72,60,44,20.0,298162,150.8,29.8,733729,1353728,1644912,1451944
26.3,237.4,58.3,225783,182.5,6.94,1.15,67.9,Dodoma,3,2005,1,Rainy,0,0,3,72,60,44,20.0,298162,353.2,27.5,1451944,806761,709802,735645
32.0,261.8,44.9,76759,87.8,7.99,1.43,96.4,Dodoma,4,2005,4,Rainy,0,0,3,72,60,44,20.0,298162,377.0,30.8,735645,733729,220029,253063
33.3,293.6,94.7,315972,173.6,7.15,3.0,92.7,Dodoma,5,2005,6,Rainy,1,0,3,72,60,44,20.0,298162,293.6,34.7,253063,1451944,961414,1102195
22.5,219.2,79.9,347713,86.1,8.11,1.84,38.0,Dodoma,6,2005,2,Dry,0,0,3,72,60,44,20.0,298162,283.5,23.1,1102195,735645,1163675,1196548
30.0,33.2,93.4,264491,89.5,6.87,1.11,34.5,Dodoma,7,2005,4,Dry,0,0,3,72,60,44,20.0,298162,43.6,30.5,1196548,253063,733729,834489
31.2,270.5,76.6,114371,21.7,6.66,1.67,10.2,Dodoma,8,2005,0,Dry,0,0,3,72,60,44,20.0,298162,388.3,32.6,834489,1102195,1451944,416073
30.1,79.8,41.1,499877,56.2,7.27,0.85,48.0,Dodoma,9,2005,3,Dry,0,0,3,72,60,44,20.0,298162,110.7,29.4,416073,1196548,735645,1416319
20.7,31.9,46.1,120169,144.3,7.54,4.54,14.1,Dodoma,10,2005,5,Dry,1,0,3,72,60,44,20.0,298162,45.3,21.4,1416319,834489,253063,449464
30.4,192.7,47.1,149878,139.8,7.7,1.58,85.6,Dodoma,11,2005,1,Rainy,0,0,3,72,60,44,20.0,298162,168.8,29.8,449464,416073,1102195,505866
31.9,107.4,40.3,238318,42.8,7.26,1.88,15.6,Dodoma,12,2005,3,Short Rains,0,0,3,72,60,44,20.0,298162,79.7,31.4,505866,1416319,1196548,808491
27.7,72.5,79.5,350892,84.5,8.26,0.98,69.1,Dodoma,1,2006,6,Hot,1,0,3,72,60,44,20.0,298162,44.7,26.5,808491,449464,834489,1219740
32.8,42.7,77.1,491558,93.9,7.98,0.64,85.1,Dodoma,2,2006,2,Hot,0,0,3,72,60,44,20.0,298162,58.4,32.0,1219740,505866,416073,1846202
21.6,283.2,94.4,116985,108.5,6.91,3.01,82.6,Dodoma,3,2006,2,Rainy,0,0,3,72,60,44,20.0,298162,321.8,21.3,1846202,808491,1416319,371518
22.0,178.4,90.1,369507,170.9,7.69,4.68,61.4,Dodoma,4,2006,5,Rainy,1,0,3,72,60,44,20.0,298162,255.0,22.0,371518,1219740,449464,1309768
30.1,273.2,60.0,156695,27.2,6.93,1.55,17.5,Dodoma,5,2006,0,Rainy,0,0,3,72,60,44,20.0,298162,156.1,28.9,1309768,1846202,505866,577777
30.0,78.0,94.5,445423,42.4,7.79,2.8,53.8,Dodoma,6,2006,3,Dry,0,0,3,72,60,44,20.0,298162,43.8,29.1,577777,371518,808491,1426176
24.4,52.8,51.1,85192,120.4,6.72,2.31,18.7,Dodoma,7,2006,5,Dry,1,0,3,72,60,44,20.0,298162,31.0,25.2,1426176,1309768,1219740,310354
29.5,177.4,70.8,241942,142.4,8.42,3.61,49.5,Dodoma,8,2006,1,Dry,0,0,3,72,60,44,20.0,298162,230.4,29.4,310354,577777,1846202,904073
29.8,58.1,74.5,150956,173.9,7.08,3.06,84.2,Dodoma,9,2006,4,Dry,0,0,3,72,60,44,20.0,298162,48.4,29.5,904073,1426176,371518,632722
27.0,80.3,90.7,267562,107.6,8.33,0.62,34.5,Dodoma,10,2006,6,Dry,1,0,3,72,60,44,20.0,298162,64.1,26.1,632722,310354,1309768,895591
28.3,293.7,76.7,308124,79.5,8.08,3.78,93.8,Dodoma,11,2006,2,Rainy,0,0,3,72,60,44,20.0,298162,213.2,27.0,895591,904073,577777,918513
33.6,274.8,64.2,259908,56.3,7.98,2.49,70.2,Dodoma,12,2006,4,Short Rains,0,0,3,72,60,44,20.0,298162,164.2,33.4,918513,632722,1426176,677367
30.0,86.5,43.7,335634,104.0,7.33,4.52,87.5,Dodoma,1,2007,0,Hot,0,0,3,72,60,44,20.0,298162,98.7,28.7,677367,895591,310354,1063069
24.8,156.5,88.5,481035,156.9,7.04,2.03,78.8,Dodoma,2,2007,3,Hot,0,0,3,72,60,44,20.0,298162,219.5,23.9,1063069,918513,904073,1518421
22.7,78.0,88.9,361064,120.2,8.25,1.14,79.7,Dodoma,3,2007,3,Rainy,0,0,3,72,60,44,20.0,298162,82.7,23.3,1518421,677367,632722,1442047
31.5,176.7,45.0,53964,143.4,6.89,0.92,38.2,Dodoma,4,2007,6,Rainy,1,0,3,72,60,44,20.0,298162,93.7,31.8,1442047,1063069,895591,231668
24.3,48.5,48.8,405328,57.6,6.79,3.69,44.0,Dodoma,5,2007,1,Rainy,0,0,3,72,60,44,20.0,298162,46.2,23.3,231668,1518421,918513,1605325
27.0,289.7,77.9,74003,13.4,6.97,1.82,28.2,Dodoma,6,2007,4,Dry,0,0,3,72,60,44,20.0,298162,308.3,27.4,1605325,1442047,677367,238157
23.4,270.0,52.8,438547,59.7,8.03,1.93,82.3,Dodoma,7,2007,6,Dry,1,0,3,72,60,44,20.0,298162,299.6,22.8,238157,231668,1063069,1570458
29.9,291.7,63.8,162107,113.3,7.12,0.82,98.9,Dodoma,8,2007,2,Dry,0,0,3,72,60,44,20.0,298162,417.9,31.1,1570458,1605325,1518421,602137
26.8,260.8,65.0,118001,66.6,7.65,4.46,94.1,Dodoma,9,2007,5,Dry,1,0,3,72,60,44,20.0,298162,276.1,26.8,602137,238157,1442047,449322
30.3,89.4,85.7,97733,128.4,7.94,2.9,52.7,Dodoma,10,2007,0,Dry,0,0,3,72,60,44,20.0,298162,76.5,29.6,449322,1570458,231668,356578
26.9,134.6,70.7,159127,178.0,6.68,2.62,13.9,Dodoma,11,2007,3,Rainy,0,0,3,72,60,44,20.0,298162,82.9,26.6,356578,602137,1605325,655040
34.5,196.6,90.8,159331,40.6,6.51,2.07,95.5,Dodoma,12,2007,5,Short Rains,1,0,3,72,60,44,20.0,298162,244.0,35.4,655040,449322,238157,602022
27.0,157.2,60.0,226829,164.4,8.04,1.9,96.6,Dodoma,1,2008,1,Hot,0,0,3,72,60,44,20.0,298162,81.0,27.9,602022,356578,1570458,792914
32.4,145.8,87.2,491662,88.4,7.93,1.86,91.5,Dodoma,2,2008,4,Hot,0,0,3,72,60,44,20.0,298162,104.8,31.1,792914,655040,602137,1688368
30.0,96.2,50.2,58841,114.5,6.8,1.08,36.6,Dodoma,3,2008,5,Rainy,1,0,3,72,60,44,20.0,298162,65.4,30.5,1688368,602022,449322,250647
34.7,243.8,92.6,147797,14.4,8.23,2.09,53.5,Dodoma,4,2008,1,Rainy,0,0,3,72,60,44,20.0,298162,318.1,36.3,250647,792914,356578,510646
31.8,252.5,64.0,292549,76.7,8.0,1.25,82.2,Dodoma,5,2008,3,Rainy,0,0,3,72,60,44,20.0,298162,313.8,33.3,510646,1688368,655040,724655
32.1,52.4,58.6,461317,165.9,7.22,2.24,46.1,Dodoma,6,2008,6,Dry,1,0,3,72,60,44,20.0,298162,42.3,30.8,724655,250647,602022,1868038
26.0,20.1,88.5,493327,31.4,6.64,4.6,79.0,Dodoma,7,2008,1,Dry,0,0,3,72,60,44,20.0,298162,13.6,26.4,1868038,510646,792914,1794199
31.4,220.6,42.8,94005,133.9,6.88,1.87,95.0,Dodoma,8,2008,4,Dry,0,0,3,72,60,44,20.0,298162,254.8,30.1,1794199,724655,1688368,370001
34.6,255.7,65.6,81295,174.4,6.54,4.35,68.9,Dodoma,9,2008,0,Dry,0,0,3,72,60,44,20.0,298162,210.9,34.5,370001,1868038,250647,279645
23.1,101.9,77.5,225297,194.1,6.72,0.99,90.1,Dodoma,10,2008,2,Dry,0,0,3,72,60,44,20.0,298162,61.3,22.6,279645,1794199,510646,662347
23.7,245.4,94.9,442310,24.3,8.22,1.72,33.3,Dodoma,11,2008,5,Rainy,1,0,3,72,60,44,20.0,298162,302.3,22.6,662347,370001,724655,1564023
30.8,187.5,59.2,70472,11.7,7.34,4.75,91.2,Dodoma,12,2008,0,Short Rains,0,0,3,72,60,44,20.0,298162,276.1,29.4,1564023,279645,1868038,239753
32.4,106.7,54.9,149755,26.3,6.75,3.88,47.3,Dodoma,1,2009,3,Hot,0,0,3,72,60,44,20.0,298162,78.8,33.0,239753,662347,1794199,488445
26.1,100.5,91.8,494811,79.0,7.14,4.56,80.0,Dodoma,2,2009,6,Hot,1,0,3,72,60,44,20.0,298162,147.4,26.1,488445,1564023,370001,1436660
23.1,154.9,59.0,153678,195.1,6.52,2.62,96.1,Dodoma,3,2009,6,Rainy,1,0,3,72,60,44,20.0,298162,155.4,23.4,1436660,239753,279645,585737
33.6,244.4,85.0,227453,177.8,6.74,1.91,21.1,Dodoma,4,2009,2,Rainy,0,0,3,72,60,44,20.0,298162,230.1,34.0,585737,488445,662347,753536
29.1,296.6,77.0,300258,43.1,6.88,2.6,95.6,Dodoma,5,2009,4,Rainy,0,0,3,72,60,44,20.0,298162,435.2,29.6,753536,1436660,1564023,1015152
34.7,64.9,48.5,423021,186.4,6.79,5.0,53.9,Dodoma,6,2009,0,Dry,0,0,3,72,60,44,20.0,298162,46.6,35.2,1015152,585737,239753,1166222
25.3,3.7,50.3,212897,58.2,6.74,4.4,38.9,Dodoma,7,2009,2,Dry,0,0,3,72,60,44,20.0,298162,5.3,25.3,1166222,753536,488445,749325
34.6,4.2,43.2,306405,65.5,6.85,1.19,11.4,Dodoma,8,2009,5,Dry,1,0,3,72,60,44,20.0,298162,2.7,36.1,749325,1015152,1436660,1279786
27.8,168.9,86.6,352755,70.4,7.25,2.96,87.5,Dodoma,9,2009,1,Dry,0,0,3,72,60,44,20.0,298162,247.0,26.9,1279786,1166222,585737,1040947
28.0,138.4,52.1,351366,181.3,8.27,2.78,81.5,Dodoma,10,2009,3,Dry,0,0,3,72,60,44,20.0,298162,132.2,27.4,1040947,749325,753536,958598
31.4,299.4,85.8,456603,188.1,6.76,2.62,87.4,Dodoma,11,2009,6,Rainy,1,0,3,72,60,44,20.0,298162,278.6,33.0,958598,1279786,1015152,1267147
21.5,171.4,45.9,419576,149.1,7.62,1.53,76.3,Dodoma,12,2009,1,Short Rains,0,1,3,72,60,44,20.0,298162,165.3,22.0,1267147,1040947,1166222,1357929
22.2,104.9,43.1,172723,189.3,6.5,4.79,50.5,Dodoma,1,2010,4,Hot,0,0,3,72,60,44,20.0,298162,122.2,22.2,1357929,958598,749325,519479
34.0,213.4,48.7,446811,39.1,6.8,2.94,87.9,Dodoma,2,2010,0,Hot,0,1,3,72,60,44,20.0,298162,112.5,32.3,519479,1267147,1279786,1543276
25.5,29.2,48.0,147264,178.4,7.98,2.38,57.1,Dodoma,3,2010,0,Rainy,0,1,3,72,60,44,20.0,298162,19.1,24.2,1543276,1357929,1040947,524739
32.2,290.6,40.6,101737,96.8,7.19,4.97,14.0,Dodoma,4,2010,3,Rainy,0,0,3,72,60,44,20.0,298162,216.6,32.2,524739,519479,958598,259136
33.5,241.1,76.8,359403,165.4,7.47,2.78,75.3,Dodoma,5,2010,5,Rainy,1,0,3,72,60,44,20.0,298162,237.2,32.1,259136,1543276,1267147,1300705
32.0,104.3,50.8,186391,49.4,7.7,1.74,92.3,Dodoma,6,2010,1,Dry,0,0,3,72,60,44,20.0,298162,55.3,33.4,1300705,524739,1357929,789856
31.1,189.5,68.1,75826,21.8,7.84,4.96,14.3,Dodoma,7,2010,3,Dry,0,0,3,72,60,44,20.0,298162,267.7,32.1,789856,259136,519479,317799
22.3,5.9,83.1,65761,194.2,7.49,4.69,77.3,Dodoma,8,2010,6,Dry,1,0,3,72,60,44,20.0,298162,7.3,22.4,317799,1300705,1543276,303875
26.9,6.8,89.5,420025,130.3,7.4,4.05,19.8,Dodoma,9,2010,2,Dry,0,0,3,72,60,44,20.0,298162,7.5,26.8,303875,789856,524739,1425693
28.2,6.6,79.2,114433,91.9,7.88,4.83,65.9,Dodoma,10,2010,4,Dry,0,0,3,72,60,44,20.0,298162,5.3,28.4,1425693,317799,259136,544876
33.6,3.3,51.3,146835,177.9,8.29,1.61,23.7,Dodoma,11,2010,0,Rainy,0,0,3,72,60,44,20.0,298162,4.8,33.6,544876,303875,1300705,516040
34.1,261.1,65.7,474154,154.4,8.35,2.76,96.5,Dodoma,12,2010,2,Short Rains,0,0,3,72,60,44,20.0,298162,135.4,32.8,516040,1425693,789856,1879608
25.1,134.9,52.2,282154,78.5,6.73,2.08,86.7,Dodoma,1,2011,5,Hot,1,0,3,72,60,44,20.0,298162,158.5,24.2,1879608,544876,317799,831262
32.3,288.1,86.1,136535,136.6,7.18,2.6,86.8,Dodoma,2,2011,1,Hot,0,0,3,72,60,44,20.0,298162,423.8,33.0,831262,516040,303875,350800
32.0,153.8,60.2,72190,114.6,8.36,3.33,47.8,Dodoma,3,2011,1,Rainy,0,0,3,72,60,44,20.0,298162,171.5,31.6,350800,1879608,1425693,275710
28.9,274.0,58.6,322409,115.5,8.33,1.85,32.0,Dodoma,4,2011,4,Rainy,0,0,3,72,60,44,20.0,298162,347.1,28.8,275710,831262,544876,1219712
32.6,163.0,48.6,74210,164.0,6.71,2.92,84.6,Dodoma,5,2011,6,Rainy,1,0,3,72,60,44,20.0,298162,234.3,32.9,1219712,350800,516040,305130
25.7,276.2,59.0,84486,131.4,8.07,3.47,62.4,Dodoma,6,2011,2,Dry,0,0,3,72,60,44,20.0,298162,297.6,26.5,305130,275710,1879608,268274
23.4,32.9,70.5,159387,43.8,7.72,4.04,73.5,Dodoma,7,2011,4,Dry,0,0,3,72,60,44,20.0,298162,47.1,22.9,268274,1219712,831262,639721
26.6,195.0,73.0,277920,12.8,7.5,2.0,11.3,Dodoma,8,2011,0,Dry,0,0,3,72,60,44,20.0,298162,170.1,25.7,639721,305130,350800,874010
33.1,129.0,60.5,507583,10.4,6.89,1.54,45.5,Dodoma,9,2011,3,Dry,0,0,3,72,60,44,20.0,298162,70.7,31.6,874010,268274,275710,1333044
24.9,100.8,82.0,355480,142.6,6.89,3.35,98.0,Dodoma,10,2011,5,Dry,1,0,3,72,60,44,20.0,298162,115.9,24.8,1333044,639721,1219712,993449
25.6,200.4,45.2,496383,152.1,8.09,1.39,48.2,Dodoma,11,2011,1,Rainy,0,0,3,72,60,44,20.0,298162,152.9,26.8,993449,874010,305130,1686760
33.8,265.9,68.3,433524,102.1,8.47,4.54,78.0,Dodoma,12,2011,3,Short Rains,0,0,3,72,60,44,20.0,298162,269.8,34.4,1686760,1333044,268274,1141742
26.5,181.4,86.9,496847,23.9,7.63,2.16,63.5,Dodoma,1,2012,6,Hot,1,0,3,72,60,44,20.0,298162,205.8,27.0,1141742,993449,639721,1838017
34.8,42.3,43.3,477100,155.1,7.98,3.03,68.2,Dodoma,2,2012,2,Hot,0,0,3,72,60,44,20.0,298162,46.4,35.2,1838017,1686760,874010,1813834
31.0,70.7,52.1,268195,30.8,7.91,1.06,94.7,Dodoma,3,2012,3,Rainy,0,0,3,72,60,44,20.0,298162,52.7,29.9,1813834,1141742,1333044,878848
28.5,2.2,82.2,490204,51.9,7.5,4.09,14.6,Dodoma,4,2012,6,Rainy,1,0,3,72,60,44,20.0,298162,1.8,27.3,878848,1838017,993449,1928444
30.6,32.5,40.4,190602,13.3,7.53,0.99,36.1,Dodoma,5,2012,1,Rainy,0,0,3,72,60,44,20.0,298162,26.8,30.2,1928444,1813834,1686760,761037
31.6,167.1,90.4,394118,93.2,8.04,2.57,56.3,Dodoma,6,2012,4,Dry,0,0,3,72,60,44,20.0,298162,233.7,30.4,761037,878848,1141742,1051492
24.6,225.6,90.1,222431,55.5,6.88,1.83,19.9,Dodoma,7,2012,6,Dry,1,0,3,72,60,44,20.0,298162,195.9,23.7,1051492,1928444,1838017,655542
32.7,216.4,67.0,424849,90.1,6.67,0.89,44.2,Dodoma,8,2012,2,Dry,0,0,3,72,60,44,20.0,298162,225.0,34.0,655542,761037,1813834,1641583
30.9,221.4,45.4,356543,17.6,8.27,1.52,92.6,Dodoma,9,2012,5,Dry,1,0,3,72,60,44,20.0,298162,303.3,30.6,1641583,1051492,878848,1039933
23.3,32.4,73.6,340447,181.4,6.55,1.05,51.0,Dodoma,10,2012,0,Dry,0,0,3,72,60,44,20.0,298162,42.7,23.3,1039933,655542,1928444,1296199
32.7,30.9,82.4,185114,86.2,6.71,2.32,19.8,Dodoma,11,2012,3,Rainy,0,0,3,72,60,44,20.0,298162,35.0,32.3,1296199,1641583,761037,671037
32.0,169.1,70.8,188380,22.4,7.42,2.57,69.5,Dodoma,12,2012,5,Short Rains,1,0,3,72,60,44,20.0,298162,217.8,31.9,671037,1039933,1051492,508525
23.0,284.4,50.2,287968,11.4,7.46,4.63,31.2,Dodoma,1,2013,1,Hot,0,0,3,72,60,44,20.0,298162,348.0,22.1,508525,1296199,655542,692735
23.3,130.1,84.5,390036,111.5,8.0,2.58,88.9,Dodoma,2,2013,4,Hot,0,0,3,72,60,44,20.0,298162,133.4,23.4,692735,671037,1641583,1230260
35.0,164.1,44.6,407976,36.0,6.77,4.32,81.9,Dodoma,3,2013,4,Rainy,0,0,3,72,60,44,20.0,298162,226.1,34.8,1230260,508525,1039933,1551536
33.7,56.9,53.5,341222,39.2,8.15,0.85,44.6,Dodoma,4,2013,0,Rainy,0,0,3,72,60,44,20.0,298162,80.2,32.4,1551536,692735,1296199,1421062
31.7,213.2,47.4,485673,58.4,7.12,4.58,47.3,Dodoma,5,2013,2,Rainy,0,0,3,72,60,44,20.0,298162,278.1,31.2,1421062,1230260,671037,1509492
31.5,198.5,80.1,438092,32.0,7.02,3.06,38.3,Dodoma,6,2013,5,Dry,1,0,3,72,60,44,20.0,298162,105.2,32.4,1509492,1551536,508525,1651601
26.3,204.4,67.4,111748,70.0,6.55,4.33,99.3,Dodoma,7,2013,0,Dry,0,0,3,72,60,44,20.0,298162,260.0,26.5,1651601,1421062,692735,421701
25.6,219.1,72.3,342127,191.6,7.62,3.45,92.9,Dodoma,8,2013,3,Dry,0,0,3,72,60,44,20.0,298162,247.2,24.7,421701,1509492,1230260,1081160
25.7,119.6,69.4,129849,22.4,7.06,4.18,73.7,Dodoma,9,2013,6,Dry,1,0,3,72,60,44,20.0,298162,71.2,26.6,1081160,1651601,1551536,483332
21.2,38.5,68.0,406587,109.4,8.12,3.59,90.5,Dodoma,10,2013,1,Dry,0,0,3,72,60,44,20.0,298162,21.6,21.8,483332,421701,1421062,1226722
24.8,41.3,75.7,101369,97.9,7.88,3.75,53.5,Dodoma,11,2013,4,Rainy,0,0,3,72,60,44,20.0,298162,55.2,25.2,1226722,1081160,1509492,430643
28.4,221.0,94.6,203324,199.7,8.31,3.03,13.1,Dodoma,12,2013,6,Short Rains,1,0,3,72,60,44,20.0,298162,201.9,28.7,430643,483332,1651601,656364
29.5,30.5,41.8,399486,94.4,6.96,2.84,95.7,Dodoma,1,2014,2,Hot,0,0,3,72,60,44,20.0,298162,16.7,29.1,656364,1226722,421701,1186541
23.2,67.5,81.4,410708,87.4,7.22,4.1,58.6,Dodoma,2,2014,5,Hot,1,0,3,72,60,44,20.0,298162,54.6,23.3,1186541,430643,1081160,1621093
23.8,298.0,40.4,235941,28.4,7.59,4.9,100.0,Dodoma,3,2014,5,Rainy,1,0,3,72,60,44,20.0,298162,393.1,23.8,1621093,656364,483332,859364
26.7,254.3,57.8,400946,171.8,8.25,2.9,12.2,Dodoma,4,2014,1,Rainy,0,0,3,72,60,44,20.0,298162,257.6,26.5,859364,1186541,1226722,1183350
29.3,186.1,52.0,348414,99.9,6.93,1.87,96.8,Dodoma,5,2014,3,Rainy,0,0,3,72,60,44,20.0,298162,158.3,27.9,1183350,1621093,430643,1015528
22.5,191.8,80.5,92457,94.6,6.85,4.27,13.7,Dodoma,6,2014,6,Dry,1,0,3,72,60,44,20.0,298162,128.8,22.5,1015528,859364,656364,264531
34.5,33.9,63.0,391312,15.2,8.28,1.93,84.0,Dodoma,7,2014,1,Dry,0,0,3,72,60,44,20.0,298162,37.2,35.8,264531,1183350,1186541,1498471
32.8,123.1,77.8,203324,169.3,7.77,4.2,91.9,Dodoma,8,2014,4,Dry,0,0,3,72,60,44,20.0,298162,110.7,33.6,1498471,1015528,1621093,607874
34.3,196.8,46.6,266184,41.0,8.3,2.66,23.8,Dodoma,9,2014,0,Dry,0,0,3,72,60,44,20.0,298162,284.7,34.6,607874,264531,859364,888819
22.7,236.1,61.4,281453,30.0,8.43,2.75,83.2,Dodoma,10,2014,2,Dry,0,0,3,72,60,44,20.0,298162,183.3,22.4,888819,1498471,1183350,699769
29.7,106.6,63.3,68692,12.9,7.35,1.39,98.3,Dodoma,11,2014,5,Rainy,1,0,3,72,60,44,20.0,298162,147.1,30.1,699769,607874,1015528,311183
33.1,289.5,62.3,497884,161.3,7.16,3.08,17.3,Dodoma,12,2014,0,Short Rains,0,0,3,72,60,44,20.0,298162,339.0,34.2,311183,888819,264531,1719055
33.4,3.2,69.8,426542,19.3,6.68,3.7,32.5,Dodoma,1,2015,3,Hot,0,0,3,72,60,44,20.0,298162,4.5,33.1,1719055,699769,1498471,1455216
28.2,136.7,79.2,102937,130.7,7.79,3.28,55.1,Dodoma,2,2015,6,Hot,1,0,3,72,60,44,20.0,298162,78.6,29.3,1455216,311183,607874,303559
24.0,189.2,52.5,495241,136.1,6.8,3.88,66.9,Dodoma,3,2015,6,Rainy,1,0,3,72,60,44,20.0,298162,194.5,25.0,303559,1719055,888819,1486182
29.5,241.3,68.3,269222,190.2,6.95,3.08,21.7,Dodoma,4,2015,2,Rainy,0,0,3,72,60,44,20.0,298162,235.3,29.7,1486182,1455216,699769,704601
30.3,17.3,63.6,512822,198.8,7.89,1.28,85.3,Dodoma,5,2015,4,Rainy,0,0,3,72,60,44,20.0,298162,24.9,29.7,704601,303559,311183,1861372
34.2,66.7,85.7,233949,166.6,6.88,4.76,10.8,Dodoma,6,2015,0,Dry,0,0,3,72,60,44,20.0,298162,66.6,35.1,1861372,1486182,1719055,897344
23.6,78.2,72.1,489821,92.0,7.88,4.16,32.2,Dodoma,7,2015,2,Dry,0,0,3,72,60,44,20.0,298162,45.5,24.2,897344,704601,1455216,1585004
29.5,209.0,72.6,365072,169.6,7.34,1.57,51.3,Dodoma,8,2015,5,Dry,1,0,3,72,60,44,20.0,298162,119.4,28.6,1585004,1861372,303559,987559
20.8,147.4,92.1,302934,135.4,6.84,1.24,57.1,Dodoma,9,2015,1,Dry,0,0,3,72,60,44,20.0,298162,191.2,20.7,987559,897344,1486182,1222883
31.7,98.7,44.8,185940,111.6,8.4,1.74,56.1,Dodoma,10,2015,3,Dry,0,0,3,72,60,44,20.0,298162,147.2,30.4,1222883,1585004,704601,562753
21.2,274.6,54.2,492916,171.5,7.44,2.19,71.0,Dodoma,11,2015,6,Rainy,1,0,3,72,60,44,20.0,298162,278.7,20.2,562753,987559,1861372,1356491
25.8,237.1,60.9,464884,165.4,7.44,4.63,67.8,Dodoma,12,2015,1,Short Rains,0,0,3,72,60,44,20.0,298162,162.2,26.2,1356491,1222883,897344,1407798
22.6,127.3,78.4,152033,161.9,7.5,2.1,48.6,Dodoma,1,2016,4,Hot,0,0,3,72,60,44,20.0,298162,173.5,22.8,1407798,562753,1585004,594425
33.9,121.1,68.6,502281,112.6,7.7,1.03,34.1,Dodoma,2,2016,0,Hot,0,0,3,72,60,44,20.0,298162,113.0,32.7,594425,1356491,987559,1610149
29.2,147.2,57.3,67709,92.2,8.21,2.73,73.2,Dodoma,3,2016,1,Rainy,0,0,3,72,60,44,20.0,298162,193.5,30.4,1610149,1407798,1222883,229798
25.5,282.1,44.8,222575,104.3,6.78,4.84,16.1,Dodoma,4,2016,4,Rainy,0,0,3,72,60,44,20.0,298162,165.0,24.6,229798,594425,562753,570973
33.0,99.9,57.3,501348,35.5,8.05,1.56,17.5,Dodoma,5,2016,6,Rainy,1,0,3,72,60,44,20.0,298162,117.9,31.7,570973,1610149,1356491,1771625
32.5,180.7,90.1,461878,119.4,6.91,1.14,29.0,Dodoma,6,2016,2,Dry,0,0,3,72,60,44,20.0,298162,140.9,32.4,1771625,229798,1407798,1220430
32.3,122.2,83.2,408840,148.8,6.87,3.11,56.9,Dodoma,7,2016,4,Dry,0,0,3,72,60,44,20.0,298162,157.0,31.6,1220430,570973,594425,1227015
29.5,96.8,80.2,485045,23.1,6.87,1.99,68.6,Dodoma,8,2016,0,Dry,0,0,3,72,60,44,20.0,298162,83.7,29.6,1227015,1771625,1610149,1948526
24.7,129.7,86.0,440220,141.6,7.53,4.41,60.2,Dodoma,9,2016,3,Dry,0,0,3,72,60,44,20.0,298162,109.0,24.5,1948526,1220430,229798,1266290
31.8,216.4,91.8,424677,172.6,7.94,2.96,36.1,Dodoma,10,2016,5,Dry,1,0,3,72,60,44,20.0,298162,110.7,32.0,1266290,1227015,570973,1265557
29.3,299.3,63.5,382289,111.2,8.21,1.87,16.1,Dodoma,11,2016,1,Rainy,0,0,3,72,60,44,20.0,298162,160.2,28.7,1265557,1948526,1771625,927540
30.1,179.9,86.5,397364,15.0,7.78,2.8,99.9,Dodoma,12,2016,3,Short Rains,0,0,3,72,60,44,20.0,298162,264.7,28.6,927540,1266290,1220430,1377955
32.2,134.3,67.2,324759,163.4,7.95,0.65,68.0,Dodoma,1,2017,6,Hot,1,0,3,72,60,44,20.0,298162,68.0,32.6,1377955,1265557,1227015,1001640
22.4,127.4,77.5,99932,70.3,8.45,3.83,50.8,Dodoma,2,2017,2,Hot,0,0,3,72,60,44,20.0,298162,78.2,21.8,1001640,927540,1948526,420701
29.1,261.7,41.1,350154,130.5,6.65,2.81,36.7,Dodoma,3,2017,2,Rainy,0,0,3,72,60,44,20.0,298162,248.5,28.9,420701,1377955,1266290,1016463
31.7,247.7,77.2,223224,119.2,7.2,2.58,72.6,Dodoma,4,2017,5,Rainy,1,0,3,72,60,44,20.0,298162,138.2,33.2,1016463,1001640,1265557,592755
32.0,203.5,64.5,396019,29.9,8.14,0.63,76.9,Dodoma,5,2017,0,Rainy,0,0,3,72,60,44,20.0,298162,275.7,33.4,592755,420701,927540,1568807
24.8,236.0,75.0,133831,97.5,8.38,2.34,65.5,Dodoma,6,2017,3,Dry,0,0,3,72,60,44,20.0,298162,123.6,24.3,1568807,1016463,1377955,521983
22.3,49.7,45.5,283298,46.8,8.13,4.25,46.4,Dodoma,7,2017,5,Dry,1,0,3,72,60,44,20.0,298162,51.7,22.2,521983,592755,1001640,819616
29.9,109.0,86.6,298406,22.6,7.98,4.75,26.8,Dodoma,8,2017,1,Dry,0,0,3,72,60,44,20.0,298162,130.4,29.5,819616,1568807,420701,871635
29.3,51.1,93.8,331532,69.8,7.77,0.88,37.6,Dodoma,9,2017,4,Dry,0,1,3,72,60,44,20.0,298162,60.1,30.8,871635,521983,1016463,1146561
30.9,108.3,81.5,103230,111.6,8.37,4.05,37.7,Dodoma,10,2017,6,Dry,1,0,3,72,60,44,20.0,298162,140.3,31.9,1146561,819616,592755,349767
32.7,98.2,56.3,432574,85.1,7.53,2.81,20.7,Dodoma,11,2017,2,Rainy,0,0,3,72,60,44,20.0,298162,134.1,33.3,349767,871635,1568807,1234349
33.1,49.8,74.2,339982,133.2,7.22,4.49,37.4,Dodoma,12,2017,4,Short Rains,0,0,3,72,60,44,20.0,298162,41.3,32.6,1234349,1146561,521983,1170107
34.6,179.3,46.0,455475,128.0,7.15,2.07,79.9,Dodoma,1,2018,0,Hot,0,0,3,72,60,44,20.0,298162,99.3,33.0,1170107,349767,819616,1756317
24.3,36.2,73.0,317804,85.3,7.8,4.78,25.7,Dodoma,2,2018,3,Hot,0,1,3,72,60,44,20.0,298162,47.5,23.1,1756317,1234349,871635,1253280
25.6,13.9,41.1,154228,115.7,7.05,0.97,94.5,Dodoma,3,2018,3,Rainy,0,0,3,72,60,44,20.0,298162,7.8,25.5,1253280,1170107,1146561,650674
22.1,226.3,84.6,70103,171.6,7.39,1.81,12.3,Dodoma,4,2018,6,Rainy,1,0,3,72,60,44,20.0,298162,114.3,22.9,650674,1756317,349767,218030
21.2,220.7,88.6,442041,150.6,7.89,2.17,84.8,Dodoma,5,2018,1,Rainy,0,0,3,72,60,44,20.0,298162,207.4,21.3,218030,1253280,1234349,1159329
31.2,178.0,79.0,114287,65.4,7.59,4.02,92.7,Dodoma,6,2018,4,Dry,0,0,3,72,60,44,20.0,298162,227.0,32.7,1159329,650674,1170107,422913
29.1,3.8,91.7,267929,95.4,7.59,2.16,74.3,Dodoma,7,2018,6,Dry,1,1,3,72,60,44,20.0,298162,3.9,30.6,422913,218030,1756317,819809
26.3,19.2,68.3,489880,160.4,7.62,1.77,58.1,Dodoma,8,2018,2,Dry,0,0,3,72,60,44,20.0,298162,27.4,26.8,819809,1159329,1253280,1828389
21.9,234.0,67.3,307866,76.6,6.58,2.94,48.5,Dodoma,9,2018,5,Dry,1,0,3,72,60,44,20.0,298162,179.5,21.4,1828389,422913,650674,930885
33.1,121.8,51.8,196290,23.9,7.03,2.61,69.1,Dodoma,10,2018,0,Dry,0,0,3,72,60,44,20.0,298162,108.5,31.9,930885,819809,218030,627251
25.1,202.6,53.0,474785,116.6,7.58,3.43,58.9,Dodoma,11,2018,3,Rainy,0,1,3,72,60,44,20.0,298162,275.8,26.3,627251,1828389,1159329,1465465
30.2,224.1,80.4,432210,78.7,6.81,2.05,54.1,Dodoma,12,2018,5,Short Rains,1,0,3,72,60,44,20.0,298162,206.4,30.5,1465465,930885,422913,1360240
25.1,128.6,64.4,417676,106.5,7.89,0.66,50.4,Dodoma,1,2019,1,Hot,0,0,3,72,60,44,20.0,298162,118.7,25.1,1360240,627251,819809,1615759
34.3,286.7,92.9,302533,112.0,7.53,2.1,22.8,Dodoma,2,2019,4,Hot,0,0,3,72,60,44,20.0,298162,268.5,33.8,1615759,1465465,1828389,1048518
23.6,47.6,79.1,166151,55.9,7.21,2.17,73.0,Dodoma,3,2019,4,Rainy,0,1,3,72,60,44,20.0,298162,60.5,23.0,1048518,1360240,930885,670297
27.6,64.6,44.7,211357,187.6,8.16,1.08,98.0,Dodoma,4,2019,0,Rainy,0,0,3,72,60,44,20.0,298162,63.3,26.7,670297,1615759,627251,647691
21.9,186.0,48.5,368872,151.9,7.56,1.7,63.2,Dodoma,5,2019,2,Rainy,0,0,3,72,60,44,20.0,298162,126.9,22.5,647691,1048518,1465465,946517
22.2,88.0,84.6,472643,115.9,7.01,3.62,48.6,Dodoma,6,2019,5,Dry,1,0,3,72,60,44,20.0,298162,104.6,21.8,946517,670297,1360240,1734646
27.4,81.0,82.9,273813,169.4,6.98,4.97,77.6,Dodoma,7,2019,0,Dry,0,0,3,72,60,44,20.0,298162,52.2,26.3,1734646,647691,1615759,969745
23.8,244.6,63.3,343562,175.0,8.16,4.15,97.0,Dodoma,8,2019,3,Dry,0,0,3,72,60,44,20.0,298162,359.2,23.7,969745,946517,1048518,1214817
23.7,243.1,43.0,194045,30.8,7.41,1.59,78.3,Dodoma,9,2019,6,Dry,1,0,3,72,60,44,20.0,298162,264.9,23.2,1214817,1734646,670297,633827
30.1,148.9,56.0,233933,33.7,6.98,2.55,69.2,Dodoma,10,2019,1,Dry,0,0,3,72,60,44,20.0,298162,199.0,29.4,633827,969745,647691,651825
21.7,127.3,45.1,434340,175.5,7.85,4.73,59.1,Dodoma,11,2019,4,Rainy,0,0,3,72,60,44,20.0,298162,184.7,21.1,651825,1214817,946517,1768230
32.4,113.1,70.7,502563,179.7,7.49,1.24,80.0,Dodoma,12,2019,6,Short Rains,1,0,3,72,60,44,20.0,298162,148.7,31.9,1768230,633827,1734646,1759993
31.3,33.5,73.5,107536,60.0,7.69,3.47,85.8,Dodoma,1,2020,2,Hot,0,0,3,72,60,44,20.0,298162,37.4,32.3,1759993,651825,969745,397058
34.3,58.3,58.3,162027,115.2,6.77,2.66,64.7,Dodoma,2,2020,5,Hot,1,0,3,72,60,44,20.0,298162,35.2,34.6,397058,1768230,1214817,575771
27.2,195.3,81.3,292728,124.9,6.61,0.97,64.2,Dodoma,3,2020,6,Rainy,1,0,3,72,60,44,20.0,298162,156.9,27.6,575771,1759993,633827,1036280
26.5,274.0,40.8,378303,132.4,7.19,2.93,41.5,Dodoma,4,2020,2,Rainy,0,0,3,72,60,44,20.0,298162,267.0,26.6,1036280,397058,651825,1421682
32.7,179.0,44.4,390646,108.9,7.41,4.86,52.3,Dodoma,5,2020,4,Rainy,0,0,3,72,60,44,20.0,298162,202.2,33.1,1421682,575771,1768230,1575154
28.0,220.1,73.9,158705,83.4,7.41,3.91,88.9,Dodoma,6,2020,0,Dry,0,0,3,72,60,44,20.0,298162,251.5,29.0,1575154,1036280,1759993,446216
27.8,130.8,90.3,483006,135.8,7.44,2.65,10.8,Dodoma,7,2020,2,Dry,0,0,3,72,60,44,20.0,298162,73.6,26.5,446216,1421682,397058,1479772
32.9,62.2,47.0,330373,40.9,7.02,0.93,98.4,Dodoma,8,2020,5,Dry,1,0,3,72,60,44,20.0,298162,75.8,32.7,1479772,1575154,575771,1042808
30.7,78.8,65.7,87540,192.9,7.38,2.92,58.8,Dodoma,9,2020,1,Dry,0,0,3,72,60,44,20.0,298162,102.0,31.4,1042808,446216,1036280,342580
22.0,118.9,83.7,251541,53.4,6.86,3.49,16.2,Dodoma,10,2020,3,Dry,0,0,3,72,60,44,20.0,298162,173.7,21.8,342580,1479772,1421682,853317
20.4,247.3,52.5,299889,168.7,7.42,1.45,61.5,Dodoma,11,2020,6,Rainy,1,0,3,72,60,44,20.0,298162,199.4,21.1,853317,1042808,1575154,1074187
25.9,70.7,57.9,300696,126.8,7.24,0.66,28.3,Dodoma,12,2020,1,Short Rains,0,0,3,72,60,44,20.0,298162,105.4,25.1,1074187,342580,446216,950212
31.7,130.9,61.4,494266,57.5,7.45,1.54,74.4,Dodoma,1,2021,4,Hot,0,0,3,72,60,44,20.0,298162,164.9,30.5,950212,853317,1479772,1794974
21.1,7.6,56.5,265764,146.4,8.1,1.41,81.3,Dodoma,2,2021,0,Hot,0,1,3,72,60,44,20.0,298162,4.6,20.3,1794974,1074187,1042808,1083504
32.1,175.6,70.9,193023,131.6,8.46,2.56,96.0,Dodoma,3,2021,0,Rainy,0,0,3,72,60,44,20.0,298162,177.7,32.3,1083504,950212,342580,792724
21.4,235.1,78.3,520778,163.1,7.98,3.12,93.8,Dodoma,4,2021,3,Rainy,0,0,3,72,60,44,20.0,298162,135.3,22.3,792724,1794974,853317,1535567
26.8,88.5,85.2,304207,30.4,7.9,2.91,95.1,Dodoma,5,2021,5,Rainy,1,0,3,72,60,44,20.0,298162,81.7,27.8,1535567,1083504,1074187,860375
30.9,28.0,80.8,479656,37.8,7.14,3.2,17.4,Dodoma,6,2021,1,Dry,0,0,3,72,60,44,20.0,298162,16.0,29.8,860375,792724,950212,1326975
26.5,255.8,87.2,165612,132.4,6.58,1.79,30.9,Dodoma,7,2021,3,Dry,0,0,3,72,60,44,20.0,298162,261.6,25.5,1326975,1535567,1794974,558560
21.0,104.2,88.9,359882,43.9,7.98,1.28,28.8,Dodoma,8,2021,6,Dry,1,0,3,72,60,44,20.0,298162,103.2,20.5,558560,860375,1083504,1407711
29.4,266.2,77.5,173162,40.1,8.1,4.28,49.8,Dodoma,9,2021,2,Dry,0,0,3,72,60,44,20.0,298162,384.0,30.0,1407711,1326975,792724,435254
33.2,127.8,78.9,443589,79.0,6.81,4.57,72.6,Dodoma,10,2021,4,Dry,0,0,3,72,60,44,20.0,298162,159.8,31.9,435254,558560,1535567,1253047
30.6,180.3,50.4,295455,88.2,6.78,4.19,44.1,Dodoma,11,2021,0,Rainy,0,0,3,72,60,44,20.0,298162,131.2,31.9,1253047,1407711,860375,910796
22.8,27.5,40.6,431049,84.8,7.45,3.83,39.0,Dodoma,12,2021,2,Short Rains,0,0,3,72,60,44,20.0,298162,37.6,23.3,910796,435254,1326975,1644671
29.7,134.8,74.1,346731,118.9,8.02,4.49,66.6,Dodoma,1,2022,5,Hot,1,0,3,72,60,44,20.0,298162,196.6,30.2,1644671,1253047,558560,1164571
28.7,78.3,50.0,196594,73.1,6.71,1.92,52.5,Dodoma,2,2022,1,Hot,0,0,3,72,60,44,20.0,298162,114.7,28.0,1164571,910796,1407711,704910
26.0,253.1,86.5,164136,161.6,6.61,3.87,92.5,Dodoma,3,2022,1,Rainy,0,0,3,72,60,44,20.0,298162,345.9,26.6,704910,1644671,435254,450238
23.5,36.1,69.0,72392,46.0,7.26,1.68,18.9,Dodoma,4,2022,4,Rainy,0,0,3,72,60,44,20.0,298162,49.9,24.2,450238,1164571,1253047,358423
27.4,259.8,77.5,348654,124.7,7.68,4.95,48.0,Dodoma,5,2022,6,Rainy,1,0,3,72,60,44,20.0,298162,195.8,28.7,358423,704910,910796,995818
21.1,293.8,94.7,138087,177.9,7.92,3.88,11.5,Dodoma,6,2022,2,Dry,0,0,3,72,60,44,20.0,298162,368.5,20.1,995818,450238,1644671,479508
20.5,262.8,41.4,508392,162.0,6.62,0.82,16.0,Dodoma,7,2022,4,Dry,0,0,3,72,60,44,20.0,298162,148.9,21.1,479508,358423,1164571,1923908
26.3,144.5,55.3,357547,98.4,7.19,0.67,70.1,Dodoma,8,2022,0,Dry,0,0,3,72,60,44,20.0,298162,125.9,27.3,1923908,995818,704910,1213168
20.6,295.6,63.3,429846,96.8,7.82,1.97,55.1,Dodoma,9,2022,3,Dry,0,0,3,72,60,44,20.0,298162,298.4,20.1,1213168,479508,450238,1498491
31.9,195.7,82.7,444108,156.5,7.78,1.05,97.6,Dodoma,10,2022,5,Dry,1,0,3,72,60,44,20.0,298162,160.3,30.4,1498491,1923908,358423,1186869
27.8,155.3,74.6,123033,131.3,7.84,4.59,17.5,Dodoma,11,2022,1,Rainy,0,0,3,72,60,44,20.0,298162,91.5,26.5,1186869,1213168,995818,476733
34.4,246.9,79.4,354096,139.1,7.42,2.23,24.9,Dodoma,12,2022,3,Short Rains,0,0,3,72,60,44,20.0,298162,200.8,36.1,476733,1498491,479508,1050516
24.6,35.5,84.4,136926,178.3,7.88,2.19,18.7,Dodoma,1,2023,6,Hot,1,0,3,72,60,44,20.0,298162,47.6,24.8,1050516,1186869,1923908,629259
21.7,107.9,45.7,494949,97.4,8.43,2.59,10.1,Dodoma,2,2023,2,Hot,0,0,3,72,60,44,20.0,298162,66.8,22.4,629259,476733,1213168,1961448
30.0,30.9,77.1,495016,35.6,6.78,4.68,84.9,Dodoma,3,2023,2,Rainy,0,0,3,72,60,44,20.0,298162,19.5,31.1,1961448,1050516,1498491,1651969
31.0,5.7,62.4,286417,83.8,8.14,0.76,89.6,Dodoma,4,2023,5,Rainy,1,0,3,72,60,44,20.0,298162,7.7,31.4,1651969,629259,1186869,1199851
28.4,191.4,53.5,422187,52.2,6.96,1.57,37.6,Dodoma,5,2023,0,Rainy,0,0,3,72,60,44,20.0,298162,283.5,28.3,1199851,1961448,476733,1514644
27.8,30.9,78.4,356836,191.8,7.34,4.34,28.5,Dodoma,6,2023,3,Dry,0,0,3,72,60,44,20.0,298162,27.0,28.9,1514644,1651969,1050516,1509701
33.6,94.8,67.0,231037,76.8,6.64,0.62,41.7,Dodoma,7,2023,5,Dry,1,0,3,72,60,44,20.0,298162,65.1,32.4,1509701,1199851,629259,936358
22.0,207.3,55.2,310043,84.8,7.62,2.16,74.1,Dodoma,8,2023,1,Dry,0,0,3,72,60,44,20.0,298162,188.7,21.8,936358,1514644,1961448,1120658
25.6,290.1,77.6,268340,57.8,8.3,2.49,24.6,Dodoma,9,2023,4,Dry,0,0,3,72,60,44,20.0,298162,228.9,24.5,1120658,1509701,1651969,925539
33.4,204.2,65.3,245436,104.2,7.03,4.15,98.0,Dodoma,10,2023,6,Dry,1,0,3,72,60,44,20.0,298162,184.8,34.9,925539,936358,1199851,950912
21.2,260.8,84.2,271282,32.8,7.23,2.37,49.7,Dodoma,11,2023,2,Rainy,0,0,3,72,60,44,20.0,298162,166.8,21.4,950912,1120658,1514644,767045
25.0,73.0,42.4,159861,192.5,6.86,2.01,95.2,Dodoma,12,2023,4,Short Rains,0,0,3,72,60,44,20.0,298162,72.9,25.0,767045,925539,1509701,491513
32.6,169.1,92.9,526351,52.4,7.25,2.78,43.2,Dodoma,1,2024,0,Hot,0,0,3,72,60,44,20.0,298162,242.0,31.0,491513,950912,936358,2054142
26.9,96.8,73.3,411189,51.7,6.99,1.34,13.5,Dodoma,2,2024,3,Hot,0,0,3,72,60,44,20.0,298162,128.0,25.7,2054142,767045,1120658,1498528
23.3,46.3,86.8,528744,113.1,7.8,4.91,75.5,Dodoma,3,2024,4,Rainy,0,0,3,72,60,44,20.0,298162,48.1,24.2,1498528,491513,925539,1597081
24.5,78.0,91.0,283522,27.5,8.04,3.6,12.0,Dodoma,4,2024,0,Rainy,0,0,3,72,60,44,20.0,298162,116.6,23.7,1597081,2054142,950912,822691
30.9,266.0,47.7,512085,163.8,8.45,2.31,20.9,Dodoma,5,2024,2,Rainy,0,0,3,72,60,44,20.0,298162,226.1,29.5,822691,1498528,767045,1690732
31.9,30.3,66.3,192482,84.2,7.77,4.48,96.2,Dodoma,6,2024,5,Dry,1,0,3,72,60,44,20.0,298162,39.5,32.6,1690732,1597081,491513,808579
32.4,257.6,89.0,129317,66.6,7.43,1.06,27.1,Dodoma,7,2024,0,Dry,0,0,3,72,60,44,20.0,298162,226.6,32.9,808579,822691,2054142,441035
21.1,273.1,85.7,479713,171.3,7.6,4.53,14.8,Dodoma,8,2024,3,Dry,0,0,3,72,60,44,20.0,298162,178.6,20.8,441035,1690732,1498528,1577444
27.7,148.6,83.6,336425,11.1,7.9,2.16,43.1,Dodoma,9,2024,6,Dry,1,0,3,72,60,44,20.0,298162,200.8,27.6,1577444,808579,1597081,1043592
28.4,99.1,89.3,476547,58.2,8.47,1.69,21.6,Dodoma,10,2024,1,Dry,0,0,3,72,60,44,20.0,298162,101.3,27.2,1043592,441035,822691,1872287
28.7,205.1,77.0,330324,90.2,7.16,1.87,50.6,Dodoma,11,2024,4,Rainy,0,0,3,72,60,44,20.0,298162,203.7,28.8,1872287,1577444,1690732,1110344
30.3,15.7,58.4,308063,76.1,7.64,3.1,35.5,Dodoma,12,2024,6,Short Rains,1,0,3,72,60,44,20.0,298162,17.7,31.1,1110344,1043592,808579,1125082
27.3,119.9,55.1,124042,52.5,6.89,2.31,74.2,Mbeya,1,2005,5,Hot,1,0,4,76,29,45,30.9,144600,75.3,26.3,328799,355733,375867,359995
24.7,135.6,49.7,394382,22.6,6.6,4.5,64.2,Mbeya,2,2005,1,Hot,0,0,4,76,29,45,30.9,144600,161.6,25.7,359995,996432,1037214,1033905
22.5,55.5,51.7,387236,86.3,7.65,4.26,53.0,Mbeya,3,2005,1,Rainy,0,0,4,76,29,45,30.9,144600,40.4,21.4,1033905,1690026,1504597,1471894
34.9,74.5,43.1,317195,45.3,8.39,2.47,45.8,Mbeya,4,2005,4,Rainy,0,0,4,76,29,45,30.9,144600,43.4,36.3,1471894,359995,1446117,1247228
23.6,136.3,88.5,262127,84.3,7.2,4.24,88.9,Mbeya,5,2005,6,Rainy,1,0,4,76,29,45,30.9,144600,145.6,23.3,1247228,1033905,614210,744833
30.6,120.8,44.5,93589,58.7,7.65,2.63,53.8,Mbeya,6,2005,2,Dry,0,0,4,76,29,45,30.9,144600,134.5,32.0,744833,1471894,354257,398146
30.8,22.1,53.6,489169,96.6,7.88,3.24,15.6,Mbeya,7,2005,4,Dry,0,0,4,76,29,45,30.9,144600,12.1,30.9,398146,1247228,359995,2029944
30.1,78.3,76.2,112883,48.5,6.76,1.54,17.5,Mbeya,8,2005,0,Dry,0,0,4,76,29,45,30.9,144600,109.4,29.1,2029944,744833,1033905,384102
33.2,180.6,65.2,456313,13.2,7.48,3.9,13.0,Mbeya,9,2005,3,Dry,0,0,4,76,29,45,30.9,144600,240.3,33.2,384102,398146,1471894,1499429
24.8,165.7,75.8,120456,156.0,6.98,2.66,18.9,Mbeya,10,2005,5,Dry,1,0,4,76,29,45,30.9,144600,85.9,24.0,1499429,2029944,1247228,386824
32.9,39.5,58.4,368027,106.6,7.12,2.34,43.4,Mbeya,11,2005,1,Rainy,0,0,4,76,29,45,30.9,144600,41.8,33.3,386824,384102,744833,1123628
21.7,234.8,82.8,217536,113.2,8.27,0.64,69.3,Mbeya,12,2005,3,Short Rains,0,0,4,76,29,45,30.9,144600,268.5,21.6,1123628,1499429,398146,647118
32.0,198.4,55.9,189193,164.4,7.53,2.57,56.1,Mbeya,1,2006,6,Hot,1,0,4,76,29,45,30.9,144600,199.3,30.5,647118,386824,2029944,515919
21.8,237.7,49.4,107074,54.4,8.2,4.51,97.2,Mbeya,2,2006,2,Hot,0,0,4,76,29,45,30.9,144600,129.7,21.0,515919,1123628,384102,352089
32.8,35.1,78.8,292916,173.1,7.89,0.57,18.2,Mbeya,3,2006,2,Rainy,0,0,4,76,29,45,30.9,144600,27.7,31.4,352089,647118,1499429,963930
24.1,108.8,94.5,406789,183.2,6.7,0.5,18.1,Mbeya,4,2006,5,Rainy,1,0,4,76,29,45,30.9,144600,58.9,23.9,963930,515919,386824,1592563
33.9,275.0,48.4,127728,105.3,7.27,4.78,76.7,Mbeya,5,2006,0,Rainy,0,0,4,76,29,45,30.9,144600,223.3,33.1,1592563,352089,1123628,299323
23.8,46.9,78.5,322259,160.6,6.85,2.53,13.3,Mbeya,6,2006,3,Dry,0,0,4,76,29,45,30.9,144600,35.7,24.8,299323,963930,647118,1331320
21.5,233.1,80.1,375682,171.9,7.19,3.71,90.9,Mbeya,7,2006,5,Dry,1,0,4,76,29,45,30.9,144600,161.1,21.3,1331320,1592563,515919,1136155
23.6,276.5,70.9,381344,183.7,8.34,5.0,76.6,Mbeya,8,2006,1,Dry,0,0,4,76,29,45,30.9,144600,260.0,24.3,1136155,299323,352089,1187223
25.5,281.1,88.3,275267,171.8,7.12,4.25,48.4,Mbeya,9,2006,4,Dry,0,0,4,76,29,45,30.9,144600,372.4,24.9,1187223,1331320,963930,784175
22.1,290.6,59.8,315506,194.0,7.84,3.4,66.8,Mbeya,10,2006,6,Dry,1,0,4,76,29,45,30.9,144600,250.7,22.0,784175,1136155,1592563,1103992
27.2,86.6,80.1,338791,158.6,8.34,4.15,15.4,Mbeya,11,2006,2,Rainy,0,0,4,76,29,45,30.9,144600,65.5,26.3,1103992,1187223,299323,1162362
23.5,47.4,52.4,136314,157.7,8.2,1.31,28.7,Mbeya,12,2006,4,Short Rains,0,0,4,76,29,45,30.9,144600,63.5,24.0,1162362,784175,1331320,584102
32.8,123.1,86.8,329085,86.3,7.21,2.1,77.2,Mbeya,1,2007,0,Hot,0,0,4,76,29,45,30.9,144600,164.2,33.7,584102,1103992,1136155,1003390
22.1,38.3,77.2,382786,163.6,7.52,2.27,33.4,Mbeya,2,2007,3,Hot,0,0,4,76,29,45,30.9,144600,21.7,21.7,1003390,1162362,1187223,1049156
27.6,119.5,42.4,315587,192.3,6.74,1.73,33.4,Mbeya,3,2007,3,Rainy,0,1,4,76,29,45,30.9,144600,66.1,27.8,1049156,584102,784175,837044
26.3,163.6,48.7,329354,95.3,7.32,3.32,91.1,Mbeya,4,2007,6,Rainy,1,0,4,76,29,45,30.9,144600,140.9,25.8,837044,1003390,1103992,945004
22.4,271.7,87.2,420543,127.7,8.08,2.15,58.2,Mbeya,5,2007,1,Rainy,0,0,4,76,29,45,30.9,144600,197.5,21.5,945004,1049156,1162362,1190719
32.0,78.3,94.3,474313,79.3,6.69,2.53,64.9,Mbeya,6,2007,4,Dry,0,0,4,76,29,45,30.9,144600,93.1,33.4,1190719,837044,584102,1660007
31.2,271.8,45.3,486163,64.6,6.76,2.87,20.9,Mbeya,7,2007,6,Dry,1,0,4,76,29,45,30.9,144600,143.2,29.8,1660007,945004,1003390,1828339
29.3,162.7,55.0,317644,89.2,8.23,4.96,33.5,Mbeya,8,2007,2,Dry,0,0,4,76,29,45,30.9,144600,100.8,30.6,1828339,1190719,1049156,1005934
27.2,243.1,70.9,111910,82.3,8.21,4.92,26.3,Mbeya,9,2007,5,Dry,1,0,4,76,29,45,30.9,144600,221.4,27.7,1005934,1660007,837044,276736
29.8,221.4,82.9,172962,177.0,6.54,0.86,28.3,Mbeya,10,2007,0,Dry,0,0,4,76,29,45,30.9,144600,287.2,31.1,276736,1828339,945004,498241
24.3,153.9,41.6,258584,159.4,6.76,4.26,66.7,Mbeya,11,2007,3,Rainy,0,0,4,76,29,45,30.9,144600,143.5,23.5,498241,1005934,1190719,1008384
21.5,139.3,51.5,182986,26.4,6.79,3.93,59.2,Mbeya,12,2007,5,Short Rains,1,0,4,76,29,45,30.9,144600,84.5,22.6,1008384,276736,1660007,700862
26.5,59.2,54.0,247476,181.0,7.63,1.6,67.0,Mbeya,1,2008,1,Hot,0,0,4,76,29,45,30.9,144600,33.3,26.9,700862,498241,1828339,954638
32.1,246.3,44.6,251687,70.2,6.88,3.41,67.8,Mbeya,2,2008,4,Hot,0,0,4,76,29,45,30.9,144600,290.7,30.8,954638,1008384,1005934,630368
28.4,76.8,89.6,56287,173.7,7.91,3.75,39.2,Mbeya,3,2008,5,Rainy,1,0,4,76,29,45,30.9,144600,41.0,28.2,630368,700862,276736,277368
20.3,84.6,68.4,185545,38.4,6.78,3.13,17.2,Mbeya,4,2008,1,Rainy,0,0,4,76,29,45,30.9,144600,96.8,20.7,277368,954638,498241,728617
34.9,126.0,48.8,82560,34.4,8.25,4.87,41.8,Mbeya,5,2008,3,Rainy,0,0,4,76,29,45,30.9,144600,160.1,36.1,728617,630368,1008384,272724
24.9,250.9,68.5,231365,176.3,7.0,1.76,37.4,Mbeya,6,2008,6,Dry,1,0,4,76,29,45,30.9,144600,346.3,25.9,272724,277368,700862,769469
25.6,100.2,92.7,288390,31.9,7.6,2.69,23.2,Mbeya,7,2008,1,Dry,0,1,4,76,29,45,30.9,144600,89.3,24.6,769469,728617,954638,938940
32.1,279.6,42.1,212327,10.3,6.89,0.51,24.5,Mbeya,8,2008,4,Dry,0,0,4,76,29,45,30.9,144600,334.5,32.1,938940,272724,630368,639332
23.0,224.2,60.5,435813,51.1,6.76,2.77,56.2,Mbeya,9,2008,0,Dry,0,1,4,76,29,45,30.9,144600,281.0,22.2,639332,769469,277368,1287683
25.4,27.6,62.7,89826,96.6,7.27,3.28,53.4,Mbeya,10,2008,2,Dry,0,1,4,76,29,45,30.9,144600,29.7,25.7,1287683,938940,728617,389002
30.4,45.6,40.5,295734,10.5,8.12,1.48,72.1,Mbeya,11,2008,5,Rainy,1,0,4,76,29,45,30.9,144600,52.3,31.1,389002,639332,272724,1049836
31.1,185.3,57.7,56756,151.2,7.37,2.77,85.6,Mbeya,12,2008,0,Short Rains,0,0,4,76,29,45,30.9,144600,260.9,32.2,1049836,1287683,769469,174532
23.9,150.6,77.1,488625,128.9,8.23,2.27,11.4,Mbeya,1,2009,3,Hot,0,0,4,76,29,45,30.9,144600,216.6,24.5,174532,389002,938940,1581561
30.9,228.6,75.9,447297,186.7,7.59,0.9,40.2,Mbeya,2,2009,6,Hot,1,0,4,76,29,45,30.9,144600,162.2,30.4,1581561,1049836,639332,1397797
24.5,28.3,45.2,164235,154.2,7.47,4.48,64.9,Mbeya,3,2009,6,Rainy,1,0,4,76,29,45,30.9,144600,39.8,24.9,1397797,174532,1287683,577336
33.2,16.6,53.7,192723,107.7,8.31,0.51,53.8,Mbeya,4,2009,2,Rainy,0,0,4,76,29,45,30.9,144600,17.0,33.6,577336,1581561,389002,595565
22.5,46.2,53.9,315471,192.8,7.81,2.4,73.6,Mbeya,5,2009,4,Rainy,0,0,4,76,29,45,30.9,144600,27.8,23.5,595565,1397797,1049836,940833
26.9,126.7,93.3,315577,104.7,8.27,4.6,49.7,Mbeya,6,2009,0,Dry,0,0,4,76,29,45,30.9,144600,159.6,27.7,940833,577336,174532,978820
21.2,57.5,53.1,133564,81.4,7.0,1.23,11.7,Mbeya,7,2009,2,Dry,0,0,4,76,29,45,30.9,144600,29.4,21.3,978820,595565,1581561,451566
23.1,158.2,93.5,327343,92.4,6.57,1.21,13.1,Mbeya,8,2009,5,Dry,1,0,4,76,29,45,30.9,144600,108.9,23.4,451566,940833,1397797,1045002
32.7,217.9,81.0,491096,170.1,7.68,4.27,18.0,Mbeya,9,2009,1,Dry,0,0,4,76,29,45,30.9,144600,325.7,33.1,1045002,978820,577336,1270666
21.8,88.1,93.4,330806,76.8,8.46,1.42,62.9,Mbeya,10,2009,3,Dry,0,0,4,76,29,45,30.9,144600,101.1,21.4,1270666,451566,595565,1051620
26.5,8.2,62.8,124949,67.4,8.19,4.0,62.6,Mbeya,11,2009,6,Rainy,1,0,4,76,29,45,30.9,144600,12.1,26.1,1051620,1045002,940833,516672
23.9,18.9,74.0,435136,131.0,7.08,2.51,32.7,Mbeya,12,2009,1,Short Rains,0,0,4,76,29,45,30.9,144600,26.7,24.9,516672,1270666,978820,1380828
29.9,195.9,76.3,108634,94.3,7.31,4.81,71.4,Mbeya,1,2010,4,Hot,0,0,4,76,29,45,30.9,144600,158.9,31.2,1380828,1051620,451566,422329
30.4,56.1,42.7,397771,70.5,7.27,2.82,45.3,Mbeya,2,2010,0,Hot,0,0,4,76,29,45,30.9,144600,79.8,30.9,422329,516672,1045002,1262050
28.1,11.1,45.6,391714,139.3,6.54,4.18,22.2,Mbeya,3,2010,0,Rainy,0,0,4,76,29,45,30.9,144600,8.2,27.5,1262050,1380828,1270666,1129466
31.6,84.2,52.5,458035,12.8,7.93,4.46,57.0,Mbeya,4,2010,3,Rainy,0,0,4,76,29,45,30.9,144600,118.8,32.9,1129466,422329,1051620,1832777
26.8,241.9,65.2,203385,72.4,7.32,3.24,10.9,Mbeya,5,2010,5,Rainy,1,0,4,76,29,45,30.9,144600,154.6,26.0,1832777,1262050,516672,686101
34.2,154.5,70.9,363336,168.8,6.78,1.38,64.6,Mbeya,6,2010,1,Dry,0,0,4,76,29,45,30.9,144600,115.7,35.0,686101,1129466,1380828,1360041
31.4,184.8,45.1,56750,182.7,6.67,0.59,27.9,Mbeya,7,2010,3,Dry,0,0,4,76,29,45,30.9,144600,221.4,32.1,1360041,1832777,422329,161303
28.6,265.5,58.9,396663,105.9,8.4,1.81,43.0,Mbeya,8,2010,6,Dry,1,0,4,76,29,45,30.9,144600,147.1,29.7,161303,686101,1262050,1060703
28.4,264.1,50.8,429842,92.2,7.93,1.56,32.9,Mbeya,9,2010,2,Dry,0,0,4,76,29,45,30.9,144600,339.0,27.1,1060703,1360041,1129466,1645678
35.0,161.3,76.9,146078,155.8,7.06,4.63,59.2,Mbeya,10,2010,4,Dry,0,0,4,76,29,45,30.9,144600,231.0,35.2,1645678,161303,1832777,496885
33.5,121.2,67.0,77602,82.4,7.29,4.98,97.5,Mbeya,11,2010,0,Rainy,0,0,4,76,29,45,30.9,144600,79.1,32.0,496885,1060703,686101,253126
34.9,180.9,42.7,55120,99.4,7.77,4.52,56.8,Mbeya,12,2010,2,Short Rains,0,0,4,76,29,45,30.9,144600,110.3,34.0,253126,1645678,1360041,159721
29.5,58.0,73.4,145827,109.2,6.66,2.11,91.9,Mbeya,1,2011,5,Hot,1,0,4,76,29,45,30.9,144600,37.0,29.7,159721,496885,161303,625621
32.8,234.6,64.4,276800,78.5,6.7,1.48,32.4,Mbeya,2,2011,1,Hot,0,0,4,76,29,45,30.9,144600,183.9,31.8,625621,253126,1060703,971633
32.5,246.1,42.7,388885,97.8,7.08,1.31,78.6,Mbeya,3,2011,1,Rainy,0,1,4,76,29,45,30.9,144600,217.2,31.3,971633,159721,1645678,1041105
21.7,282.3,92.6,312969,77.3,6.59,0.5,94.2,Mbeya,4,2011,4,Rainy,0,0,4,76,29,45,30.9,144600,275.4,21.3,1041105,625621,496885,884077
31.1,184.2,93.7,74445,186.5,7.11,4.15,11.6,Mbeya,5,2011,6,Rainy,1,0,4,76,29,45,30.9,144600,221.6,30.8,884077,971633,253126,235519
33.2,289.7,64.2,464960,70.7,7.07,1.59,85.2,Mbeya,6,2011,2,Dry,0,0,4,76,29,45,30.9,144600,256.9,34.3,235519,1041105,159721,1685224
31.9,151.3,84.3,209171,96.0,8.19,4.48,46.5,Mbeya,7,2011,4,Dry,0,0,4,76,29,45,30.9,144600,90.8,31.7,1685224,884077,625621,731936
23.7,186.3,48.7,205277,32.9,8.35,1.92,15.9,Mbeya,8,2011,0,Dry,0,0,4,76,29,45,30.9,144600,183.1,24.2,731936,235519,971633,646524
28.3,67.2,51.2,150435,46.8,7.61,0.93,79.7,Mbeya,9,2011,3,Dry,0,0,4,76,29,45,30.9,144600,89.5,28.2,646524,1685224,1041105,652037
30.6,118.7,94.8,209069,95.5,7.1,1.35,27.2,Mbeya,10,2011,5,Dry,1,0,4,76,29,45,30.9,144600,160.9,31.9,652037,731936,884077,655271
22.0,280.4,53.6,218691,153.7,8.32,3.13,63.7,Mbeya,11,2011,1,Rainy,0,0,4,76,29,45,30.9,144600,303.4,22.2,655271,646524,235519,526637
23.2,160.7,53.4,160239,123.6,7.51,0.64,57.0,Mbeya,12,2011,3,Short Rains,0,0,4,76,29,45,30.9,144600,87.6,23.6,526637,652037,1685224,550314
20.9,62.9,77.4,173652,157.2,8.24,3.85,35.9,Mbeya,1,2012,6,Hot,1,0,4,76,29,45,30.9,144600,87.4,20.6,550314,655271,731936,541574
28.5,270.4,69.0,398711,112.2,6.71,4.03,80.6,Mbeya,2,2012,2,Hot,0,0,4,76,29,45,30.9,144600,318.9,28.2,541574,526637,646524,959412
31.3,114.8,68.4,442209,177.3,7.83,2.97,61.4,Mbeya,3,2012,3,Rainy,0,0,4,76,29,45,30.9,144600,96.5,30.7,959412,550314,652037,1708046
29.0,54.6,54.4,391422,10.7,6.53,2.93,73.2,Mbeya,4,2012,6,Rainy,1,0,4,76,29,45,30.9,144600,38.1,30.2,1708046,541574,655271,1587835
21.9,151.4,78.3,258428,61.9,6.77,4.17,97.8,Mbeya,5,2012,1,Rainy,0,0,4,76,29,45,30.9,144600,126.6,22.9,1587835,959412,526637,693516
23.9,13.4,74.5,122113,83.9,6.54,1.65,26.8,Mbeya,6,2012,4,Dry,0,0,4,76,29,45,30.9,144600,10.0,23.9,693516,1708046,550314,421958
33.8,183.5,66.5,476223,105.2,6.94,2.64,70.4,Mbeya,7,2012,6,Dry,1,0,4,76,29,45,30.9,144600,156.3,33.6,421958,1587835,541574,1614598
30.1,183.9,83.2,483936,162.3,6.59,2.63,70.5,Mbeya,8,2012,2,Dry,0,0,4,76,29,45,30.9,144600,275.6,30.9,1614598,693516,959412,1387359
29.5,98.1,87.8,392444,42.9,7.08,1.28,90.0,Mbeya,9,2012,5,Dry,1,0,4,76,29,45,30.9,144600,82.5,30.0,1387359,421958,1708046,1112933
25.0,165.1,77.3,460209,124.9,7.71,1.56,19.6,Mbeya,10,2012,0,Dry,0,1,4,76,29,45,30.9,144600,179.8,23.8,1112933,1614598,1587835,1671557
30.6,292.1,77.5,367178,133.7,7.41,2.22,16.5,Mbeya,11,2012,3,Rainy,0,1,4,76,29,45,30.9,144600,308.3,29.3,1671557,1387359,693516,966134
33.0,207.8,90.9,485441,111.8,7.3,1.56,28.7,Mbeya,12,2012,5,Short Rains,1,0,4,76,29,45,30.9,144600,235.6,33.1,966134,1112933,421958,1522918
33.2,43.1,71.9,376468,114.2,6.81,1.85,47.3,Mbeya,1,2013,1,Hot,0,0,4,76,29,45,30.9,144600,31.7,34.2,1522918,1671557,1614598,1482774
21.7,21.6,87.9,152757,52.7,8.24,1.91,62.4,Mbeya,2,2013,4,Hot,0,0,4,76,29,45,30.9,144600,11.4,21.2,1482774,966134,1387359,500270
28.4,248.6,85.8,340248,140.1,7.97,3.24,37.8,Mbeya,3,2013,4,Rainy,0,1,4,76,29,45,30.9,144600,146.6,28.4,500270,1522918,1112933,978652
29.3,278.9,59.3,173565,16.1,6.74,1.59,27.8,Mbeya,4,2013,0,Rainy,0,0,4,76,29,45,30.9,144600,152.8,29.0,978652,1482774,1671557,464805
24.8,63.3,66.2,436139,25.0,6.59,3.48,14.1,Mbeya,5,2013,2,Rainy,0,0,4,76,29,45,30.9,144600,67.2,23.9,464805,500270,966134,1481105
22.1,110.8,64.5,132375,25.4,7.07,4.48,12.8,Mbeya,6,2013,5,Dry,1,0,4,76,29,45,30.9,144600,111.1,21.3,1481105,978652,1522918,395709
28.1,257.7,87.2,428550,43.8,6.73,4.88,33.6,Mbeya,7,2013,0,Dry,0,0,4,76,29,45,30.9,144600,266.2,28.3,395709,464805,1482774,1197855
34.4,156.4,92.7,304950,133.9,7.88,2.49,43.8,Mbeya,8,2013,3,Dry,0,0,4,76,29,45,30.9,144600,189.4,34.5,1197855,1481105,500270,877393
22.7,93.7,58.6,219803,72.6,7.0,0.58,74.3,Mbeya,9,2013,6,Dry,1,0,4,76,29,45,30.9,144600,137.6,21.9,877393,395709,978652,739003
27.7,67.9,52.2,505832,20.2,7.19,0.72,92.8,Mbeya,10,2013,1,Dry,0,0,4,76,29,45,30.9,144600,74.3,26.6,739003,1197855,464805,1432282
26.3,100.6,91.8,323582,26.9,7.25,1.18,57.0,Mbeya,11,2013,4,Rainy,0,0,4,76,29,45,30.9,144600,86.8,27.1,1432282,877393,1481105,1240090
30.9,202.1,71.0,81648,187.5,8.28,3.27,11.4,Mbeya,12,2013,6,Short Rains,1,0,4,76,29,45,30.9,144600,271.7,32.2,1240090,739003,395709,297616
23.4,128.8,72.3,339187,28.7,7.41,0.57,95.2,Mbeya,1,2014,2,Hot,0,0,4,76,29,45,30.9,144600,158.0,24.4,297616,1432282,1197855,1178995
22.9,101.7,41.9,351756,20.6,6.76,1.45,29.9,Mbeya,2,2014,5,Hot,1,1,4,76,29,45,30.9,144600,91.3,23.2,1178995,1240090,877393,1393974
27.5,60.2,65.4,216309,187.9,8.09,4.61,35.9,Mbeya,3,2014,5,Rainy,1,0,4,76,29,45,30.9,144600,76.0,27.6,1393974,297616,739003,808522
25.6,15.5,67.0,63586,53.2,6.79,4.59,50.9,Mbeya,4,2014,1,Rainy,0,0,4,76,29,45,30.9,144600,12.0,25.0,808522,1178995,1432282,260581
25.0,241.0,88.3,258527,183.4,7.17,3.35,29.7,Mbeya,5,2014,3,Rainy,0,0,4,76,29,45,30.9,144600,153.5,25.5,260581,1393974,1240090,672627
29.4,115.1,55.4,344797,198.4,8.31,1.68,91.6,Mbeya,6,2014,6,Dry,1,0,4,76,29,45,30.9,144600,142.8,29.5,672627,808522,297616,906449
25.9,211.9,59.2,280724,171.1,7.31,0.54,46.7,Mbeya,7,2014,1,Dry,0,0,4,76,29,45,30.9,144600,288.6,27.2,906449,260581,1178995,697231
24.7,262.4,55.0,243472,45.1,7.19,2.3,31.4,Mbeya,8,2014,4,Dry,0,0,4,76,29,45,30.9,144600,341.5,23.8,697231,672627,1393974,624224
24.2,66.9,76.2,288022,148.8,7.52,4.06,74.8,Mbeya,9,2014,0,Dry,0,0,4,76,29,45,30.9,144600,36.3,23.5,624224,906449,808522,1045420
32.6,191.0,45.0,69750,116.0,6.8,3.14,97.9,Mbeya,10,2014,2,Dry,0,0,4,76,29,45,30.9,144600,255.8,31.4,1045420,697231,260581,251355
34.5,44.3,49.1,273290,161.9,7.22,3.98,63.0,Mbeya,11,2014,5,Rainy,1,0,4,76,29,45,30.9,144600,43.9,35.6,251355,624224,672627,918336
25.2,167.3,93.3,103377,53.1,8.43,1.84,88.6,Mbeya,12,2014,0,Short Rains,0,0,4,76,29,45,30.9,144600,213.2,25.4,918336,1045420,906449,397889
23.9,193.7,78.7,305911,53.3,7.63,1.45,45.6,Mbeya,1,2015,3,Hot,0,0,4,76,29,45,30.9,144600,227.3,24.0,397889,251355,697231,1105905
34.8,115.0,71.5,237683,73.1,7.68,1.38,37.2,Mbeya,2,2015,6,Hot,1,0,4,76,29,45,30.9,144600,136.5,35.7,1105905,918336,624224,666597
25.1,209.9,91.2,323070,13.4,8.4,4.12,20.5,Mbeya,3,2015,6,Rainy,1,0,4,76,29,45,30.9,144600,282.6,25.3,666597,397889,1045420,1043244
22.7,273.5,94.9,428713,78.2,6.78,3.22,47.7,Mbeya,4,2015,2,Rainy,0,0,4,76,29,45,30.9,144600,270.8,23.6,1043244,1105905,251355,1190564
27.4,90.7,52.8,433862,76.8,7.29,3.84,59.1,Mbeya,5,2015,4,Rainy,0,0,4,76,29,45,30.9,144600,115.0,26.7,1190564,666597,918336,1313612
33.0,284.6,92.5,226872,41.5,7.64,1.69,44.0,Mbeya,6,2015,0,Dry,0,0,4,76,29,45,30.9,144600,268.5,32.3,1313612,1043244,397889,762895
28.2,178.0,86.6,468906,113.2,6.53,4.11,84.4,Mbeya,7,2015,2,Dry,0,0,4,76,29,45,30.9,144600,258.5,28.6,762895,1190564,1105905,1615866
21.8,130.1,46.4,300828,153.6,7.7,3.15,79.0,Mbeya,8,2015,5,Dry,1,0,4,76,29,45,30.9,144600,153.6,22.0,1615866,1313612,666597,923052
24.4,220.9,60.6,240871,15.9,8.4,3.99,54.2,Mbeya,9,2015,1,Dry,0,0,4,76,29,45,30.9,144600,233.3,25.2,923052,762895,1043244,832078
32.6,214.1,88.1,364208,117.7,8.24,4.96,97.2,Mbeya,10,2015,3,Dry,0,0,4,76,29,45,30.9,144600,236.3,31.6,832078,1615866,1190564,1148990
32.1,74.7,90.5,164038,133.2,6.56,4.14,35.4,Mbeya,11,2015,6,Rainy,1,0,4,76,29,45,30.9,144600,93.9,32.3,1148990,923052,1313612,567592
31.4,124.3,57.7,346574,10.7,7.35,3.06,55.4,Mbeya,12,2015,1,Short Rains,0,0,4,76,29,45,30.9,144600,110.4,32.6,567592,832078,762895,1268487
28.6,209.3,83.3,76745,97.9,7.09,4.49,64.2,Mbeya,1,2016,4,Hot,0,0,4,76,29,45,30.9,144600,250.6,29.5,1268487,1148990,1615866,276816
24.7,89.0,81.0,435385,84.1,6.7,1.43,75.5,Mbeya,2,2016,0,Hot,0,0,4,76,29,45,30.9,144600,115.5,24.4,276816,567592,923052,1230855
33.6,94.4,55.3,426925,166.8,8.44,4.72,81.2,Mbeya,3,2016,1,Rainy,0,0,4,76,29,45,30.9,144600,66.7,33.4,1230855,1268487,832078,1706699
34.9,45.8,59.7,326194,56.9,7.84,0.65,92.8,Mbeya,4,2016,4,Rainy,0,0,4,76,29,45,30.9,144600,39.0,35.4,1706699,276816,1148990,1171447
25.6,130.5,62.7,511405,85.0,8.16,3.96,78.0,Mbeya,5,2016,6,Rainy,1,0,4,76,29,45,30.9,144600,70.7,26.8,1171447,1230855,567592,2035816
33.4,23.6,74.1,454506,156.2,7.2,1.98,84.5,Mbeya,6,2016,2,Dry,0,0,4,76,29,45,30.9,144600,20.9,33.5,2035816,1706699,1268487,1842657
25.0,15.1,50.0,489021,188.4,6.7,3.44,77.9,Mbeya,7,2016,4,Dry,0,0,4,76,29,45,30.9,144600,12.0,25.6,1842657,1171447,276816,1963500
22.2,198.2,66.3,212706,175.7,6.87,0.75,91.6,Mbeya,8,2016,0,Dry,0,0,4,76,29,45,30.9,144600,270.2,22.4,1963500,2035816,1230855,631682
32.2,80.5,86.1,174261,86.0,7.8,2.15,42.1,Mbeya,9,2016,3,Dry,0,0,4,76,29,45,30.9,144600,115.6,32.4,631682,1842657,1706699,495350
32.7,16.8,77.8,232089,138.3,8.08,2.19,33.9,Mbeya,10,2016,5,Dry,1,0,4,76,29,45,30.9,144600,11.3,31.4,495350,1963500,1171447,673704
20.7,278.7,67.3,480201,32.5,7.03,2.91,45.9,Mbeya,11,2016,1,Rainy,0,0,4,76,29,45,30.9,144600,159.6,19.7,673704,631682,2035816,1761972
24.6,229.7,82.7,249665,81.3,7.57,1.22,62.7,Mbeya,12,2016,3,Short Rains,0,1,4,76,29,45,30.9,144600,182.0,24.5,1761972,495350,1842657,757160
23.9,123.6,79.3,367234,78.9,7.57,2.26,70.2,Mbeya,1,2017,6,Hot,1,0,4,76,29,45,30.9,144600,140.5,23.1,757160,673704,1963500,1085975
26.7,128.2,56.6,515218,65.9,8.21,4.94,55.9,Mbeya,2,2017,2,Hot,0,0,4,76,29,45,30.9,144600,133.7,26.7,1085975,1761972,631682,1444422
20.4,180.0,75.1,513899,76.4,7.32,2.01,77.2,Mbeya,3,2017,2,Rainy,0,0,4,76,29,45,30.9,144600,240.3,19.6,1444422,757160,495350,1679018
30.5,41.9,54.9,466940,64.3,7.22,4.57,58.2,Mbeya,4,2017,5,Rainy,1,0,4,76,29,45,30.9,144600,46.2,29.5,1679018,1085975,673704,1506442
24.0,122.3,50.9,269701,19.3,7.7,3.16,28.7,Mbeya,5,2017,0,Rainy,0,0,4,76,29,45,30.9,144600,79.7,24.6,1506442,1444422,1761972,855188
29.7,285.4,91.8,196962,164.4,7.0,3.83,15.6,Mbeya,6,2017,3,Dry,0,0,4,76,29,45,30.9,144600,239.9,30.0,855188,1679018,757160,567586
26.9,116.8,86.1,372281,117.4,7.61,2.51,11.5,Mbeya,7,2017,5,Dry,1,0,4,76,29,45,30.9,144600,64.2,27.8,567586,1506442,1085975,1075528
31.9,38.8,54.2,413651,109.2,7.08,0.74,23.9,Mbeya,8,2017,1,Dry,0,0,4,76,29,45,30.9,144600,57.4,31.7,1075528,855188,1444422,1188031
24.3,213.7,63.4,508262,75.5,7.35,1.04,89.6,Mbeya,9,2017,4,Dry,0,0,4,76,29,45,30.9,144600,180.0,24.5,1188031,567586,1679018,1819374
29.9,191.4,42.7,81496,151.7,7.47,4.06,27.4,Mbeya,10,2017,6,Dry,1,0,4,76,29,45,30.9,144600,265.0,30.4,1819374,1075528,1506442,219197
28.0,148.4,65.6,269080,81.0,7.92,1.86,75.0,Mbeya,11,2017,2,Rainy,0,0,4,76,29,45,30.9,144600,206.1,26.8,219197,1188031,855188,711117
31.4,278.4,85.0,129937,24.3,6.73,2.78,99.7,Mbeya,12,2017,4,Short Rains,0,0,4,76,29,45,30.9,144600,329.3,31.7,711117,1819374,567586,352981
33.8,295.8,89.0,347741,172.5,6.85,1.91,89.1,Mbeya,1,2018,0,Hot,0,0,4,76,29,45,30.9,144600,382.3,33.7,352981,219197,1075528,1325241
29.1,216.4,51.8,288173,165.5,8.0,1.97,15.9,Mbeya,2,2018,3,Hot,0,0,4,76,29,45,30.9,144600,322.0,27.8,1325241,711117,1188031,964868
23.9,293.9,48.2,134292,106.7,8.16,3.5,35.7,Mbeya,3,2018,3,Rainy,0,0,4,76,29,45,30.9,144600,149.0,24.0,964868,352981,1819374,359485
32.3,5.9,65.5,369986,42.4,7.64,1.26,61.5,Mbeya,4,2018,6,Rainy,1,0,4,76,29,45,30.9,144600,5.3,31.1,359485,1325241,219197,1559266
21.2,268.3,78.9,159270,49.1,8.49,3.96,39.2,Mbeya,5,2018,1,Rainy,0,0,4,76,29,45,30.9,144600,316.4,20.9,1559266,964868,711117,385185
30.7,91.8,82.4,260208,32.5,6.6,1.46,30.5,Mbeya,6,2018,4,Dry,0,0,4,76,29,45,30.9,144600,48.3,30.4,385185,359485,352981,1051254
32.7,22.7,66.1,253082,173.9,7.93,4.93,27.0,Mbeya,7,2018,6,Dry,1,0,4,76,29,45,30.9,144600,24.8,31.4,1051254,1559266,1325241,1088795
20.6,150.6,91.6,400182,91.5,8.4,4.0,10.9,Mbeya,8,2018,2,Dry,0,0,4,76,29,45,30.9,144600,175.6,20.8,1088795,385185,964868,1544214
32.3,231.0,76.4,219069,152.4,7.15,0.81,88.9,Mbeya,9,2018,5,Dry,1,0,4,76,29,45,30.9,144600,246.1,33.4,1544214,1051254,359485,633287
25.3,258.7,90.4,331494,136.9,8.17,1.53,27.7,Mbeya,10,2018,0,Dry,0,0,4,76,29,45,30.9,144600,156.4,24.5,633287,1088795,1559266,1080582
29.5,65.8,41.1,153302,100.3,7.83,1.79,29.2,Mbeya,11,2018,3,Rainy,0,0,4,76,29,45,30.9,144600,70.0,30.0,1080582,1544214,385185,623643
24.5,62.1,60.9,78537,148.5,8.49,4.3,87.2,Mbeya,12,2018,5,Short Rains,1,0,4,76,29,45,30.9,144600,82.8,24.3,623643,633287,1051254,324804
20.1,93.4,57.2,430473,73.8,8.09,1.77,51.2,Mbeya,1,2019,1,Hot,0,0,4,76,29,45,30.9,144600,69.5,20.2,324804,1080582,1088795,1639563
34.8,100.4,47.8,333731,139.0,6.98,4.58,46.5,Mbeya,2,2019,4,Hot,0,0,4,76,29,45,30.9,144600,98.5,34.4,1639563,623643,1544214,921387
28.9,177.0,66.6,132249,111.0,7.52,2.49,49.2,Mbeya,3,2019,4,Rainy,0,0,4,76,29,45,30.9,144600,235.6,28.8,921387,324804,633287,451936
21.0,97.0,46.4,78740,166.2,7.76,3.66,40.1,Mbeya,4,2019,0,Rainy,0,1,4,76,29,45,30.9,144600,58.6,21.4,451936,1639563,1080582,295140
29.9,204.0,75.1,462936,14.1,7.97,3.91,20.4,Mbeya,5,2019,2,Rainy,0,0,4,76,29,45,30.9,144600,216.5,29.7,295140,921387,623643,1488087
26.9,109.3,90.3,222397,73.5,7.28,2.49,72.3,Mbeya,6,2019,5,Dry,1,0,4,76,29,45,30.9,144600,71.2,26.1,1488087,451936,324804,787509
22.9,182.0,91.5,258961,57.7,8.12,0.52,90.6,Mbeya,7,2019,0,Dry,0,0,4,76,29,45,30.9,144600,114.5,23.9,787509,295140,1639563,856904
34.8,243.9,69.0,453363,114.9,7.52,4.57,91.7,Mbeya,8,2019,3,Dry,0,0,4,76,29,45,30.9,144600,241.2,35.3,856904,1488087,921387,1424742
32.7,240.4,67.2,346357,66.9,7.36,1.87,30.1,Mbeya,9,2019,6,Dry,1,0,4,76,29,45,30.9,144600,261.9,32.9,1424742,787509,451936,1051271
20.5,203.7,94.9,230808,126.3,6.65,3.96,49.8,Mbeya,10,2019,1,Dry,0,0,4,76,29,45,30.9,144600,182.2,20.0,1051271,856904,295140,717219
32.4,121.8,46.9,212969,43.0,7.38,4.84,50.1,Mbeya,11,2019,4,Rainy,0,0,4,76,29,45,30.9,144600,72.3,32.1,717219,1424742,1488087,726475
33.8,56.1,47.4,337939,126.9,8.39,4.0,24.8,Mbeya,12,2019,6,Short Rains,1,0,4,76,29,45,30.9,144600,30.7,33.1,726475,1051271,787509,1364238
25.1,211.6,59.1,381878,64.1,7.14,1.41,32.7,Mbeya,1,2020,2,Hot,0,0,4,76,29,45,30.9,144600,276.1,24.4,1364238,717219,856904,1073446
26.4,293.5,71.3,350244,77.2,6.51,2.08,34.2,Mbeya,2,2020,5,Hot,1,0,4,76,29,45,30.9,144600,326.3,25.8,1073446,726475,1424742,1098544
27.5,271.6,53.4,149599,16.9,6.62,1.65,11.1,Mbeya,3,2020,6,Rainy,1,0,4,76,29,45,30.9,144600,172.0,26.3,1098544,1364238,1051271,446367
31.5,41.5,75.5,351929,15.5,7.86,2.94,34.4,Mbeya,4,2020,2,Rainy,0,0,4,76,29,45,30.9,144600,56.8,30.7,446367,1073446,717219,1004853
27.0,225.9,91.4,508166,173.1,7.49,4.57,37.9,Mbeya,5,2020,4,Rainy,0,0,4,76,29,45,30.9,144600,168.6,27.9,1004853,1098544,726475,1607997
22.3,247.0,93.7,216107,87.4,6.82,2.27,54.6,Mbeya,6,2020,0,Dry,0,0,4,76,29,45,30.9,144600,223.0,22.1,1607997,446367,1364238,735780
32.7,159.1,91.5,322166,90.1,7.43,1.28,54.0,Mbeya,7,2020,2,Dry,0,0,4,76,29,45,30.9,144600,142.2,31.6,735780,1004853,1073446,1170824
20.5,100.0,40.8,147980,95.9,8.23,2.54,26.3,Mbeya,8,2020,5,Dry,1,0,4,76,29,45,30.9,144600,134.3,20.3,1170824,1607997,1098544,541747
30.1,298.0,44.4,245301,24.2,6.62,4.2,78.7,Mbeya,9,2020,1,Dry,0,0,4,76,29,45,30.9,144600,237.8,30.7,541747,735780,446367,672014
33.2,132.2,77.2,252044,169.1,7.88,4.32,97.7,Mbeya,10,2020,3,Dry,0,0,4,76,29,45,30.9,144600,119.5,34.7,672014,1170824,1004853,853443
26.0,272.2,44.9,150751,103.1,8.44,1.9,34.1,Mbeya,11,2020,6,Rainy,1,0,4,76,29,45,30.9,144600,375.4,25.8,853443,541747,1607997,492257
23.2,278.7,91.2,287898,117.6,8.47,3.2,36.8,Mbeya,12,2020,1,Short Rains,0,0,4,76,29,45,30.9,144600,299.6,23.2,492257,672014,735780,719574
32.1,155.3,42.8,479340,58.7,7.35,4.29,76.3,Mbeya,1,2021,4,Hot,0,0,4,76,29,45,30.9,144600,171.1,30.6,719574,853443,1170824,1839770
31.3,89.2,94.1,217091,170.1,7.72,4.61,12.5,Mbeya,2,2021,0,Hot,0,0,4,76,29,45,30.9,144600,107.0,32.7,1839770,492257,541747,647766
28.4,40.6,51.2,277282,115.9,6.72,2.48,20.6,Mbeya,3,2021,0,Rainy,0,0,4,76,29,45,30.9,144600,29.5,28.6,647766,719574,672014,859806
32.4,195.4,65.5,450369,157.0,7.11,3.96,88.1,Mbeya,4,2021,3,Rainy,0,0,4,76,29,45,30.9,144600,281.2,32.4,859806,1839770,853443,1392584
22.8,74.9,90.0,104666,177.5,6.74,2.51,21.4,Mbeya,5,2021,5,Rainy,1,0,4,76,29,45,30.9,144600,105.1,23.4,1392584,647766,492257,389734
25.0,285.1,77.9,121225,154.4,7.78,1.61,69.7,Mbeya,6,2021,1,Dry,0,0,4,76,29,45,30.9,144600,240.4,24.6,389734,859806,719574,396183
24.8,97.4,76.9,461725,44.1,7.19,1.81,37.9,Mbeya,7,2021,3,Dry,0,0,4,76,29,45,30.9,144600,141.9,25.7,396183,1392584,1839770,1842883
25.3,267.7,75.4,334983,67.0,8.42,1.47,89.0,Mbeya,8,2021,6,Dry,1,0,4,76,29,45,30.9,144600,385.1,24.8,1842883,389734,647766,1145874
23.5,123.9,60.9,238996,49.4,7.38,0.8,90.2,Mbeya,9,2021,2,Dry,0,0,4,76,29,45,30.9,144600,151.9,22.5,1145874,396183,859806,740741
22.7,112.6,79.2,417189,180.2,7.09,4.27,60.3,Mbeya,10,2021,4,Dry,0,0,4,76,29,45,30.9,144600,107.6,22.2,740741,1842883,1392584,1614684
22.0,183.9,72.8,474194,18.9,8.4,4.78,94.3,Mbeya,11,2021,0,Rainy,0,0,4,76,29,45,30.9,144600,210.0,21.8,1614684,1145874,389734,1443422
29.2,201.3,87.8,321057,52.6,8.19,1.0,64.8,Mbeya,12,2021,2,Short Rains,0,0,4,76,29,45,30.9,144600,168.5,28.2,1443422,740741,396183,1195031
31.6,246.0,77.3,408328,104.5,7.17,1.29,91.8,Mbeya,1,2022,5,Hot,1,0,4,76,29,45,30.9,144600,240.5,31.0,1195031,1614684,1842883,1336660
27.7,251.5,57.7,154641,90.3,6.56,4.76,35.1,Mbeya,2,2022,1,Hot,0,0,4,76,29,45,30.9,144600,359.1,29.1,1336660,1443422,1145874,426166
24.3,108.7,59.9,79901,51.5,8.3,3.98,24.0,Mbeya,3,2022,1,Rainy,0,0,4,76,29,45,30.9,144600,89.7,24.0,426166,1195031,740741,299353
23.2,190.7,45.3,342452,131.9,7.21,3.34,52.0,Mbeya,4,2022,4,Rainy,0,0,4,76,29,45,30.9,144600,195.7,23.7,299353,1336660,1614684,1227938
32.7,157.2,87.1,319527,36.3,8.18,1.15,19.6,Mbeya,5,2022,6,Rainy,1,0,4,76,29,45,30.9,144600,128.6,31.3,1227938,426166,1443422,1027669
30.4,267.0,70.7,177354,168.3,7.27,3.88,41.9,Mbeya,6,2022,2,Dry,0,0,4,76,29,45,30.9,144600,327.9,30.9,1027669,299353,1195031,596975
23.4,78.8,86.3,267670,191.1,7.71,4.75,32.6,Mbeya,7,2022,4,Dry,0,0,4,76,29,45,30.9,144600,83.1,23.2,596975,1227938,1336660,963260
29.0,150.6,44.8,329004,71.1,6.75,3.09,95.0,Mbeya,8,2022,0,Dry,0,0,4,76,29,45,30.9,144600,218.5,29.2,963260,1027669,426166,1046374
27.8,49.0,49.6,238597,57.2,7.85,2.78,89.2,Mbeya,9,2022,3,Dry,0,0,4,76,29,45,30.9,144600,34.2,29.1,1046374,596975,299353,833481
33.5,99.8,70.1,306512,152.4,7.88,4.42,16.2,Mbeya,10,2022,5,Dry,1,0,4,76,29,45,30.9,144600,50.4,32.6,833481,963260,1227938,997449
34.7,284.6,47.3,485309,103.6,6.94,0.81,40.4,Mbeya,11,2022,1,Rainy,0,0,4,76,29,45,30.9,144600,350.4,35.9,997449,1046374,1027669,1563177
33.4,260.9,82.9,359373,155.0,8.25,2.5,95.7,Mbeya,12,2022,3,Short Rains,0,0,4,76,29,45,30.9,144600,201.4,33.7,1563177,833481,596975,972141
22.1,64.9,70.5,439290,159.2,6.97,4.68,23.0,Mbeya,1,2023,6,Hot,1,0,4,76,29,45,30.9,144600,48.0,22.9,972141,997449,963260,1793671
33.1,57.9,84.1,151026,94.7,8.18,2.58,20.5,Mbeya,2,2023,2,Hot,0,0,4,76,29,45,30.9,144600,50.4,33.2,1793671,1563177,1046374,464548
34.1,279.8,88.6,436719,171.8,7.0,2.99,11.0,Mbeya,3,2023,2,Rainy,0,0,4,76,29,45,30.9,144600,362.4,33.7,464548,972141,833481,1351122
29.4,276.7,57.6,186592,196.9,7.16,3.97,49.2,Mbeya,4,2023,5,Rainy,1,0,4,76,29,45,30.9,144600,287.9,30.4,1351122,1793671,997449,685172
26.7,54.9,57.5,320918,132.4,7.15,1.52,13.2,Mbeya,5,2023,0,Rainy,0,1,4,76,29,45,30.9,144600,72.8,26.1,685172,464548,1563177,1346612
31.3,62.5,50.5,310878,99.2,7.61,1.37,74.2,Mbeya,6,2023,3,Dry,0,0,4,76,29,45,30.9,144600,74.7,31.9,1346612,1351122,972141,1020832
24.4,267.3,94.0,200842,194.9,7.6,2.53,75.1,Mbeya,7,2023,5,Dry,1,0,4,76,29,45,30.9,144600,313.4,25.3,1020832,685172,1793671,495863
29.5,32.0,58.4,244771,109.8,6.98,1.15,40.8,Mbeya,8,2023,1,Dry,0,0,4,76,29,45,30.9,144600,23.9,28.8,495863,1346612,464548,846660
21.7,292.1,87.4,460262,139.6,6.95,2.39,53.1,Mbeya,9,2023,4,Dry,0,1,4,76,29,45,30.9,144600,390.2,21.1,846660,1020832,1351122,1384850
34.9,148.2,92.2,410890,58.3,7.27,0.73,44.4,Mbeya,10,2023,6,Dry,1,0,4,76,29,45,30.9,144600,116.2,34.7,1384850,495863,685172,1293256
34.5,71.9,72.9,257362,174.5,6.83,3.02,43.9,Mbeya,11,2023,2,Rainy,0,0,4,76,29,45,30.9,144600,53.6,34.9,1293256,846660,1346612,941993
28.6,126.3,67.6,362328,57.3,7.85,1.06,23.7,Mbeya,12,2023,4,Short Rains,0,0,4,76,29,45,30.9,144600,145.3,28.8,941993,1384850,1020832,1435751
33.3,117.0,81.7,282765,138.2,7.41,4.18,39.0,Mbeya,1,2024,0,Hot,0,0,4,76,29,45,30.9,144600,69.8,32.2,1435751,1293256,495863,850241
34.0,166.2,71.4,297839,105.4,6.83,1.68,64.2,Mbeya,2,2024,3,Hot,0,0,4,76,29,45,30.9,144600,125.2,32.4,850241,941993,846660,1007393
34.9,96.5,94.7,192448,65.5,6.53,2.63,70.0,Mbeya,3,2024,4,Rainy,0,0,4,76,29,45,30.9,144600,93.4,34.6,1007393,1435751,1384850,721575
30.4,156.4,68.9,84881,119.2,7.48,4.89,99.4,Mbeya,4,2024,0,Rainy,0,0,4,76,29,45,30.9,144600,201.3,29.2,721575,850241,1293256,329644
26.1,223.8,58.9,325568,117.2,6.54,1.14,86.4,Mbeya,5,2024,2,Rainy,0,0,4,76,29,45,30.9,144600,285.3,27.0,329644,1007393,941993,1263249
25.7,101.7,56.2,401750,158.5,8.36,1.48,54.8,Mbeya,6,2024,5,Dry,1,0,4,76,29,45,30.9,144600,116.3,25.6,1263249,721575,1435751,1156468
29.8,41.5,93.0,284347,196.1,8.22,2.44,71.7,Mbeya,7,2024,0,Dry,0,0,4,76,29,45,30.9,144600,50.2,28.8,1156468,329644,850241,1107210
32.4,164.3,81.0,460338,199.3,7.24,1.39,99.5,Mbeya,8,2024,3,Dry,0,0,4,76,29,45,30.9,144600,98.0,33.7,1107210,1263249,1007393,1207583
25.0,63.0,52.3,163748,161.4,6.66,4.07,48.1,Mbeya,9,2024,6,Dry,1,0,4,76,29,45,30.9,144600,44.8,24.0,1207583,1156468,721575,575726
26.1,122.5,74.2,401215,31.8,6.52,3.32,42.9,Mbeya,10,2024,1,Dry,0,0,4,76,29,45,30.9,144600,80.7,24.9,575726,1107210,329644,1100161
31.3,287.1,68.6,336430,65.7,7.48,2.12,96.1,Mbeya,11,2024,4,Rainy,0,0,4,76,29,45,30.9,144600,428.5,31.4,1100161,1207583,1263249,892994
22.2,39.7,70.8,282600,199.8,6.78,2.5,98.0,Mbeya,12,2024,6,Short Rains,1,0,4,76,29,45,30.9,144600,39.4,22.3,892994,575726,1156468,1026130
24.2,294.1,94.2,481984,85.1,6.91,3.09,48.5,Morogoro,1,2005,5,Hot,1,0,5,27,67,17,16.4,66143,406.6,25.2,1450302,1265068,1477756,1365576
28.1,250.8,77.8,305569,110.5,7.51,4.79,39.4,Morogoro,2,2005,1,Hot,0,0,5,27,67,17,16.4,66143,257.9,28.3,1365576,1198539,1480258,1254884
31.6,180.1,91.2,460224,164.8,8.25,2.89,69.6,Morogoro,3,2005,1,Rainy,0,0,5,27,67,17,16.4,66143,159.0,31.1,1254884,1787221,1445196,1721391
23.0,39.6,65.3,191965,46.6,8.2,3.87,76.6,Morogoro,4,2005,4,Rainy,0,0,5,27,67,17,16.4,66143,45.5,22.7,1721391,1365576,833626,730770
28.5,174.6,57.1,173446,110.3,7.79,2.34,45.0,Morogoro,5,2005,6,Rainy,1,0,5,27,67,17,16.4,66143,223.1,29.5,730770,1254884,534483,571386
28.4,27.7,68.9,285592,33.7,7.68,4.76,15.2,Morogoro,6,2005,2,Dry,0,0,5,27,67,17,16.4,66143,21.2,28.4,571386,1721391,1071407,1333338
27.1,13.5,79.2,112765,73.7,8.02,3.91,26.6,Morogoro,7,2005,4,Dry,0,0,5,27,67,17,16.4,66143,16.7,28.0,1333338,730770,1365576,639276
32.9,259.5,65.8,299589,173.2,7.31,0.93,65.6,Morogoro,8,2005,0,Dry,0,0,5,27,67,17,16.4,66143,179.2,34.4,639276,571386,1254884,1154845
33.7,29.3,88.3,208010,23.1,8.03,4.12,98.2,Morogoro,9,2005,3,Dry,0,0,5,27,67,17,16.4,66143,36.5,32.4,1154845,1333338,1721391,772702
26.2,6.6,42.0,415993,14.8,7.97,2.94,37.1,Morogoro,10,2005,5,Dry,1,0,5,27,67,17,16.4,66143,4.3,27.2,772702,639276,730770,1654240
34.8,16.2,52.5,140114,108.1,6.81,4.34,61.6,Morogoro,11,2005,1,Rainy,0,0,5,27,67,17,16.4,66143,19.0,35.2,1654240,1154845,571386,678907
29.5,259.3,61.5,84350,114.2,8.28,0.92,17.3,Morogoro,12,2005,3,Short Rains,0,0,5,27,67,17,16.4,66143,368.3,29.3,678907,772702,1333338,406512
21.4,65.5,70.2,128010,74.8,7.09,1.49,58.9,Morogoro,1,2006,6,Hot,1,0,5,27,67,17,16.4,66143,90.9,21.2,406512,1654240,639276,562368
30.9,229.1,90.7,428955,57.6,7.56,4.55,88.6,Morogoro,2,2006,2,Hot,0,0,5,27,67,17,16.4,66143,233.5,30.9,562368,678907,1154845,1260950
34.1,9.9,48.5,51773,150.6,7.2,2.92,78.0,Morogoro,3,2006,2,Rainy,0,0,5,27,67,17,16.4,66143,12.6,34.8,1260950,406512,772702,387468
31.6,179.8,60.4,294066,63.4,8.0,1.83,23.7,Morogoro,4,2006,5,Rainy,1,0,5,27,67,17,16.4,66143,206.8,31.7,387468,562368,1654240,1257364
29.9,0.5,83.2,86528,19.3,8.3,2.39,23.5,Morogoro,5,2006,0,Rainy,0,0,5,27,67,17,16.4,66143,0.4,28.8,1257364,1260950,678907,472715
26.3,289.9,42.4,322329,66.2,6.58,3.18,78.3,Morogoro,6,2006,3,Dry,0,0,5,27,67,17,16.4,66143,199.5,27.5,472715,387468,406512,1170791
32.7,153.7,87.8,316513,119.6,6.71,2.9,13.2,Morogoro,7,2006,5,Dry,1,0,5,27,67,17,16.4,66143,119.0,32.4,1170791,1257364,562368,1400614
24.7,8.1,94.6,402719,177.2,8.3,2.98,16.9,Morogoro,8,2006,1,Dry,0,1,5,27,67,17,16.4,66143,11.1,25.8,1400614,472715,1260950,1243609
34.1,146.2,54.7,327103,36.9,7.76,1.89,27.7,Morogoro,9,2006,4,Dry,0,0,5,27,67,17,16.4,66143,165.1,33.4,1243609,1170791,387468,1272846
24.7,106.2,86.9,214776,17.4,6.66,4.99,34.6,Morogoro,10,2006,6,Dry,1,0,5,27,67,17,16.4,66143,124.5,24.4,1272846,1400614,1257364,740269
25.5,148.1,42.3,459813,19.7,6.93,2.22,82.0,Morogoro,11,2006,2,Rainy,0,0,5,27,67,17,16.4,66143,205.5,26.5,740269,1243609,472715,1828344
24.0,39.9,48.9,449161,167.2,8.44,1.37,59.4,Morogoro,12,2006,4,Short Rains,0,0,5,27,67,17,16.4,66143,27.0,24.1,1828344,1272846,1170791,1757184
28.8,282.6,79.2,270778,113.4,6.65,4.74,77.6,Morogoro,1,2007,0,Hot,0,0,5,27,67,17,16.4,66143,166.2,28.2,1757184,740269,1400614,1018402
23.5,265.2,62.7,354804,45.7,8.48,2.84,25.0,Morogoro,2,2007,3,Hot,0,0,5,27,67,17,16.4,66143,251.4,24.5,1018402,1828344,1243609,1121363
20.1,2.7,62.6,471581,154.3,7.0,1.55,26.3,Morogoro,3,2007,3,Rainy,0,0,5,27,67,17,16.4,66143,3.8,19.8,1121363,1757184,1272846,1631073
23.9,65.6,59.1,250820,46.2,7.44,2.76,14.8,Morogoro,4,2007,6,Rainy,1,0,5,27,67,17,16.4,66143,43.2,22.8,1631073,1018402,740269,822343
26.1,122.8,74.3,78667,36.9,7.0,2.92,52.7,Morogoro,5,2007,1,Rainy,0,0,5,27,67,17,16.4,66143,150.5,27.4,822343,1121363,1828344,351642
24.4,47.0,82.3,138968,15.3,7.92,1.51,55.8,Morogoro,6,2007,4,Dry,0,0,5,27,67,17,16.4,66143,67.6,24.2,351642,1631073,1757184,563800
30.3,221.3,62.5,338250,156.9,8.0,4.37,75.6,Morogoro,7,2007,6,Dry,1,0,5,27,67,17,16.4,66143,142.2,30.7,563800,822343,1018402,1386697
33.2,172.6,76.5,279645,80.4,7.64,4.55,85.0,Morogoro,8,2007,2,Dry,0,0,5,27,67,17,16.4,66143,129.8,33.6,1386697,351642,1121363,1192031
23.6,124.7,60.8,166745,48.7,6.62,0.97,43.8,Morogoro,9,2007,5,Dry,1,0,5,27,67,17,16.4,66143,165.7,24.7,1192031,563800,1631073,745597
33.4,138.0,64.1,148551,134.6,6.55,2.23,45.2,Morogoro,10,2007,0,Dry,0,0,5,27,67,17,16.4,66143,86.0,33.4,745597,1386697,822343,666323
24.9,263.1,46.2,406764,78.1,7.34,2.78,20.2,Morogoro,11,2007,3,Rainy,0,0,5,27,67,17,16.4,66143,150.6,24.3,666323,1192031,351642,1308697
31.5,298.2,50.5,354743,52.1,7.73,3.96,94.2,Morogoro,12,2007,5,Short Rains,1,0,5,27,67,17,16.4,66143,267.9,30.5,1308697,745597,563800,1447796
26.0,234.2,86.8,469057,27.7,8.15,4.99,47.1,Morogoro,1,2008,1,Hot,0,0,5,27,67,17,16.4,66143,153.6,26.2,1447796,666323,1386697,1878407
34.0,184.8,51.4,321843,185.9,7.66,3.46,68.0,Morogoro,2,2008,4,Hot,0,0,5,27,67,17,16.4,66143,145.3,33.6,1878407,1308697,1192031,1320330
29.1,19.5,81.8,164495,92.5,7.92,4.95,65.0,Morogoro,3,2008,5,Rainy,1,0,5,27,67,17,16.4,66143,25.7,28.0,1320330,1447796,745597,701889
32.0,178.6,94.7,157639,82.7,6.66,4.5,65.1,Morogoro,4,2008,1,Rainy,0,0,5,27,67,17,16.4,66143,246.7,33.5,701889,1878407,666323,698491
26.7,179.9,74.2,373800,123.3,6.67,1.67,66.0,Morogoro,5,2008,3,Rainy,0,0,5,27,67,17,16.4,66143,109.2,27.4,698491,1320330,1308697,1346520
26.5,33.7,81.0,449034,159.1,7.85,4.27,72.4,Morogoro,6,2008,6,Dry,1,0,5,27,67,17,16.4,66143,38.3,26.1,1346520,701889,1447796,1441019
30.2,150.7,74.9,487599,157.6,6.59,2.54,59.1,Morogoro,7,2008,1,Dry,0,0,5,27,67,17,16.4,66143,223.5,31.2,1441019,698491,1878407,1761525
31.6,43.8,56.0,436463,188.3,8.11,1.58,40.9,Morogoro,8,2008,4,Dry,0,0,5,27,67,17,16.4,66143,36.6,30.6,1761525,1346520,1320330,1837201
28.8,78.3,85.6,172296,50.1,7.91,3.58,42.2,Morogoro,9,2008,0,Dry,0,0,5,27,67,17,16.4,66143,67.9,27.6,1837201,1441019,701889,694428
25.3,167.4,42.9,268531,149.8,6.77,4.84,31.2,Morogoro,10,2008,2,Dry,0,0,5,27,67,17,16.4,66143,239.1,24.5,694428,1761525,698491,940255
33.4,124.6,77.5,369022,187.4,7.03,3.53,84.1,Morogoro,11,2008,5,Rainy,1,0,5,27,67,17,16.4,66143,166.4,34.2,940255,1837201,1346520,1259044
25.5,180.8,76.3,202131,29.0,7.05,3.96,31.6,Morogoro,12,2008,0,Short Rains,0,0,5,27,67,17,16.4,66143,176.3,24.9,1259044,694428,1441019,790919
24.6,105.2,86.9,315247,167.3,6.97,0.94,32.1,Morogoro,1,2009,3,Hot,0,0,5,27,67,17,16.4,66143,132.0,24.3,790919,940255,1761525,1039788
26.9,9.3,41.7,60359,157.6,6.87,4.26,22.8,Morogoro,2,2009,6,Hot,1,0,5,27,67,17,16.4,66143,5.6,27.1,1039788,1259044,1837201,360181
26.0,154.5,50.4,202763,143.7,8.44,2.76,14.7,Morogoro,3,2009,6,Rainy,1,0,5,27,67,17,16.4,66143,153.7,25.9,360181,790919,694428,670952
20.8,72.0,67.8,430902,148.9,7.83,3.01,21.2,Morogoro,4,2009,2,Rainy,0,0,5,27,67,17,16.4,66143,46.4,21.0,670952,1039788,940255,1745112
33.8,88.9,59.0,73647,170.9,8.44,1.54,59.4,Morogoro,5,2009,4,Rainy,0,0,5,27,67,17,16.4,66143,69.6,32.6,1745112,360181,1259044,422373
28.7,167.4,72.9,393404,36.1,7.28,3.71,68.0,Morogoro,6,2009,0,Dry,0,0,5,27,67,17,16.4,66143,198.0,29.0,422373,670952,790919,1336212
29.2,129.3,48.9,106588,44.9,7.88,1.95,14.6,Morogoro,7,2009,2,Dry,0,0,5,27,67,17,16.4,66143,183.4,30.1,1336212,1745112,1039788,442657
28.6,67.7,48.7,288659,92.9,7.91,2.72,92.2,Morogoro,8,2009,5,Dry,1,0,5,27,67,17,16.4,66143,75.0,29.2,442657,422373,360181,1059393
21.6,198.4,93.3,462587,130.8,6.74,4.14,94.1,Morogoro,9,2009,1,Dry,0,0,5,27,67,17,16.4,66143,231.2,20.7,1059393,1336212,670952,1305414
30.2,6.9,87.0,467906,125.6,7.9,1.23,95.8,Morogoro,10,2009,3,Dry,0,0,5,27,67,17,16.4,66143,9.3,30.8,1305414,442657,1745112,1796744
33.4,93.8,78.3,464904,40.4,7.76,2.47,40.8,Morogoro,11,2009,6,Rainy,1,0,5,27,67,17,16.4,66143,87.8,32.6,1796744,1059393,422373,1448105
26.6,19.5,50.3,194905,25.6,7.83,1.12,75.6,Morogoro,12,2009,1,Short Rains,0,0,5,27,67,17,16.4,66143,14.8,27.9,1448105,1305414,1336212,952473
24.3,292.2,91.4,469391,51.4,7.49,1.3,29.2,Morogoro,1,2010,4,Hot,0,0,5,27,67,17,16.4,66143,400.7,23.7,952473,1796744,442657,1673983
24.8,262.9,90.9,482059,133.6,7.1,3.0,75.6,Morogoro,2,2010,0,Hot,0,0,5,27,67,17,16.4,66143,168.9,24.4,1673983,1448105,1059393,1734189
28.8,271.5,88.4,463713,183.0,6.87,3.26,29.9,Morogoro,3,2010,0,Rainy,0,0,5,27,67,17,16.4,66143,308.6,29.0,1734189,952473,1305414,1721237
28.1,215.1,88.9,487583,87.0,8.42,0.78,51.3,Morogoro,4,2010,3,Rainy,0,0,5,27,67,17,16.4,66143,311.1,28.7,1721237,1673983,1796744,2010090
23.0,80.1,42.3,389215,163.7,8.36,3.16,22.8,Morogoro,5,2010,5,Rainy,1,0,5,27,67,17,16.4,66143,48.7,23.6,2010090,1734189,1448105,1690267
31.0,15.8,66.0,243525,163.3,8.26,3.96,35.7,Morogoro,6,2010,1,Dry,0,0,5,27,67,17,16.4,66143,8.0,31.6,1690267,1721237,952473,978255
21.1,22.0,42.0,258079,173.3,8.02,3.5,68.4,Morogoro,7,2010,3,Dry,0,0,5,27,67,17,16.4,66143,28.4,22.1,978255,2010090,1673983,1028043
25.7,121.7,76.5,415449,174.5,7.6,3.19,25.6,Morogoro,8,2010,6,Dry,1,0,5,27,67,17,16.4,66143,152.0,25.9,1028043,1690267,1734189,1327328
23.6,231.5,53.5,286013,11.4,7.52,2.99,82.9,Morogoro,9,2010,2,Dry,0,0,5,27,67,17,16.4,66143,332.7,23.1,1327328,978255,1721237,1051539
20.9,93.2,62.5,247441,31.8,8.08,2.69,52.6,Morogoro,10,2010,4,Dry,0,0,5,27,67,17,16.4,66143,74.8,21.6,1051539,1028043,2010090,991966
25.7,260.6,64.3,195920,10.1,6.87,4.27,35.2,Morogoro,11,2010,0,Rainy,0,0,5,27,67,17,16.4,66143,262.1,25.6,991966,1327328,1690267,807609
23.7,54.7,78.1,207263,153.7,6.68,4.4,69.1,Morogoro,12,2010,2,Short Rains,0,0,5,27,67,17,16.4,66143,60.2,24.3,807609,1051539,978255,814602
26.9,284.6,40.8,434335,22.6,7.6,4.25,99.8,Morogoro,1,2011,5,Hot,1,0,5,27,67,17,16.4,66143,152.5,27.6,814602,991966,1028043,1704253
32.5,44.6,72.9,492656,52.4,6.61,1.25,79.2,Morogoro,2,2011,1,Hot,0,0,5,27,67,17,16.4,66143,32.5,32.2,1704253,807609,1327328,1895484
33.4,125.2,59.4,349469,193.7,7.54,3.61,81.4,Morogoro,3,2011,1,Rainy,0,0,5,27,67,17,16.4,66143,177.5,33.3,1895484,814602,1051539,1389725
23.7,130.8,79.4,69152,125.4,7.71,3.04,42.2,Morogoro,4,2011,4,Rainy,0,0,5,27,67,17,16.4,66143,132.3,23.0,1389725,1704253,991966,350752
21.6,34.8,58.8,368940,121.8,7.46,4.58,78.1,Morogoro,5,2011,6,Rainy,1,0,5,27,67,17,16.4,66143,41.9,21.4,350752,1895484,807609,1416976
29.0,232.9,80.9,501430,71.0,8.49,4.04,54.7,Morogoro,6,2011,2,Dry,0,0,5,27,67,17,16.4,66143,337.1,28.6,1416976,1389725,814602,2080996
27.9,152.6,75.5,171654,143.7,8.23,2.58,81.5,Morogoro,7,2011,4,Dry,0,0,5,27,67,17,16.4,66143,141.6,29.0,2080996,350752,1704253,807884
22.6,272.5,93.3,456646,95.7,8.15,1.04,21.8,Morogoro,8,2011,0,Dry,0,0,5,27,67,17,16.4,66143,233.5,22.4,807884,1416976,1895484,1507643
23.7,194.8,58.9,252814,68.4,7.77,4.25,15.7,Morogoro,9,2011,3,Dry,0,0,5,27,67,17,16.4,66143,208.3,24.5,1507643,2080996,1389725,1089037
25.7,25.6,67.3,90750,139.1,6.87,1.12,21.4,Morogoro,10,2011,5,Dry,1,0,5,27,67,17,16.4,66143,23.3,24.4,1089037,807884,350752,442602
31.9,136.3,86.0,181463,65.5,7.09,3.8,64.7,Morogoro,11,2011,1,Rainy,0,0,5,27,67,17,16.4,66143,80.6,30.8,442602,1507643,1416976,706938
30.9,214.6,60.9,159575,32.5,7.85,3.21,22.2,Morogoro,12,2011,3,Short Rains,0,0,5,27,67,17,16.4,66143,238.6,31.2,706938,1089037,2080996,586990
30.3,166.8,59.8,145412,139.5,6.79,3.9,65.3,Morogoro,1,2012,6,Hot,1,0,5,27,67,17,16.4,66143,149.8,30.9,586990,442602,807884,589947
26.6,289.8,55.0,359734,172.5,8.05,2.1,54.8,Morogoro,2,2012,2,Hot,0,0,5,27,67,17,16.4,66143,283.2,25.8,589947,706938,1507643,1127738
29.5,160.7,50.8,508122,54.4,6.66,3.47,16.2,Morogoro,3,2012,3,Rainy,0,0,5,27,67,17,16.4,66143,106.4,28.7,1127738,586990,1089037,1738430
34.7,98.4,94.0,425891,117.7,6.73,1.46,44.4,Morogoro,4,2012,6,Rainy,1,0,5,27,67,17,16.4,66143,93.3,33.7,1738430,589947,442602,1661517
28.3,87.0,41.0,93817,99.4,8.07,1.69,43.1,Morogoro,5,2012,1,Rainy,0,0,5,27,67,17,16.4,66143,49.6,27.4,1661517,1127738,706938,428758
31.8,35.9,68.1,279971,173.0,7.63,3.62,70.5,Morogoro,6,2012,4,Dry,0,0,5,27,67,17,16.4,66143,46.5,31.6,428758,1738430,586990,1199125
26.7,169.5,79.7,72720,47.1,7.22,3.79,43.4,Morogoro,7,2012,6,Dry,1,0,5,27,67,17,16.4,66143,232.7,27.3,1199125,1661517,589947,319029
32.8,237.6,42.9,436092,24.4,6.89,3.89,85.2,Morogoro,8,2012,2,Dry,0,0,5,27,67,17,16.4,66143,131.8,32.5,319029,428758,1127738,1328391
25.8,163.0,93.8,392461,68.0,7.29,2.8,73.8,Morogoro,9,2012,5,Dry,1,0,5,27,67,17,16.4,66143,234.2,25.0,1328391,1199125,1738430,1585948
31.4,146.2,46.6,321571,153.0,8.48,1.18,87.7,Morogoro,10,2012,0,Dry,0,0,5,27,67,17,16.4,66143,121.9,31.1,1585948,319029,1661517,1083691
29.9,189.2,89.2,404656,195.3,8.41,4.12,18.4,Morogoro,11,2012,3,Rainy,0,0,5,27,67,17,16.4,66143,121.8,29.1,1083691,1328391,428758,1676487
31.9,295.4,93.2,205467,44.1,6.8,4.24,95.4,Morogoro,12,2012,5,Short Rains,1,0,5,27,67,17,16.4,66143,255.7,32.8,1676487,1585948,1199125,736334
33.3,70.9,71.8,238499,74.9,7.23,4.08,84.1,Morogoro,1,2013,1,Hot,0,0,5,27,67,17,16.4,66143,51.1,31.7,736334,1083691,319029,810412
29.1,291.5,94.4,234253,47.1,6.86,4.15,45.5,Morogoro,2,2013,4,Hot,0,0,5,27,67,17,16.4,66143,205.2,30.1,810412,1676487,1328391,893763
29.0,61.0,55.0,461222,45.7,8.03,1.32,85.5,Morogoro,3,2013,4,Rainy,0,0,5,27,67,17,16.4,66143,83.1,28.5,893763,736334,1585948,1551406
27.3,51.6,65.8,482776,162.1,7.15,2.33,84.9,Morogoro,4,2013,0,Rainy,0,0,5,27,67,17,16.4,66143,30.1,28.4,1551406,810412,1083691,1546988
22.5,136.7,84.5,205296,179.7,6.74,0.79,95.3,Morogoro,5,2013,2,Rainy,0,0,5,27,67,17,16.4,66143,204.1,23.5,1546988,893763,1676487,819144
31.6,7.3,80.1,366426,65.8,8.29,3.11,21.1,Morogoro,6,2013,5,Dry,1,0,5,27,67,17,16.4,66143,4.6,32.6,819144,1551406,736334,1657773
33.9,92.9,63.5,399013,114.2,8.07,2.69,91.1,Morogoro,7,2013,0,Dry,0,0,5,27,67,17,16.4,66143,75.5,35.0,1657773,1546988,810412,1265546
20.3,228.4,90.8,97644,187.0,8.41,4.69,87.9,Morogoro,8,2013,3,Dry,0,0,5,27,67,17,16.4,66143,299.3,20.3,1265546,819144,893763,404026
27.0,220.9,60.5,331490,183.6,6.53,2.47,18.7,Morogoro,9,2013,6,Dry,1,0,5,27,67,17,16.4,66143,259.4,28.0,404026,1657773,1551406,1067417
23.6,66.0,79.1,387474,67.6,7.64,0.58,33.4,Morogoro,10,2013,1,Dry,0,0,5,27,67,17,16.4,66143,59.0,23.2,1067417,1265546,1546988,1263749
26.6,200.0,75.4,444459,39.9,8.08,1.04,36.8,Morogoro,11,2013,4,Rainy,0,0,5,27,67,17,16.4,66143,137.3,26.2,1263749,404026,819144,1360946
23.4,124.5,64.2,392961,73.1,8.09,1.42,25.3,Morogoro,12,2013,6,Short Rains,1,0,5,27,67,17,16.4,66143,67.3,22.5,1360946,1067417,1657773,1233530
30.4,171.7,62.1,164835,19.2,7.6,2.08,19.7,Morogoro,1,2014,2,Hot,0,0,5,27,67,17,16.4,66143,162.1,29.4,1233530,1263749,1265546,664951
26.7,20.0,51.7,345407,57.5,7.86,3.53,34.2,Morogoro,2,2014,5,Hot,1,0,5,27,67,17,16.4,66143,19.7,26.2,664951,1360946,404026,1179892
22.2,145.2,77.3,125446,41.7,7.24,2.94,54.3,Morogoro,3,2014,5,Rainy,1,0,5,27,67,17,16.4,66143,85.4,21.3,1179892,1233530,1067417,555500
32.6,285.2,45.7,482648,147.3,8.18,2.94,74.0,Morogoro,4,2014,1,Rainy,0,0,5,27,67,17,16.4,66143,216.0,32.8,555500,664951,1263749,1620092
30.1,233.1,63.5,231928,50.6,6.59,0.94,88.4,Morogoro,5,2014,3,Rainy,0,0,5,27,67,17,16.4,66143,293.3,31.1,1620092,1179892,1360946,747296
21.7,43.0,93.3,479943,73.0,7.98,0.68,47.8,Morogoro,6,2014,6,Dry,1,0,5,27,67,17,16.4,66143,46.0,21.0,747296,555500,1233530,1993309
31.3,38.6,51.7,405896,44.9,8.03,3.99,67.9,Morogoro,7,2014,1,Dry,0,0,5,27,67,17,16.4,66143,56.4,30.3,1993309,1620092,664951,1539992
24.0,208.9,85.4,100689,53.3,8.27,3.23,44.0,Morogoro,8,2014,4,Dry,0,0,5,27,67,17,16.4,66143,308.5,24.0,1539992,747296,1179892,423311
27.4,93.7,51.3,414606,111.8,7.34,2.59,62.2,Morogoro,9,2014,0,Dry,0,0,5,27,67,17,16.4,66143,100.1,28.2,423311,1993309,555500,1347208
32.3,53.3,52.4,213474,39.8,7.32,1.1,42.1,Morogoro,10,2014,2,Dry,0,0,5,27,67,17,16.4,66143,58.3,32.6,1347208,1539992,1620092,1019358
27.4,32.0,59.6,113708,137.4,8.31,2.65,96.0,Morogoro,11,2014,5,Rainy,1,0,5,27,67,17,16.4,66143,38.1,26.1,1019358,423311,747296,557343
27.9,186.2,69.6,297040,76.4,7.89,4.58,73.8,Morogoro,12,2014,0,Short Rains,0,0,5,27,67,17,16.4,66143,170.6,26.7,557343,1347208,1993309,983185
27.2,201.6,55.0,66753,80.4,8.01,0.77,59.2,Morogoro,1,2015,3,Hot,0,0,5,27,67,17,16.4,66143,261.9,26.2,983185,1019358,1539992,356208
22.7,92.5,53.9,200035,142.8,8.25,1.73,91.9,Morogoro,2,2015,6,Hot,1,0,5,27,67,17,16.4,66143,47.3,22.6,356208,557343,423311,777215
23.5,241.9,77.0,102870,84.3,7.33,2.37,32.1,Morogoro,3,2015,6,Rainy,1,0,5,27,67,17,16.4,66143,142.4,23.1,777215,983185,1347208,365566
30.4,139.7,85.7,439146,15.7,7.25,4.48,65.7,Morogoro,4,2015,2,Rainy,0,1,5,27,67,17,16.4,66143,75.4,30.2,365566,356208,1019358,1258867
24.1,263.6,88.9,267373,80.7,7.08,3.05,88.6,Morogoro,5,2015,4,Rainy,0,0,5,27,67,17,16.4,66143,361.7,25.2,1258867,777215,557343,899727
24.2,89.0,55.2,71992,74.3,8.13,5.0,24.4,Morogoro,6,2015,0,Dry,0,0,5,27,67,17,16.4,66143,103.7,23.2,899727,365566,983185,445141
33.3,172.2,79.1,476309,15.4,7.81,0.59,38.8,Morogoro,7,2015,2,Dry,0,0,5,27,67,17,16.4,66143,161.6,33.2,445141,1258867,356208,1976720
21.4,243.3,60.7,329308,39.9,8.42,1.41,24.7,Morogoro,8,2015,5,Dry,1,1,5,27,67,17,16.4,66143,289.5,20.5,1976720,899727,777215,1195701
29.3,46.5,55.4,377906,142.0,7.87,3.37,72.7,Morogoro,9,2015,1,Dry,0,0,5,27,67,17,16.4,66143,23.9,28.4,1195701,445141,365566,1541012
32.9,67.9,84.2,420101,104.8,8.17,4.28,84.5,Morogoro,10,2015,3,Dry,0,0,5,27,67,17,16.4,66143,82.7,33.4,1541012,1976720,1258867,1557040
22.9,32.0,69.6,348269,79.7,7.95,1.28,46.5,Morogoro,11,2015,6,Rainy,1,0,5,27,67,17,16.4,66143,17.3,22.0,1557040,1195701,899727,1517388
30.0,63.2,58.3,286625,33.3,7.4,4.99,25.6,Morogoro,12,2015,1,Short Rains,0,0,5,27,67,17,16.4,66143,31.9,31.5,1517388,1541012,445141,944628
30.0,246.0,40.2,157327,124.4,7.22,3.07,71.6,Morogoro,1,2016,4,Hot,0,0,5,27,67,17,16.4,66143,348.0,29.3,944628,1557040,1976720,504657
28.4,199.6,75.7,77413,72.4,8.47,4.26,73.0,Morogoro,2,2016,0,Hot,0,0,5,27,67,17,16.4,66143,224.7,27.0,504657,1517388,1195701,377106
29.4,34.3,86.5,184292,99.0,7.45,0.99,23.9,Morogoro,3,2016,1,Rainy,0,0,5,27,67,17,16.4,66143,25.3,28.7,377106,944628,1541012,720295
29.6,131.9,86.1,105055,51.3,7.8,4.19,24.6,Morogoro,4,2016,4,Rainy,0,0,5,27,67,17,16.4,66143,68.5,30.2,720295,504657,1557040,437242
31.8,12.2,48.7,479968,137.6,7.95,3.29,80.7,Morogoro,5,2016,6,Rainy,1,0,5,27,67,17,16.4,66143,6.9,33.3,437242,377106,1517388,1690804
24.2,174.4,60.3,276727,97.5,8.18,3.95,23.4,Morogoro,6,2016,2,Dry,0,0,5,27,67,17,16.4,66143,112.6,23.7,1690804,720295,944628,1185374
29.3,20.5,52.0,215464,76.2,6.91,4.96,90.2,Morogoro,7,2016,4,Dry,0,0,5,27,67,17,16.4,66143,19.8,29.7,1185374,437242,504657,890165
26.7,68.7,43.8,316298,86.5,7.79,3.84,23.8,Morogoro,8,2016,0,Dry,0,0,5,27,67,17,16.4,66143,98.5,26.1,890165,1690804,377106,1204375
30.3,133.9,53.7,400614,68.8,6.82,3.24,30.8,Morogoro,9,2016,3,Dry,0,0,5,27,67,17,16.4,66143,100.3,30.6,1204375,1185374,720295,1342042
27.2,260.7,62.9,146088,172.6,6.94,4.69,89.5,Morogoro,10,2016,5,Dry,1,0,5,27,67,17,16.4,66143,287.5,27.4,1342042,890165,437242,592136
25.3,112.8,93.3,134200,124.2,6.54,1.8,11.5,Morogoro,11,2016,1,Rainy,0,0,5,27,67,17,16.4,66143,156.0,26.3,592136,1204375,1690804,675393
23.0,264.5,48.7,375412,157.6,7.82,3.25,55.6,Morogoro,12,2016,3,Short Rains,0,0,5,27,67,17,16.4,66143,318.9,23.1,675393,1342042,1185374,1206476
24.2,5.7,56.6,242563,29.9,6.82,4.53,76.9,Morogoro,1,2017,6,Hot,1,0,5,27,67,17,16.4,66143,4.2,23.3,1206476,592136,890165,852122
32.2,60.8,75.4,474227,81.4,7.16,3.88,55.5,Morogoro,2,2017,2,Hot,0,0,5,27,67,17,16.4,66143,49.0,31.1,852122,675393,1204375,1535205
24.2,121.5,52.5,429351,80.9,8.24,0.83,96.7,Morogoro,3,2017,2,Rainy,0,0,5,27,67,17,16.4,66143,170.7,24.6,1535205,1206476,1342042,1394757
33.3,54.8,67.6,224304,159.4,7.57,3.5,71.7,Morogoro,4,2017,5,Rainy,1,0,5,27,67,17,16.4,66143,51.8,33.0,1394757,852122,592136,966284
22.6,249.0,81.6,345749,17.4,6.52,4.86,30.8,Morogoro,5,2017,0,Rainy,0,0,5,27,67,17,16.4,66143,171.4,22.8,966284,1535205,675393,1096796
24.7,94.0,91.9,474740,60.0,6.9,4.63,25.7,Morogoro,6,2017,3,Dry,0,0,5,27,67,17,16.4,66143,134.7,24.1,1096796,1394757,1206476,1783174
30.5,119.1,54.4,116074,177.3,6.54,1.21,91.2,Morogoro,7,2017,5,Dry,1,0,5,27,67,17,16.4,66143,107.2,29.1,1783174,966284,852122,580460
33.9,103.3,93.8,447138,15.3,6.66,2.72,86.4,Morogoro,8,2017,1,Dry,0,0,5,27,67,17,16.4,66143,75.7,34.0,580460,1096796,1535205,1416641
24.2,162.6,80.4,89644,72.7,7.57,4.78,11.2,Morogoro,9,2017,4,Dry,0,0,5,27,67,17,16.4,66143,166.6,24.9,1416641,1783174,1394757,462597
25.4,66.0,92.0,438029,152.5,8.41,2.72,61.7,Morogoro,10,2017,6,Dry,1,0,5,27,67,17,16.4,66143,40.6,24.2,462597,580460,966284,1360573
22.0,65.7,51.8,231030,193.1,6.65,2.65,70.0,Morogoro,11,2017,2,Rainy,0,0,5,27,67,17,16.4,66143,67.9,21.4,1360573,1416641,1096796,1096555
23.1,109.9,76.8,321137,124.4,6.88,4.77,50.7,Morogoro,12,2017,4,Short Rains,0,0,5,27,67,17,16.4,66143,107.8,22.0,1096555,462597,1783174,1280314
33.8,295.3,78.3,369447,108.4,7.79,4.41,65.2,Morogoro,1,2018,0,Hot,0,0,5,27,67,17,16.4,66143,184.3,32.8,1280314,1360573,580460,1138364
21.5,227.5,84.7,190908,173.3,7.54,2.45,91.5,Morogoro,2,2018,3,Hot,0,0,5,27,67,17,16.4,66143,287.5,21.3,1138364,1096555,1416641,760523
23.8,298.4,57.3,100089,49.8,7.8,2.47,67.2,Morogoro,3,2018,3,Rainy,0,0,5,27,67,17,16.4,66143,223.9,23.0,760523,1280314,462597,415779
20.7,185.8,49.8,122509,176.5,8.06,3.34,60.3,Morogoro,4,2018,6,Rainy,1,0,5,27,67,17,16.4,66143,93.4,20.5,415779,1138364,1360573,435704
29.8,168.9,40.8,180987,62.0,8.1,3.58,79.4,Morogoro,5,2018,1,Rainy,0,0,5,27,67,17,16.4,66143,177.7,28.9,435704,760523,1096555,694469
25.5,159.6,81.0,288013,32.8,6.75,3.48,42.0,Morogoro,6,2018,4,Dry,0,1,5,27,67,17,16.4,66143,228.5,26.7,694469,415779,1280314,1190759
24.1,166.5,72.8,248292,61.1,8.44,4.62,29.8,Morogoro,7,2018,6,Dry,1,0,5,27,67,17,16.4,66143,234.5,24.6,1190759,435704,1138364,1087689
28.5,5.8,60.6,393993,154.0,7.99,4.8,43.9,Morogoro,8,2018,2,Dry,0,0,5,27,67,17,16.4,66143,3.1,27.8,1087689,694469,760523,1273745
23.2,193.9,41.2,154830,33.8,7.44,3.45,50.0,Morogoro,9,2018,5,Dry,1,0,5,27,67,17,16.4,66143,267.1,23.6,1273745,1190759,415779,572905
24.1,76.7,70.7,164965,93.4,7.95,4.68,51.7,Morogoro,10,2018,0,Dry,0,0,5,27,67,17,16.4,66143,69.9,23.4,572905,1087689,435704,756026
24.2,98.4,42.8,123923,43.6,6.92,3.32,67.1,Morogoro,11,2018,3,Rainy,0,0,5,27,67,17,16.4,66143,58.8,23.8,756026,1273745,694469,608876
33.3,229.7,55.6,70408,136.4,7.66,3.36,59.9,Morogoro,12,2018,5,Short Rains,1,0,5,27,67,17,16.4,66143,216.2,34.1,608876,572905,1190759,358068
24.4,275.6,89.0,95232,132.6,8.29,4.81,60.3,Morogoro,1,2019,1,Hot,0,0,5,27,67,17,16.4,66143,308.0,25.0,358068,756026,1087689,425294
34.2,78.4,80.4,141066,175.1,6.97,2.45,36.3,Morogoro,2,2019,4,Hot,0,0,5,27,67,17,16.4,66143,79.8,33.1,425294,608876,1273745,598572
28.0,202.7,45.5,87490,71.1,8.17,4.05,78.6,Morogoro,3,2019,4,Rainy,0,0,5,27,67,17,16.4,66143,230.2,27.0,598572,358068,572905,395879
28.4,149.2,94.8,86408,149.8,6.93,3.98,89.0,Morogoro,4,2019,0,Rainy,0,0,5,27,67,17,16.4,66143,99.8,29.3,395879,425294,756026,447600
23.9,2.8,75.0,452958,14.3,6.61,2.96,60.1,Morogoro,5,2019,2,Rainy,0,0,5,27,67,17,16.4,66143,4.2,24.9,447600,598572,608876,1732462
25.9,44.7,49.2,354875,49.6,7.06,3.67,43.8,Morogoro,6,2019,5,Dry,1,0,5,27,67,17,16.4,66143,54.0,26.8,1732462,395879,358068,1291054
34.8,41.9,48.0,236719,161.8,6.58,3.31,76.0,Morogoro,7,2019,0,Dry,0,0,5,27,67,17,16.4,66143,38.7,34.1,1291054,447600,425294,973810
32.1,72.6,72.2,78546,198.4,8.26,0.75,47.5,Morogoro,8,2019,3,Dry,0,0,5,27,67,17,16.4,66143,37.1,31.7,973810,1732462,598572,445120
25.8,210.6,69.8,389490,31.3,7.11,3.26,68.9,Morogoro,9,2019,6,Dry,1,0,5,27,67,17,16.4,66143,279.2,25.8,445120,1291054,395879,1526459
29.6,191.6,40.6,244293,180.8,7.99,3.99,80.7,Morogoro,10,2019,1,Dry,0,0,5,27,67,17,16.4,66143,193.5,28.9,1526459,973810,447600,1030293
22.4,15.5,83.5,212960,121.2,6.64,4.45,71.5,Morogoro,11,2019,4,Rainy,0,0,5,27,67,17,16.4,66143,8.5,23.1,1030293,445120,1732462,865781
20.3,99.2,66.2,276125,125.2,6.6,2.87,87.4,Morogoro,12,2019,6,Short Rains,1,0,5,27,67,17,16.4,66143,100.0,20.3,865781,1526459,1291054,1063738
34.9,11.4,86.8,97350,102.8,8.21,1.37,85.6,Morogoro,1,2020,2,Hot,0,0,5,27,67,17,16.4,66143,9.0,34.0,1063738,1030293,973810,496994
30.7,288.9,91.1,227299,83.6,8.31,2.22,85.0,Morogoro,2,2020,5,Hot,1,0,5,27,67,17,16.4,66143,354.0,30.1,496994,865781,445120,889648
22.5,32.6,87.5,67380,140.4,7.01,4.08,30.8,Morogoro,3,2020,6,Rainy,1,0,5,27,67,17,16.4,66143,18.8,23.0,889648,1063738,1526459,458526
33.8,11.2,75.9,356352,30.0,7.26,0.89,89.1,Morogoro,4,2020,2,Rainy,0,0,5,27,67,17,16.4,66143,7.6,32.4,458526,496994,1030293,1377631
33.8,155.2,83.7,384736,36.2,7.45,2.42,36.6,Morogoro,5,2020,4,Rainy,0,0,5,27,67,17,16.4,66143,140.4,35.4,1377631,889648,865781,1139656
26.5,256.8,91.1,442281,162.5,6.64,4.49,18.6,Morogoro,6,2020,0,Dry,0,0,5,27,67,17,16.4,66143,228.2,26.4,1139656,458526,1063738,1735830
28.0,283.9,48.7,291856,173.0,8.08,3.54,70.4,Morogoro,7,2020,2,Dry,0,0,5,27,67,17,16.4,66143,285.1,27.8,1735830,1377631,496994,975410
31.0,223.4,78.1,496679,117.3,7.46,4.27,28.5,Morogoro,8,2020,5,Dry,1,0,5,27,67,17,16.4,66143,192.0,31.8,975410,1139656,889648,1473586
29.4,18.5,58.6,202532,143.1,7.13,3.6,61.7,Morogoro,9,2020,1,Dry,0,0,5,27,67,17,16.4,66143,10.4,30.0,1473586,1735830,458526,865780
23.2,95.2,63.2,506646,132.7,6.77,1.86,91.3,Morogoro,10,2020,3,Dry,0,0,5,27,67,17,16.4,66143,63.4,23.6,865780,975410,1377631,1689495
34.6,18.3,92.9,444593,127.7,7.42,2.9,59.7,Morogoro,11,2020,6,Rainy,1,0,5,27,67,17,16.4,66143,25.4,35.6,1689495,1473586,1139656,1459053
27.6,179.6,74.4,135892,171.2,7.44,3.65,98.3,Morogoro,12,2020,1,Short Rains,0,0,5,27,67,17,16.4,66143,189.8,28.7,1459053,865780,1735830,659324
32.5,45.4,46.3,362540,171.3,7.64,1.41,62.8,Morogoro,1,2021,4,Hot,0,0,5,27,67,17,16.4,66143,58.6,33.7,659324,1689495,975410,1344261
32.6,92.5,79.3,258942,57.1,8.44,2.13,51.2,Morogoro,2,2021,0,Hot,0,0,5,27,67,17,16.4,66143,92.5,32.6,1344261,1459053,1473586,1181131
25.9,224.9,48.7,87909,54.6,7.82,3.01,16.5,Morogoro,3,2021,0,Rainy,0,0,5,27,67,17,16.4,66143,151.1,24.7,1181131,659324,865780,399087
28.7,113.2,77.7,334322,81.0,6.54,3.4,59.9,Morogoro,4,2021,3,Rainy,0,0,5,27,67,17,16.4,66143,166.6,29.3,399087,1344261,1689495,1209875
24.4,86.9,76.5,471371,79.5,8.16,3.74,74.1,Morogoro,5,2021,5,Rainy,1,0,5,27,67,17,16.4,66143,48.8,25.2,1209875,1181131,1459053,1693715
33.5,64.6,76.7,424621,183.1,6.88,3.98,70.3,Morogoro,6,2021,1,Dry,0,0,5,27,67,17,16.4,66143,68.9,33.4,1693715,399087,659324,1497155
33.2,122.7,58.7,123870,168.1,8.11,1.82,66.6,Morogoro,7,2021,3,Dry,0,0,5,27,67,17,16.4,66143,181.2,33.4,1497155,1209875,1344261,640603
33.9,269.9,66.5,300818,158.9,7.08,2.36,50.3,Morogoro,8,2021,6,Dry,1,0,5,27,67,17,16.4,66143,296.4,34.2,640603,1693715,1181131,1286711
26.3,52.5,47.1,360963,197.4,8.49,1.19,92.6,Morogoro,9,2021,2,Dry,0,0,5,27,67,17,16.4,66143,70.5,26.1,1286711,1497155,399087,1602774
30.6,178.9,52.5,109101,58.6,8.01,0.52,16.5,Morogoro,10,2021,4,Dry,0,0,5,27,67,17,16.4,66143,238.7,31.0,1602774,640603,1209875,467856
21.5,191.1,58.4,419001,71.6,8.25,4.23,17.8,Morogoro,11,2021,0,Rainy,0,0,5,27,67,17,16.4,66143,214.4,20.5,467856,1286711,1693715,1328654
20.8,297.1,52.4,339346,166.9,6.65,4.85,70.0,Morogoro,12,2021,2,Short Rains,0,0,5,27,67,17,16.4,66143,295.0,20.3,1328654,1602774,1497155,1385042
27.3,166.8,45.2,258562,95.3,8.41,3.12,45.1,Morogoro,1,2022,5,Hot,1,0,5,27,67,17,16.4,66143,97.2,26.1,1385042,467856,640603,844867
28.4,46.0,64.3,501628,178.0,7.76,4.86,97.2,Morogoro,2,2022,1,Hot,0,0,5,27,67,17,16.4,66143,45.6,28.1,844867,1328654,1286711,1991594
27.0,132.1,43.2,143603,55.2,7.03,4.51,56.3,Morogoro,3,2022,1,Rainy,0,1,5,27,67,17,16.4,66143,189.3,26.0,1991594,1385042,1602774,598257
27.9,221.7,58.4,462787,118.8,7.87,3.52,70.8,Morogoro,4,2022,4,Rainy,0,0,5,27,67,17,16.4,66143,319.2,26.9,598257,844867,467856,1387575
30.3,159.4,76.5,315498,20.9,8.34,1.26,63.9,Morogoro,5,2022,6,Rainy,1,0,5,27,67,17,16.4,66143,152.4,29.7,1387575,1991594,1328654,1036924
22.8,290.1,55.0,346579,166.7,6.67,3.78,73.4,Morogoro,6,2022,2,Dry,0,1,5,27,67,17,16.4,66143,183.3,22.6,1036924,598257,1385042,955152
27.5,104.4,67.5,405722,154.9,6.66,1.74,68.7,Morogoro,7,2022,4,Dry,0,0,5,27,67,17,16.4,66143,116.2,26.1,955152,1387575,844867,1264220
24.6,243.5,95.0,254405,115.9,8.42,2.36,71.9,Morogoro,8,2022,0,Dry,0,0,5,27,67,17,16.4,66143,156.0,25.3,1264220,1036924,1991594,1002372
23.6,77.4,87.5,414982,26.2,6.91,2.01,10.6,Morogoro,9,2022,3,Dry,0,0,5,27,67,17,16.4,66143,89.9,24.3,1002372,955152,598257,1388330
26.5,70.4,42.4,324722,10.3,8.03,4.99,64.2,Morogoro,10,2022,5,Dry,1,0,5,27,67,17,16.4,66143,90.1,25.7,1388330,1264220,1387575,1335729
24.7,204.0,58.7,217905,61.2,7.98,1.28,28.9,Morogoro,11,2022,1,Rainy,0,0,5,27,67,17,16.4,66143,293.5,25.2,1335729,1002372,1036924,860351
27.0,92.8,46.5,396750,165.4,6.81,4.17,98.4,Morogoro,12,2022,3,Short Rains,0,0,5,27,67,17,16.4,66143,110.6,25.8,860351,1388330,955152,1363747
34.4,181.7,54.0,257185,91.8,7.9,3.2,84.5,Morogoro,1,2023,6,Hot,1,0,5,27,67,17,16.4,66143,188.1,35.9,1363747,1335729,1264220,792072
31.5,105.3,82.1,224498,192.3,7.61,0.54,75.7,Morogoro,2,2023,2,Hot,0,0,5,27,67,17,16.4,66143,92.7,32.5,792072,860351,1002372,955363
28.5,19.6,61.9,480062,196.5,7.88,4.99,50.8,Morogoro,3,2023,2,Rainy,0,0,5,27,67,17,16.4,66143,14.1,28.0,955363,1363747,1388330,2108542
29.9,26.6,75.0,474099,75.0,6.99,4.92,64.3,Morogoro,4,2023,5,Rainy,1,1,5,27,67,17,16.4,66143,39.5,29.5,2108542,792072,1335729,1540465
34.2,189.3,79.0,321430,150.9,7.8,4.91,53.0,Morogoro,5,2023,0,Rainy,0,0,5,27,67,17,16.4,66143,184.0,33.3,1540465,955363,860351,1378438
24.0,246.4,62.7,506183,130.0,7.44,2.06,36.8,Morogoro,6,2023,3,Dry,0,1,5,27,67,17,16.4,66143,327.2,23.7,1378438,2108542,1363747,1707798
32.4,9.3,64.7,187587,87.2,7.24,2.45,40.9,Morogoro,7,2023,5,Dry,1,1,5,27,67,17,16.4,66143,11.2,33.4,1707798,1540465,792072,774727
26.6,91.6,79.6,508594,109.4,7.73,3.28,16.3,Morogoro,8,2023,1,Dry,0,0,5,27,67,17,16.4,66143,83.7,27.0,774727,1378438,955363,1759942
32.4,20.7,69.4,131606,176.3,7.7,4.29,25.9,Morogoro,9,2023,4,Dry,0,0,5,27,67,17,16.4,66143,17.9,33.4,1759942,1707798,2108542,653168
29.8,105.3,63.0,417169,197.2,6.97,1.01,10.6,Morogoro,10,2023,6,Dry,1,0,5,27,67,17,16.4,66143,87.3,28.6,653168,774727,1540465,1513818
24.9,43.1,65.5,275011,92.1,7.11,3.94,94.8,Morogoro,11,2023,2,Rainy,0,0,5,27,67,17,16.4,66143,26.8,24.2,1513818,1759942,1378438,1099124
22.9,172.6,70.6,291950,155.1,6.78,0.81,54.8,Morogoro,12,2023,4,Short Rains,0,0,5,27,67,17,16.4,66143,168.7,22.9,1099124,653168,1707798,1279031
30.3,54.2,74.2,289525,147.6,7.39,2.79,21.4,Morogoro,1,2024,0,Hot,0,0,5,27,67,17,16.4,66143,46.1,30.0,1279031,1513818,774727,1064869
26.1,132.8,84.4,507221,176.2,7.29,1.72,79.7,Morogoro,2,2024,3,Hot,0,0,5,27,67,17,16.4,66143,179.5,24.9,1064869,1099124,1759942,1709138
26.8,35.6,82.1,371968,37.9,6.77,0.61,99.9,Morogoro,3,2024,4,Rainy,0,0,5,27,67,17,16.4,66143,47.4,25.6,1709138,1279031,653168,1219727
32.9,63.2,49.7,291311,23.4,7.24,2.93,64.7,Morogoro,4,2024,0,Rainy,0,0,5,27,67,17,16.4,66143,48.5,34.0,1219727,1064869,1513818,1126284
28.9,243.2,47.7,199364,151.8,7.4,2.08,79.3,Morogoro,5,2024,2,Rainy,0,0,5,27,67,17,16.4,66143,149.7,30.2,1126284,1709138,1099124,865552
20.8,211.9,79.3,99521,108.9,8.04,2.45,19.8,Morogoro,6,2024,5,Dry,1,0,5,27,67,17,16.4,66143,188.4,21.1,865552,1219727,1279031,367072
28.6,208.8,45.4,363524,65.6,7.53,3.71,14.1,Morogoro,7,2024,0,Dry,0,0,5,27,67,17,16.4,66143,203.5,28.7,367072,1126284,1064869,1432277
33.0,192.0,93.5,243151,40.0,7.17,4.69,50.8,Morogoro,8,2024,3,Dry,0,0,5,27,67,17,16.4,66143,194.5,32.2,1432277,865552,1709138,835119
26.2,221.2,93.2,124532,25.5,7.26,1.77,70.0,Morogoro,9,2024,6,Dry,1,1,5,27,67,17,16.4,66143,257.7,26.7,835119,367072,1219727,512204
25.3,242.8,89.3,472271,115.6,7.86,4.06,78.8,Morogoro,10,2024,1,Dry,0,0,5,27,67,17,16.4,66143,251.2,25.5,512204,1432277,1126284,1957761
27.4,142.7,74.3,147197,192.1,7.29,3.19,32.6,Morogoro,11,2024,4,Rainy,0,0,5,27,67,17,16.4,66143,196.7,27.5,1957761,835119,865552,559929
22.0,40.6,45.7,399272,181.0,6.6,2.95,23.0,Morogoro,12,2024,6,Short Rains,1,0,5,27,67,17,16.4,66143,43.7,22.3,559929,512204,367072,1601439
